ranking_prioridad,segmento_id,conjunto,pais_imagenes,n_fotogramas,civ,lat,lon,geohash7,longitud_m,fecha_captura,fuente_sensor,n_grieta_longitudinal,n_grieta_transversal,n_piel_cocodrilo,n_baches,area_danada_pct,score_grieta_longitudinal,score_grieta_transversal,score_piel_cocodrilo,score_baches,score_visual_pci,iri_m_km,score_rugosidad,score_condicion,score_condicion_p05,score_condicion_p95,estado,confianza_estado,prob_malo_o_peor,incertidumbre,score_social,score_movilidad,score_seguridad_vial,score_clima,score_importancia,score_prioridad,nivel_prioridad,dist_colegio_m,colegios_500m,dist_hospital_m,siniestros_250m,lluvia_30d_mm,pendiente_pct,ip_umv,descripcion,accion_recomendada,urgencia,fuente_descripcion,version_modelo,run_id,score_condicion_real,estado_real,justificacion
1,T1-IN-0056,despliegue,India,10,8007695,4.616565,-74.157675,d2g6282,48.0,2026-06-13 12:50,sim_pred,7,0,0,34,2.68,100.0,100.0,85.5,46.7,41.6,11.07,16.3,32.8,15.9,49.6,muy_malo,0.786,0.987,1.81,80.29,71.73,80.42,75.23,77.33,84.27,alta,37.0,1,465.0,57,77.8,4.2,27.87,"Segmento de 48 m en estado muy malo: índice de condición 33/100 (intervalo 90 %: 16–50). Detecciones: 7 grietas longitudinales, 34 baches. Rugosidad IRI 11.1 m/km. Contexto: colegio a 37 m, hospital a 465 m, 57 siniestros a 250 m. Prioridad alta (84/100).",rehabilitacion,inmediata_30_dias,plantilla,det=detector_cpu;fusion=ensamble10,20260930-2219,,,Daño dominante: baches; acción según estado muy malo.
2,TR-IN-0190,test,India,10,8011324,4.601752,-74.137102,d2g60vx,90.2,2026-06-15 12:51,sim_gt,0,0,4,64,7.84,100.0,100.0,82.1,39.5,33.2,14.6,8.6,24.6,7.8,41.5,muy_malo,0.942,0.999,1.96,99.84,71.73,41.54,80.77,75.42,83.39,alta,1333.0,0,61.0,26,81.2,1.1,46.58,"Segmento de 90 m en estado muy malo: índice de condición 25/100 (intervalo 90 %: 8–42). Detecciones: 4 piel de cocodrilo, 64 baches. Rugosidad IRI 14.6 m/km. Contexto: hospital a 61 m, 26 siniestros a 250 m. Prioridad alta (83/100).",rehabilitacion,inmediata_30_dias,plantilla,det=detector_cpu;fusion=ensamble10,20260930-2219,14.6,muy_malo,Daño dominante: baches; acción según estado muy malo.
3,T2-IN-0046,despliegue,India,10,15000785,4.588278,-74.095777,d2g61gm,51.7,2026-07-26 10:10,sim_pred,14,0,4,40,5.51,100.0,100.0,80.4,36.5,29.6,15.94,6.8,21.6,4.8,38.5,muy_malo,0.97,1.0,1.32,72.45,84.96,66.08,36.65,75.24,82.11,alta,1236.0,0,427.0,50,43.6,1.9,31.24,"Segmento de 52 m en estado muy malo: índice de condición 22/100 (intervalo 90 %: 5–38). Detecciones: 14 grietas longitudinales, 4 piel de cocodrilo, 40 baches. Rugosidad IRI 15.9 m/km. Contexto: hospital a 427 m, 50 siniestros a 250 m. Prioridad alta (82/100).",rehabilitacion,inmediata_30_dias,plantilla,det=detector_cpu;fusion=ensamble10,20260930-2219,,,Daño dominante: baches; acción según estado muy malo.
4,TR-IN-0464,test,India,10,7004910,4.611457,-74.196249,d2g4px7,54.1,2026-07-30 12:27,sim_gt,0,0,5,11,11.35,100.0,100.0,81.0,47.8,41.2,12.37,12.9,31.3,14.5,48.1,muy_malo,0.822,0.991,2.52,80.29,84.96,59.86,3.03,76.82,81.95,alta,171.0,8,288.0,30,16.8,1.8,31.91,"Segmento de 54 m en estado muy malo: índice de condición 31/100 (intervalo 90 %: 14–48). Detecciones: 5 piel de cocodrilo, 11 baches. Rugosidad IRI 12.4 m/km. Contexto: colegio a 171 m, hospital a 288 m, 30 siniestros a 250 m. Prioridad alta (82/100).",rehabilitacion,inmediata_30_dias,plantilla,det=detector_cpu;fusion=ensamble10,20260930-2219,31.7,muy_malo,Daño dominante: baches; acción según estado muy malo.
5,T2-IN-0010,despliegue,India,10,1002088,4.738987,-74.027932,d2g6gqw,46.1,2026-06-23 07:27,sim_pred,4,0,16,16,10.44,100.0,100.0,72.6,59.8,50.3,12.42,12.8,37.1,20.3,54.0,muy_malo,0.642,0.963,2.78,98.78,84.96,68.17,99.24,86.29,80.23,alta,7886.0,0,328.0,44,170.0,0.0,48.45,"Segmento de 46 m en estado muy malo: índice de condición 37/100 (intervalo 90 %: 20–54). Detecciones: 4 grietas longitudinales, 16 piel de cocodrilo, 16 baches. Rugosidad IRI 12.4 m/km. Contexto: hospital a 328 m, 44 siniestros a 250 m. Prioridad alta (80/100).",rehabilitacion,inmediata_30_dias,plantilla,det=detector_cpu;fusion=ensamble10,20260930-2219,,,Daño dominante: baches; acción según estado muy malo.
6,TR-IN-0263,test,India,10,8014105,4.611825,-74.160982,d2g60rt,49.7,2026-06-28 12:20,sim_gt,10,0,9,12,10.64,100.0,100.0,74.4,55.7,46.7,12.62,12.4,34.7,17.8,51.5,muy_malo,0.729,0.98,1.92,80.29,100.0,90.59,62.52,89.76,80.1,alta,447.0,1,923.0,81,65.9,0.0,44.29,"Segmento de 50 m en estado muy malo: índice de condición 35/100 (intervalo 90 %: 18–52). Detecciones: 10 grietas longitudinales, 9 piel de cocodrilo, 12 baches. Rugosidad IRI 12.6 m/km. Contexto: colegio a 447 m, hospital a 923 m, 81 siniestros a 250 m. Prioridad alta (80/100).",rehabilitacion,inmediata_30_dias,plantilla,det=detector_cpu;fusion=ensamble10,20260930-2219,31.7,muy_malo,Daño dominante: baches; acción según estado muy malo.
7,T1-IN-0058,despliegue,India,10,13001913,4.629578,-74.082045,d2g664z,46.6,2026-06-29 08:56,sim_pred,1,0,2,11,6.29,100.0,100.0,82.5,50.6,44.5,12.01,13.8,33.7,16.9,50.6,muy_malo,0.757,0.984,2.13,95.5,71.73,97.76,55.01,87.74,79.86,alta,5371.0,0,298.0,158,57.9,0.0,42.38,"Segmento de 47 m en estado muy malo: índice de condición 34/100 (intervalo 90 %: 17–51). Detecciones: 1 grietas longitudinales, 2 piel de cocodrilo, 11 baches. Rugosidad IRI 12.0 m/km. Contexto: hospital a 298 m, 158 siniestros a 250 m. Prioridad alta (80/100).",rehabilitacion,inmediata_30_dias,plantilla,det=detector_cpu;fusion=ensamble10,20260930-2219,,,Daño dominante: baches; acción según estado muy malo.
8,T2-JA-0051,despliegue,Japan,10,1005776,4.685448,-74.036144,d2g6ekb,90.6,2026-09-08 08:51,sim_pred,48,0,37,5,21.24,100.0,100.0,61.3,71.6,51.4,9.09,23.3,41.5,24.7,58.4,malo,0.435,0.915,2.7,99.67,100.0,67.41,84.79,91.72,79.76,alta,7232.0,0,918.0,54,89.0,0.0,62.18,"Segmento de 91 m en estado malo: índice de condición 42/100 (intervalo 90 %: 25–58). Detecciones: 48 grietas longitudinales, 37 piel de cocodrilo, 5 baches. Rugosidad IRI 9.1 m/km. Contexto: hospital a 918 m, 54 siniestros a 250 m. Prioridad alta (80/100).",rehabilitacion,inmediata_30_dias,plantilla,det=detector_cpu;fusion=ensamble10,20260930-2219,,,Daño dominante: piel de cocodrilo; acción según estado malo.
9,T1-IN-0003,despliegue,India,10,8014481,4.611387,-74.159001,d2g60rr,67.5,2026-07-14 09:11,sim_pred,0,0,39,15,18.17,100.0,100.0,66.5,54.1,42.3,11.75,14.4,32.6,15.7,49.4,muy_malo,0.79,0.988,2.12,84.12,100.0,67.41,5.84,85.5,79.65,alta,561.0,0,819.0,45,20.4,1.5,45.97,"Segmento de 68 m en estado muy malo: índice de condición 33/100 (intervalo 90 %: 16–49). Detecciones: 39 piel de cocodrilo, 15 baches. Rugosidad IRI 11.8 m/km. Contexto: hospital a 819 m, 45 siniestros a 250 m. Prioridad alta (80/100).",rehabilitacion,inmediata_30_dias,plantilla,det=detector_cpu;fusion=ensamble10,20260930-2219,,,Daño dominante: baches; acción según estado muy malo.
10,T2-JA-0118,despliegue,Japan,10,8007519,4.617097,-74.16489,d2g622d,42.5,2026-09-15 11:12,sim_pred,15,0,36,20,19.83,100.0,100.0,59.2,57.2,42.9,12.42,12.8,32.4,15.5,49.2,muy_malo,0.794,0.988,2.62,43.88,88.17,95.14,8.42,72.2,79.45,alta,92.0,3,868.0,97,23.1,0.0,37.22,"Segmento de 42 m en estado muy malo: índice de condición 32/100 (intervalo 90 %: 16–49). Detecciones: 15 grietas longitudinales, 36 piel de cocodrilo, 20 baches. Rugosidad IRI 12.4 m/km. Contexto: colegio a 92 m, hospital a 868 m, 97 siniestros a 250 m. Prioridad alta (80/100).",rehabilitacion,inmediata_30_dias,plantilla,det=detector_cpu;fusion=ensamble10,20260930-2219,,,Daño dominante: baches; acción según estado muy malo.
11,T1-IN-0060,despliegue,India,10,3000895,4.592987,-74.083947,d2g64hj,44.3,2026-09-11 07:51,sim_pred,6,0,19,8,11.32,100.0,100.0,73.2,60.7,51.3,12.01,13.8,38.2,21.3,55.0,muy_malo,0.605,0.954,2.79,98.85,71.73,84.75,81.68,85.83,79.43,alta,2604.0,0,488.0,61,81.7,0.0,43.87,"Segmento de 44 m en estado muy malo: índice de condición 38/100 (intervalo 90 %: 21–55). Detecciones: 6 grietas longitudinales, 19 piel de cocodrilo, 8 baches. Rugosidad IRI 12.0 m/km. Contexto: hospital a 488 m, 61 siniestros a 250 m. Prioridad alta (79/100).",rehabilitacion,inmediata_30_dias,plantilla,det=detector_cpu;fusion=ensamble10,20260930-2219,,,Daño dominante: baches; acción según estado muy malo.
12,T1-IN-0022,despliegue,India,10,8007081,4.619091,-74.146335,d2g62bb,49.9,2026-09-20 14:02,sim_pred,0,0,6,27,5.46,100.0,100.0,77.0,49.3,41.3,13.16,11.2,30.8,13.9,47.6,muy_malo,0.836,0.992,2.33,92.61,71.73,79.7,3.83,82.07,79.37,alta,438.0,2,232.0,61,17.1,2.0,40.68,"Segmento de 50 m en estado muy malo: índice de condición 31/100 (intervalo 90 %: 14–48). Detecciones: 6 piel de cocodrilo, 27 baches. Rugosidad IRI 13.2 m/km. Contexto: colegio a 438 m, hospital a 232 m, 61 siniestros a 250 m. Prioridad alta (79/100).",rehabilitacion,inmediata_30_dias,plantilla,det=detector_cpu;fusion=ensamble10,20260930-2219,,,Daño dominante: baches; acción según estado muy malo.
13,T2-IN-0026,despliegue,India,10,11003816,4.744145,-74.11842,d2g6crs,70.7,2026-06-16 15:08,sim_pred,0,0,10,22,9.72,100.0,100.0,83.1,40.6,34.7,12.73,12.1,26.8,9.9,43.6,muy_malo,0.917,0.998,0.97,64.53,71.73,65.67,97.5,67.33,78.87,alta,462.0,3,971.0,39,158.3,4.2,26.33,"Segmento de 71 m en estado muy malo: índice de condición 27/100 (intervalo 90 %: 10–44). Detecciones: 10 piel de cocodrilo, 22 baches. Rugosidad IRI 12.7 m/km. Contexto: colegio a 462 m, hospital a 971 m, 39 siniestros a 250 m. Prioridad alta (79/100).",rehabilitacion,inmediata_30_dias,plantilla,det=detector_cpu;fusion=ensamble10,20260930-2219,,,Daño dominante: baches; acción según estado muy malo.
14,T2-JA-0029,despliegue,Japan,10,10005705,4.699627,-74.107618,d2g69xs,94.6,2026-08-22 15:26,sim_pred,45,0,51,13,22.18,100.0,100.0,59.0,67.1,47.5,11.62,14.8,36.0,19.2,52.9,muy_malo,0.683,0.972,2.05,99.33,71.73,43.02,37.33,75.59,78.62,alta,244.0,2,704.0,34,44.6,2.1,44.28,"Segmento de 95 m en estado muy malo: índice de condición 36/100 (intervalo 90 %: 19–53). Detecciones: 45 grietas longitudinales, 51 piel de cocodrilo, 13 baches. Rugosidad IRI 11.6 m/km. Contexto: colegio a 244 m, hospital a 704 m, 34 siniestros a 250 m. Prioridad alta (79/100).",reconstruccion,inmediata_30_dias,plantilla,det=detector_cpu;fusion=ensamble10,20260930-2219,,,Daño dominante: piel de cocodrilo; acción según estado muy malo.
15,T1-JA-0128,despliegue,Japan,10,7006751,4.602725,-74.187487,d2g4pvf,44.0,2026-06-11 14:47,sim_pred,28,0,30,6,17.69,100.0,100.0,68.5,62.3,51.3,10.0,19.8,40.3,23.4,57.1,muy_malo,0.528,0.929,3.3,85.6,71.73,59.33,82.4,74.18,78.52,alta,31.0,12,69.0,36,82.6,4.5,30.74,"Segmento de 44 m en estado muy malo: índice de condición 40/100 (intervalo 90 %: 23–57). Detecciones: 28 grietas longitudinales, 30 piel de cocodrilo, 6 baches. Rugosidad IRI 10.0 m/km. Contexto: colegio a 31 m, hospital a 69 m, 36 siniestros a 250 m. Prioridad alta (78/100).",rehabilitacion,inmediata_30_dias,plantilla,det=detector_cpu;fusion=ensamble10,20260930-2219,,,Daño dominante: baches; acción según estado muy malo.
16,TR-IN-0191,test,India,10,15000139,4.594691,-74.109836,d2g61s6,150.0,2026-08-26 14:18,sim_gt,3,0,4,81,9.85,100.0,100.0,83.0,32.5,26.6,21.82,2.4,18.1,1.3,34.9,muy_malo,0.987,1.0,1.55,43.88,71.73,70.41,30.31,60.26,78.25,alta,798.0,0,445.0,43,40.3,0.0,24.84,"Segmento de 150 m en estado muy malo: índice de condición 18/100 (intervalo 90 %: 1–35). Detecciones: 3 grietas longitudinales, 4 piel de cocodrilo, 81 baches. Rugosidad IRI 21.8 m/km. Contexto: hospital a 445 m, 43 siniestros a 250 m. Prioridad alta (78/100).",rehabilitacion,inmediata_30_dias,plantilla,det=detector_cpu;fusion=ensamble10,20260930-2219,10.1,muy_malo,Daño dominante: baches; acción según estado muy malo.
17,T1-IN-0077,despliegue,India,10,11002742,4.74726,-74.109592,d2g7185,81.8,2026-08-17 14:15,sim_pred,6,0,17,33,12.44,100.0,100.0,68.5,49.9,38.9,13.15,11.2,29.2,12.4,46.0,muy_malo,0.873,0.995,1.81,52.22,71.73,41.54,80.77,56.38,78.04,alta,74.0,13,711.0,26,81.2,0.0,25.13,"Segmento de 82 m en estado muy malo: índice de condición 29/100 (intervalo 90 %: 12–46). Detecciones: 6 grietas longitudinales, 17 piel de cocodrilo, 33 baches. Rugosidad IRI 13.2 m/km. Contexto: colegio a 74 m, hospital a 711 m, 26 siniestros a 250 m. Prioridad alta (78/100).",rehabilitacion,inmediata_30_dias,plantilla,det=detector_cpu;fusion=ensamble10,20260930-2219,,,Daño dominante: baches; acción según estado muy malo.
18,T1-IN-0033,despliegue,India,10,13003022,4.631767,-74.079067,d2g6671,98.0,2026-07-17 08:36,sim_pred,12,0,22,46,13.16,100.0,100.0,80.9,46.0,39.4,11.48,15.2,30.9,14.1,47.7,muy_malo,0.831,0.991,2.68,63.7,84.96,94.39,43.66,78.81,77.99,alta,5674.0,0,595.0,140,48.9,2.0,30.87,"Segmento de 98 m en estado muy malo: índice de condición 31/100 (intervalo 90 %: 14–48). Detecciones: 12 grietas longitudinales, 22 piel de cocodrilo, 46 baches. Rugosidad IRI 11.5 m/km. Contexto: hospital a 595 m, 140 siniestros a 250 m. Prioridad alta (78/100).",rehabilitacion,inmediata_30_dias,plantilla,det=detector_cpu;fusion=ensamble10,20260930-2219,,,Daño dominante: baches; acción según estado muy malo.
19,T2-IN-0011,despliegue,India,10,9002389,4.673686,-74.144481,d2g68fc,67.7,2026-09-02 10:53,sim_pred,1,0,0,24,2.22,100.0,100.0,89.4,44.8,41.1,10.06,19.6,33.5,16.7,50.4,muy_malo,0.766,0.985,1.3,53.02,71.73,95.75,14.64,70.25,77.97,alta,108.0,6,93.0,118,29.0,0.0,26.98,"Segmento de 68 m en estado muy malo: índice de condición 34/100 (intervalo 90 %: 17–50). Detecciones: 1 grietas longitudinales, 24 baches. Rugosidad IRI 10.1 m/km. Contexto: colegio a 108 m, hospital a 93 m, 118 siniestros a 250 m. Prioridad alta (78/100).",rehabilitacion,inmediata_30_dias,plantilla,det=detector_cpu;fusion=ensamble10,20260930-2219,,,Daño dominante: baches; acción según estado muy malo.
20,T1-IN-0016,despliegue,India,10,8009533,4.610018,-74.17139,d2g60pn,49.8,2026-06-17 13:37,sim_pred,1,0,8,46,6.92,100.0,100.0,85.6,36.8,31.7,16.24,6.4,22.9,6.1,39.7,muy_malo,0.96,0.999,1.87,43.88,71.73,16.39,78.38,46.75,77.97,alta,284.0,4,249.0,12,80.4,0.0,24.84,"Segmento de 50 m en estado muy malo: índice de condición 23/100 (intervalo 90 %: 6–40). Detecciones: 1 grietas longitudinales, 8 piel de cocodrilo, 46 baches. Rugosidad IRI 16.2 m/km. Contexto: colegio a 284 m, hospital a 249 m, 12 siniestros a 250 m. Prioridad alta (78/100).",rehabilitacion,inmediata_30_dias,plantilla,det=detector_cpu;fusion=ensamble10,20260930-2219,,,Daño dominante: baches; acción según estado muy malo.
21,TR-IN-0695,test,India,10,8007810,4.61605,-74.17894,d2g6202,59.9,2026-07-20 16:07,sim_gt,3,0,17,32,7.97,100.0,100.0,70.4,57.7,47.3,9.48,21.7,38.4,21.5,55.2,muy_malo,0.6,0.955,2.12,97.77,84.96,29.7,12.9,76.27,77.49,alta,156.0,4,189.0,13,28.1,0.0,47.46,"Segmento de 60 m en estado muy malo: índice de condición 38/100 (intervalo 90 %: 22–55). Detecciones: 3 grietas longitudinales, 17 piel de cocodrilo, 32 baches. Rugosidad IRI 9.5 m/km. Contexto: colegio a 156 m, hospital a 189 m, 13 siniestros a 250 m. Prioridad alta (78/100).",rehabilitacion,inmediata_30_dias,plantilla,det=detector_cpu;fusion=ensamble10,20260930-2219,22.0,muy_malo,Daño dominante: baches; acción según estado muy malo.
22,T1-JA-0092,despliegue,Japan,10,19006616,4.561858,-74.148604,d2g3bwq,43.6,2026-08-02 14:39,sim_pred,46,0,33,17,16.51,100.0,100.0,67.2,59.0,47.5,11.79,14.3,35.9,19.1,52.7,muy_malo,0.687,0.973,2.25,86.43,84.96,82.78,20.45,85.0,77.46,alta,606.0,0,105.0,66,33.4,0.0,37.36,"Segmento de 44 m en estado muy malo: índice de condición 36/100 (intervalo 90 %: 19–53). Detecciones: 46 grietas longitudinales, 33 piel de cocodrilo, 17 baches. Rugosidad IRI 11.8 m/km. Contexto: hospital a 105 m, 66 siniestros a 250 m. Prioridad alta (78/100).",rehabilitacion,inmediata_30_dias,plantilla,det=detector_cpu;fusion=ensamble10,20260930-2219,,,Daño dominante: baches; acción según estado muy malo.
23,TR-JA-0663,test,Japan,10,11011649,4.687922,-74.058576,d2g6dv2,114.8,2026-07-01 10:25,sim_gt,7,0,6,3,9.58,100.0,100.0,52.8,56.0,37.4,6.46,37.4,37.4,20.6,54.3,muy_malo,0.619,0.942,5.9,94.8,71.73,96.74,56.11,87.21,77.42,alta,4795.0,0,208.0,162,58.5,,42.86,"Segmento de 115 m en estado muy malo: índice de condición 37/100 (intervalo 90 %: 21–54). Detecciones: 7 grietas longitudinales, 6 piel de cocodrilo, 3 baches. Rugosidad IRI 6.5 m/km. Contexto: hospital a 208 m, 162 siniestros a 250 m. Prioridad alta (77/100).",reconstruccion,inmediata_30_dias,plantilla,det=detector_cpu;fusion=ensamble10,20260930-2219,36.0,muy_malo,Daño dominante: piel de cocodrilo; acción según estado muy malo.
24,T2-JA-0102,despliegue,Japan,10,14001029,4.600666,-74.096245,d2g61vs,51.6,2026-07-20 08:38,sim_pred,18,0,33,0,16.6,100.0,100.0,74.3,55.1,46.1,9.84,20.4,37.1,20.2,53.9,muy_malo,0.643,0.961,3.26,97.51,71.73,89.23,33.04,86.42,77.32,alta,1829.0,0,96.0,74,41.7,1.9,43.14,"Segmento de 52 m en estado muy malo: índice de condición 37/100 (intervalo 90 %: 20–54). Detecciones: 18 grietas longitudinales, 33 piel de cocodrilo. Rugosidad IRI 9.8 m/km. Contexto: hospital a 96 m, 74 siniestros a 250 m. Prioridad alta (77/100).",rehabilitacion,inmediata_30_dias,plantilla,det=detector_cpu;fusion=ensamble10,20260930-2219,,,Daño dominante: baches; acción según estado muy malo.
25,TR-IN-0521,test,India,10,10008799,4.677975,-74.104891,d2g69ew,74.1,2026-07-21 07:58,sim_gt,0,0,8,10,7.32,100.0,100.0,85.5,54.2,49.2,9.16,23.0,40.0,23.2,56.8,muy_malo,0.536,0.929,3.86,80.29,100.0,42.45,50.53,77.73,77.08,alta,213.0,3,428.0,29,53.3,1.3,44.29,"Segmento de 74 m en estado muy malo: índice de condición 40/100 (intervalo 90 %: 23–57). Detecciones: 8 piel de cocodrilo, 10 baches. Rugosidad IRI 9.2 m/km. Contexto: colegio a 213 m, hospital a 428 m, 29 siniestros a 250 m. Prioridad alta (77/100).",rehabilitacion,inmediata_30_dias,plantilla,det=detector_cpu;fusion=ensamble10,20260930-2219,42.3,malo,Daño dominante: baches; acción según estado muy malo.
26,T1-JA-0030,despliegue,Japan,10,2002275,4.630605,-74.066702,d2g66df,57.7,2026-06-08 07:34,sim_pred,52,0,42,13,22.41,100.0,100.0,65.7,63.0,51.0,11.88,14.1,38.1,21.3,54.9,muy_malo,0.604,0.948,4.11,80.29,100.0,79.17,69.61,86.91,76.9,alta,6495.0,0,125.0,73,72.3,8.7,55.73,"Segmento de 58 m en estado muy malo: índice de condición 38/100 (intervalo 90 %: 21–55). Detecciones: 52 grietas longitudinales, 42 piel de cocodrilo, 13 baches. Rugosidad IRI 11.9 m/km. Contexto: hospital a 125 m, 73 siniestros a 250 m. Prioridad alta (77/100).",rehabilitacion,inmediata_30_dias,plantilla,det=detector_cpu;fusion=ensamble10,20260930-2219,,,Daño dominante: baches; acción según estado muy malo.
27,T1-JA-0127,despliegue,Japan,10,16004018,4.597059,-74.112874,d2g61sb,54.8,2026-09-08 15:34,sim_pred,8,0,45,1,16.5,100.0,100.0,62.8,53.3,40.3,11.23,15.8,31.7,14.9,48.5,muy_malo,0.812,0.99,2.35,74.16,71.73,89.98,39.49,77.27,76.88,alta,1193.0,0,423.0,82,45.6,0.0,27.49,"Segmento de 55 m en estado muy malo: índice de condición 32/100 (intervalo 90 %: 15–48). Detecciones: 8 grietas longitudinales, 45 piel de cocodrilo, 1 baches. Rugosidad IRI 11.2 m/km. Contexto: hospital a 423 m, 82 siniestros a 250 m. Prioridad alta (77/100).",rehabilitacion,inmediata_30_dias,plantilla,det=detector_cpu;fusion=ensamble10,20260930-2219,,,Daño dominante: baches; acción según estado muy malo.
28,T2-IN-0023,despliegue,India,10,2000276,4.678447,-74.04148,d2g6e5s,135.1,2026-09-19 09:46,sim_pred,12,0,18,21,14.45,100.0,100.0,80.9,51.9,45.2,8.65,25.2,38.2,21.4,55.0,muy_malo,0.605,0.955,2.39,97.9,71.73,57.97,84.18,78.76,76.58,alta,6626.0,0,56.0,58,86.7,3.0,44.28,"Segmento de 135 m en estado muy malo: índice de condición 38/100 (intervalo 90 %: 21–55). Detecciones: 12 grietas longitudinales, 18 piel de cocodrilo, 21 baches. Rugosidad IRI 8.7 m/km. Contexto: hospital a 56 m, 58 siniestros a 250 m. Prioridad alta (77/100).",rehabilitacion,inmediata_30_dias,plantilla,det=detector_cpu;fusion=ensamble10,20260930-2219,,,Daño dominante: baches; acción según estado muy malo.
29,T2-IN-0017,despliegue,India,10,10008145,4.683233,-74.088934,d2g6dhd,65.1,2026-08-14 07:22,sim_pred,0,0,7,18,7.36,100.0,100.0,88.6,43.0,39.0,11.96,13.9,30.2,13.4,47.1,muy_malo,0.85,0.993,2.06,68.28,71.73,86.72,25.91,74.1,76.5,alta,1392.0,0,635.0,97,38.4,1.5,28.41,"Segmento de 65 m en estado muy malo: índice de condición 30/100 (intervalo 90 %: 13–47). Detecciones: 7 piel de cocodrilo, 18 baches. Rugosidad IRI 12.0 m/km. Contexto: hospital a 635 m, 97 siniestros a 250 m. Prioridad alta (76/100).",rehabilitacion,inmediata_30_dias,plantilla,det=detector_cpu;fusion=ensamble10,20260930-2219,,,Daño dominante: baches; acción según estado muy malo.
30,T2-JA-0022,despliegue,Japan,10,8014731,4.616492,-74.175827,d2g6206,42.5,2026-06-16 10:59,sim_pred,43,0,38,7,25.65,100.0,100.0,61.6,72.7,52.0,11.75,14.4,38.9,22.1,55.7,muy_malo,0.579,0.947,2.91,52.22,100.0,71.32,74.7,73.72,76.16,alta,133.0,5,154.0,48,77.6,4.7,41.55,"Segmento de 42 m en estado muy malo: índice de condición 39/100 (intervalo 90 %: 22–56). Detecciones: 43 grietas longitudinales, 38 piel de cocodrilo, 7 baches. Rugosidad IRI 11.8 m/km. Contexto: colegio a 133 m, hospital a 154 m, 48 siniestros a 250 m. Prioridad alta (76/100).",reconstruccion,inmediata_30_dias,plantilla,det=detector_cpu;fusion=ensamble10,20260930-2219,,,Daño dominante: piel de cocodrilo; acción según estado muy malo.
31,T1-JA-0065,despliegue,Japan,10,8004686,4.629422,-74.144597,d2g62fc,78.0,2026-07-19 08:27,sim_pred,35,0,28,4,20.04,100.0,100.0,59.2,74.8,50.4,8.49,26.0,41.8,25.0,58.7,malo,0.443,0.911,2.52,92.61,84.96,94.58,11.95,90.43,76.08,alta,537.0,0,193.0,112,26.4,0.0,44.72,"Segmento de 78 m en estado malo: índice de condición 42/100 (intervalo 90 %: 25–59). Detecciones: 35 grietas longitudinales, 28 piel de cocodrilo, 4 baches. Rugosidad IRI 8.5 m/km. Contexto: hospital a 193 m, 112 siniestros a 250 m. Prioridad alta (76/100).",rehabilitacion,inmediata_30_dias,plantilla,det=detector_cpu;fusion=ensamble10,20260930-2219,,,Daño dominante: piel de cocodrilo; acción según estado malo.
32,T1-JA-0125,despliegue,Japan,10,7005711,4.607391,-74.186282,d2g4pye,66.7,2026-09-08 15:35,sim_pred,16,0,21,21,16.06,100.0,100.0,69.9,65.5,55.0,10.21,19.1,42.4,25.6,59.2,malo,0.448,0.896,3.57,73.37,88.17,73.48,9.83,78.58,75.98,alta,163.0,7,102.0,53,24.1,1.5,52.07,"Segmento de 67 m en estado malo: índice de condición 42/100 (intervalo 90 %: 26–59). Detecciones: 16 grietas longitudinales, 21 piel de cocodrilo, 21 baches. Rugosidad IRI 10.2 m/km. Contexto: colegio a 163 m, hospital a 102 m, 53 siniestros a 250 m. Prioridad alta (76/100).",bacheo,inmediata_30_dias,plantilla,det=detector_cpu;fusion=ensamble10,20260930-2219,,,Daño dominante: baches; acción según estado malo.
33,T1-IN-0035,despliegue,India,10,1006694,4.743223,-74.042259,d2g6gpk,128.0,2026-06-04 13:48,sim_pred,2,0,19,31,14.19,100.0,100.0,84.3,52.3,46.8,8.26,27.1,39.9,23.1,56.8,muy_malo,0.54,0.936,2.67,71.86,100.0,63.85,98.63,79.71,75.93,alta,6305.0,0,97.0,51,164.2,0.0,49.54,"Segmento de 128 m en estado muy malo: índice de condición 40/100 (intervalo 90 %: 23–57). Detecciones: 2 grietas longitudinales, 19 piel de cocodrilo, 31 baches. Rugosidad IRI 8.3 m/km. Contexto: hospital a 97 m, 51 siniestros a 250 m. Prioridad alta (76/100).",rehabilitacion,inmediata_30_dias,plantilla,det=detector_cpu;fusion=ensamble10,20260930-2219,,,Daño dominante: baches; acción según estado muy malo.
34,T1-JA-0050,despliegue,Japan,10,8005025,4.628028,-74.156577,d2g62d8,45.6,2026-09-18 09:05,sim_pred,29,0,23,15,17.0,100.0,100.0,68.1,55.2,44.1,11.09,16.3,34.3,17.5,51.2,muy_malo,0.739,0.981,2.09,61.12,71.73,61.61,3.95,64.95,75.37,alta,139.0,5,436.0,42,17.2,0.0,25.75,"Segmento de 46 m en estado muy malo: índice de condición 34/100 (intervalo 90 %: 18–51). Detecciones: 29 grietas longitudinales, 23 piel de cocodrilo, 15 baches. Rugosidad IRI 11.1 m/km. Contexto: colegio a 139 m, hospital a 436 m, 42 siniestros a 250 m. Prioridad alta (75/100).",rehabilitacion,inmediata_30_dias,plantilla,det=detector_cpu;fusion=ensamble10,20260930-2219,,,Daño dominante: baches; acción según estado muy malo.
35,T2-IN-0064,despliegue,India,10,8007276,4.618158,-74.151174,d2g628s,51.2,2026-09-07 13:12,sim_pred,3,0,20,21,11.95,100.0,100.0,77.6,54.9,47.0,8.75,24.8,39.2,22.4,56.1,muy_malo,0.566,0.943,2.82,57.95,71.73,93.59,14.87,71.68,75.13,alta,187.0,2,153.0,103,29.0,0.0,25.47,"Segmento de 51 m en estado muy malo: índice de condición 39/100 (intervalo 90 %: 22–56). Detecciones: 3 grietas longitudinales, 20 piel de cocodrilo, 21 baches. Rugosidad IRI 8.8 m/km. Contexto: colegio a 187 m, hospital a 153 m, 103 siniestros a 250 m. Prioridad alta (75/100).",rehabilitacion,inmediata_30_dias,plantilla,det=detector_cpu;fusion=ensamble10,20260930-2219,,,Daño dominante: baches; acción según estado muy malo.
36,T2-IN-0039,despliegue,India,10,16000775,4.622117,-74.090098,d2g6613,114.7,2026-06-11 13:41,sim_pred,11,0,3,27,3.82,100.0,100.0,87.4,48.3,43.9,10.85,17.0,34.5,17.6,51.3,muy_malo,0.732,0.979,2.67,74.21,71.73,57.97,81.34,69.28,75.03,alta,4215.0,0,178.0,42,81.5,0.9,28.85,"Segmento de 115 m en estado muy malo: índice de condición 34/100 (intervalo 90 %: 18–51). Detecciones: 11 grietas longitudinales, 3 piel de cocodrilo, 27 baches. Rugosidad IRI 10.8 m/km. Contexto: hospital a 178 m, 42 siniestros a 250 m. Prioridad alta (75/100).",rehabilitacion,inmediata_30_dias,plantilla,det=detector_cpu;fusion=ensamble10,20260930-2219,,,Daño dominante: baches; acción según estado muy malo.
37,T1-JA-0126,despliegue,Japan,10,11001253,4.755295,-74.057059,d2g74c9,48.4,2026-07-09 07:08,sim_pred,19,0,44,12,19.81,100.0,100.0,61.4,62.6,48.3,13.21,11.1,35.3,18.4,52.1,muy_malo,0.709,0.977,2.13,89.21,71.73,38.01,95.68,70.29,74.96,alta,4944.0,0,808.0,38,139.2,0.0,39.55,"Segmento de 48 m en estado muy malo: índice de condición 35/100 (intervalo 90 %: 18–52). Detecciones: 19 grietas longitudinales, 44 piel de cocodrilo, 12 baches. Rugosidad IRI 13.2 m/km. Contexto: hospital a 808 m, 38 siniestros a 250 m. Prioridad alta (75/100).",reconstruccion,inmediata_30_dias,plantilla,det=detector_cpu;fusion=ensamble10,20260930-2219,,,Daño dominante: piel de cocodrilo; acción según estado muy malo.
38,T1-JA-0111,despliegue,Japan,10,8008119,4.615049,-74.170623,d2g620n,46.7,2026-08-11 09:48,sim_pred,9,0,41,11,19.18,100.0,100.0,66.5,58.0,46.2,10.32,18.7,36.6,19.8,53.4,muy_malo,0.662,0.967,2.69,43.88,71.73,97.88,2.43,67.12,74.89,alta,182.0,2,228.0,105,16.1,2.1,25.6,"Segmento de 47 m en estado muy malo: índice de condición 37/100 (intervalo 90 %: 20–53). Detecciones: 9 grietas longitudinales, 41 piel de cocodrilo, 11 baches. Rugosidad IRI 10.3 m/km. Contexto: colegio a 182 m, hospital a 228 m, 105 siniestros a 250 m. Prioridad alta (75/100).",rehabilitacion,inmediata_30_dias,plantilla,det=detector_cpu;fusion=ensamble10,20260930-2219,,,Daño dominante: baches; acción según estado muy malo.
39,TR-JA-0294,test,Japan,10,5003539,4.506185,-74.113773,d2g39kr,62.6,2026-07-05 07:16,sim_gt,6,0,29,14,22.8,100.0,100.0,53.0,60.5,39.2,9.47,21.8,33.1,16.3,50.0,muy_malo,0.762,0.981,4.25,43.88,71.73,97.0,78.3,66.91,74.89,alta,6534.0,0,249.0,111,80.2,0.0,24.84,"Segmento de 63 m en estado muy malo: índice de condición 33/100 (intervalo 90 %: 16–50). Detecciones: 6 grietas longitudinales, 29 piel de cocodrilo, 14 baches. Rugosidad IRI 9.5 m/km. Contexto: hospital a 249 m, 111 siniestros a 250 m. Prioridad alta (75/100).",reconstruccion,inmediata_30_dias,plantilla,det=detector_cpu;fusion=ensamble10,20260930-2219,24.3,muy_malo,Daño dominante: piel de cocodrilo; acción según estado muy malo.
40,T1-JA-0051,despliegue,Japan,10,1002069,4.739162,-74.031228,d2g6gqs,42.4,2026-06-27 07:26,sim_pred,33,0,17,22,16.63,100.0,100.0,62.4,61.6,48.4,10.42,18.4,37.9,21.1,54.7,muy_malo,0.618,0.96,1.75,71.86,71.73,80.84,96.05,74.06,74.88,alta,7520.0,0,681.0,80,142.5,0.0,27.87,"Segmento de 42 m en estado muy malo: índice de condición 38/100 (intervalo 90 %: 21–55). Detecciones: 33 grietas longitudinales, 17 piel de cocodrilo, 22 baches. Rugosidad IRI 10.4 m/km. Contexto: hospital a 681 m, 80 siniestros a 250 m. Prioridad alta (75/100).",rehabilitacion,inmediata_30_dias,plantilla,det=detector_cpu;fusion=ensamble10,20260930-2219,,,Daño dominante: baches; acción según estado muy malo.
41,T2-JA-0120,despliegue,Japan,10,2003464,4.647588,-74.063847,d2g66wh,70.9,2026-09-10 08:30,sim_pred,14,0,46,6,17.46,100.0,100.0,70.2,73.4,60.9,8.36,26.6,48.9,32.0,65.7,malo,0.501,0.74,4.36,96.41,100.0,97.34,49.51,97.9,74.83,alta,5498.0,0,241.0,127,52.0,2.8,61.14,"Segmento de 71 m en estado malo: índice de condición 49/100 (intervalo 90 %: 32–66). Detecciones: 14 grietas longitudinales, 46 piel de cocodrilo, 6 baches. Rugosidad IRI 8.4 m/km. Contexto: hospital a 241 m, 127 siniestros a 250 m. Prioridad alta (75/100).",rehabilitacion,inmediata_30_dias,plantilla,det=detector_cpu;fusion=ensamble10,20260930-2219,,,Daño dominante: piel de cocodrilo; acción según estado malo.
42,TR-IN-0460,test,India,10,8005615,4.625724,-74.15375,d2g62d4,43.1,2026-07-28 12:25,sim_gt,3,0,8,8,7.52,100.0,100.0,81.7,65.3,58.9,7.31,32.1,49.5,32.7,66.4,malo,0.523,0.731,2.47,81.98,100.0,74.05,12.52,86.31,74.79,alta,269.0,7,335.0,48,27.3,2.3,45.32,"Segmento de 43 m en estado malo: índice de condición 50/100 (intervalo 90 %: 33–66). Detecciones: 3 grietas longitudinales, 8 piel de cocodrilo, 8 baches. Rugosidad IRI 7.3 m/km. Contexto: colegio a 269 m, hospital a 335 m, 48 siniestros a 250 m. Prioridad alta (75/100).",bacheo,inmediata_30_dias,plantilla,det=detector_cpu;fusion=ensamble10,20260930-2219,51.3,malo,Daño dominante: baches; acción según estado malo.
43,T1-IN-0019,despliegue,India,10,8008033,4.615317,-74.157136,d2g6280,60.8,2026-06-12 16:32,sim_pred,0,0,17,11,12.51,100.0,100.0,82.3,64.3,58.1,7.81,29.3,48.0,31.2,64.9,malo,0.528,0.778,2.12,96.38,71.73,78.15,74.92,83.19,74.46,alta,140.0,1,419.0,48,77.7,0.0,42.29,"Segmento de 61 m en estado malo: índice de condición 48/100 (intervalo 90 %: 31–65). Detecciones: 17 piel de cocodrilo, 11 baches. Rugosidad IRI 7.8 m/km. Contexto: colegio a 140 m, hospital a 419 m, 48 siniestros a 250 m. Prioridad alta (74/100).",bacheo,inmediata_30_dias,plantilla,det=detector_cpu;fusion=ensamble10,20260930-2219,,,Daño dominante: baches; acción según estado malo.
44,T2-JA-0070,despliegue,Japan,10,10008101,4.683599,-74.08848,d2g6dhd,64.5,2026-06-10 12:32,sim_pred,59,0,30,20,15.55,100.0,100.0,62.9,68.0,51.7,9.93,20.0,40.6,23.8,57.5,muy_malo,0.514,0.917,4.41,85.06,71.73,69.2,82.63,76.43,74.2,alta,1450.0,0,690.0,60,82.7,1.6,30.49,"Segmento de 64 m en estado muy malo: índice de condición 41/100 (intervalo 90 %: 24–58). Detecciones: 59 grietas longitudinales, 30 piel de cocodrilo, 20 baches. Rugosidad IRI 9.9 m/km. Contexto: hospital a 690 m, 60 siniestros a 250 m. Prioridad alta (74/100).",reconstruccion,inmediata_30_dias,plantilla,det=detector_cpu;fusion=ensamble10,20260930-2219,,,Daño dominante: piel de cocodrilo; acción según estado muy malo.
45,T2-JA-0075,despliegue,Japan,10,19005934,4.56546,-74.143817,d2g3bz4,74.9,2026-08-20 07:02,sim_pred,15,0,37,10,12.06,100.0,100.0,68.7,58.5,47.5,9.51,21.6,38.5,21.6,55.3,muy_malo,0.597,0.955,1.79,75.71,71.73,99.17,28.95,80.18,73.99,alta,751.0,0,452.0,141,39.6,0.0,28.38,"Segmento de 75 m en estado muy malo: índice de condición 38/100 (intervalo 90 %: 22–55). Detecciones: 15 grietas longitudinales, 37 piel de cocodrilo, 10 baches. Rugosidad IRI 9.5 m/km. Contexto: hospital a 452 m, 141 siniestros a 250 m. Prioridad alta (74/100).",rehabilitacion,inmediata_30_dias,plantilla,det=detector_cpu;fusion=ensamble10,20260930-2219,,,Daño dominante: baches; acción según estado muy malo.
46,T1-JA-0032,despliegue,Japan,10,7005700,4.607357,-74.194089,d2g4pwt,46.6,2026-07-31 14:06,sim_pred,36,0,44,3,22.7,100.0,100.0,69.6,77.4,61.7,9.13,23.1,48.2,31.3,65.0,malo,0.508,0.764,3.83,80.29,84.96,81.18,2.85,82.15,73.95,alta,206.0,9,529.0,59,16.5,2.1,42.65,"Segmento de 47 m en estado malo: índice de condición 48/100 (intervalo 90 %: 31–65). Detecciones: 36 grietas longitudinales, 44 piel de cocodrilo, 3 baches. Rugosidad IRI 9.1 m/km. Contexto: colegio a 206 m, hospital a 529 m, 59 siniestros a 250 m. Prioridad alta (74/100).",rehabilitacion,inmediata_30_dias,plantilla,det=detector_cpu;fusion=ensamble10,20260930-2219,,,Daño dominante: piel de cocodrilo; acción según estado malo.
47,T1-IN-0004,despliegue,India,10,16003309,4.601166,-74.105818,d2g61tt,42.7,2026-06-17 10:22,sim_pred,2,0,5,42,8.76,100.0,100.0,86.3,41.5,36.7,11.78,14.4,28.9,12.0,45.7,muy_malo,0.876,0.995,2.45,43.88,71.73,91.46,59.07,65.52,73.88,alta,1456.0,0,323.0,113,61.6,0.0,24.84,"Segmento de 43 m en estado muy malo: índice de condición 29/100 (intervalo 90 %: 12–46). Detecciones: 2 grietas longitudinales, 5 piel de cocodrilo, 42 baches. Rugosidad IRI 11.8 m/km. Contexto: hospital a 323 m, 113 siniestros a 250 m. Prioridad alta (74/100).",rehabilitacion,inmediata_30_dias,plantilla,det=detector_cpu;fusion=ensamble10,20260930-2219,,,Daño dominante: baches; acción según estado muy malo.
48,T1-JA-0101,despliegue,Japan,10,19008623,4.551273,-74.140123,d2g3bus,41.7,2026-07-26 11:12,sim_pred,0,0,38,20,18.93,100.0,100.0,67.7,59.4,48.1,11.18,16.0,36.9,20.1,53.7,muy_malo,0.65,0.963,3.14,82.3,71.73,76.78,36.65,77.22,73.75,alta,2088.0,0,90.0,49,43.6,19.2,28.3,"Segmento de 42 m en estado muy malo: índice de condición 37/100 (intervalo 90 %: 20–54). Detecciones: 38 piel de cocodrilo, 20 baches. Rugosidad IRI 11.2 m/km. Contexto: hospital a 90 m, 49 siniestros a 250 m. Prioridad alta (74/100).",rehabilitacion,inmediata_30_dias,plantilla,det=detector_cpu;fusion=ensamble10,20260930-2219,,,Daño dominante: baches; acción según estado muy malo.
49,T2-JA-0059,despliegue,Japan,10,11000890,4.757289,-74.105656,d2g71dj,137.2,2026-06-17 14:48,sim_pred,37,0,44,14,21.78,100.0,100.0,61.7,67.5,50.3,10.47,18.2,39.1,22.2,55.9,muy_malo,0.571,0.943,3.29,81.88,100.0,20.6,97.91,72.9,73.72,alta,135.0,4,1498.0,10,160.2,1.5,44.58,"Segmento de 137 m en estado muy malo: índice de condición 39/100 (intervalo 90 %: 22–56). Detecciones: 37 grietas longitudinales, 44 piel de cocodrilo, 14 baches. Rugosidad IRI 10.5 m/km. Contexto: colegio a 135 m, 10 siniestros a 250 m. Prioridad alta (74/100).",reconstruccion,inmediata_30_dias,plantilla,det=detector_cpu;fusion=ensamble10,20260930-2219,,,Daño dominante: piel de cocodrilo; acción según estado muy malo.
50,T2-JA-0024,despliegue,Japan,10,11008109,4.725772,-74.087117,d2g6fh7,52.6,2026-06-09 10:56,sim_pred,34,0,49,11,23.84,100.0,100.0,57.9,63.7,45.2,12.84,11.9,33.6,16.7,50.4,muy_malo,0.761,0.984,2.47,80.29,71.73,29.21,98.56,64.52,73.68,alta,2006.0,0,669.0,16,163.9,5.7,27.87,"Segmento de 53 m en estado muy malo: índice de condición 34/100 (intervalo 90 %: 17–50). Detecciones: 34 grietas longitudinales, 49 piel de cocodrilo, 11 baches. Rugosidad IRI 12.8 m/km. Contexto: hospital a 669 m, 16 siniestros a 250 m. Prioridad alta (74/100).",reconstruccion,inmediata_30_dias,plantilla,det=detector_cpu;fusion=ensamble10,20260930-2219,,,Daño dominante: piel de cocodrilo; acción según estado muy malo.
51,T2-JA-0116,despliegue,Japan,10,8006880,4.620266,-74.137119,d2g62cn,42.0,2026-06-13 15:13,sim_pred,17,0,27,6,14.8,100.0,100.0,68.7,69.4,58.0,7.53,30.9,48.5,31.7,65.4,malo,0.52,0.759,2.94,95.25,100.0,55.2,75.23,86.9,73.65,alta,1190.0,0,403.0,43,77.8,0.0,58.71,"Segmento de 42 m en estado malo: índice de condición 48/100 (intervalo 90 %: 32–65). Detecciones: 17 grietas longitudinales, 27 piel de cocodrilo, 6 baches. Rugosidad IRI 7.5 m/km. Contexto: hospital a 403 m, 43 siniestros a 250 m. Prioridad alta (74/100).",rehabilitacion,inmediata_30_dias,plantilla,det=detector_cpu;fusion=ensamble10,20260930-2219,,,Daño dominante: piel de cocodrilo; acción según estado malo.
52,T1-JA-0114,despliegue,Japan,10,11003082,4.746278,-74.120074,d2g7125,84.2,2026-08-19 13:22,sim_pred,26,0,27,10,16.54,100.0,100.0,57.4,69.9,46.9,9.2,22.9,38.5,21.6,55.3,muy_malo,0.59,0.943,4.3,83.13,84.96,64.83,69.04,79.2,73.59,alta,275.0,5,1239.0,45,72.0,1.2,32.48,"Segmento de 84 m en estado muy malo: índice de condición 38/100 (intervalo 90 %: 22–55). Detecciones: 26 grietas longitudinales, 27 piel de cocodrilo, 10 baches. Rugosidad IRI 9.2 m/km. Contexto: colegio a 275 m, 45 siniestros a 250 m. Prioridad alta (74/100).",reconstruccion,inmediata_30_dias,plantilla,det=detector_cpu;fusion=ensamble10,20260930-2219,,,Daño dominante: piel de cocodrilo; acción según estado muy malo.
53,T2-IN-0087,despliegue,India,10,1000305,4.765874,-74.030699,d2g757s,82.1,2026-08-01 07:30,sim_pred,2,0,2,27,5.71,100.0,100.0,79.0,55.8,48.5,8.88,24.2,40.0,23.2,56.8,muy_malo,0.538,0.938,1.9,66.76,100.0,48.44,98.14,73.81,73.52,alta,8092.0,0,129.0,35,162.8,0.0,64.34,"Segmento de 82 m en estado muy malo: índice de condición 40/100 (intervalo 90 %: 23–57). Detecciones: 2 grietas longitudinales, 2 piel de cocodrilo, 27 baches. Rugosidad IRI 8.9 m/km. Contexto: hospital a 129 m, 35 siniestros a 250 m. Prioridad alta (74/100).",rehabilitacion,inmediata_30_dias,plantilla,det=detector_cpu;fusion=ensamble10,20260930-2219,,,Daño dominante: baches; acción según estado muy malo.
54,T1-IN-0076,despliegue,India,10,6000554,4.587445,-74.138436,d2g60gn,51.0,2026-08-28 09:57,sim_pred,6,0,20,10,10.61,100.0,100.0,76.7,54.0,45.9,9.63,21.2,37.2,20.4,54.1,muy_malo,0.64,0.963,2.43,80.29,84.96,58.65,7.09,76.52,73.27,alta,1228.0,0,440.0,35,21.4,0.0,32.61,"Segmento de 51 m en estado muy malo: índice de condición 37/100 (intervalo 90 %: 20–54). Detecciones: 6 grietas longitudinales, 20 piel de cocodrilo, 10 baches. Rugosidad IRI 9.6 m/km. Contexto: hospital a 440 m, 35 siniestros a 250 m. Prioridad alta (73/100).",rehabilitacion,inmediata_30_dias,plantilla,det=detector_cpu;fusion=ensamble10,20260930-2219,,,Daño dominante: baches; acción según estado muy malo.
55,T2-IN-0048,despliegue,India,10,10008747,4.678637,-74.092401,d2g69gx,130.8,2026-06-21 15:53,sim_pred,1,0,16,20,9.63,100.0,100.0,75.5,48.5,39.9,10.95,16.7,31.8,14.9,48.6,muy_malo,0.813,0.99,1.93,83.13,71.73,39.76,65.55,68.29,73.25,alta,1003.0,0,222.0,28,69.6,0.8,28.44,"Segmento de 131 m en estado muy malo: índice de condición 32/100 (intervalo 90 %: 15–49). Detecciones: 1 grietas longitudinales, 16 piel de cocodrilo, 20 baches. Rugosidad IRI 10.9 m/km. Contexto: hospital a 222 m, 28 siniestros a 250 m. Prioridad alta (73/100).",rehabilitacion,inmediata_30_dias,plantilla,det=detector_cpu;fusion=ensamble10,20260930-2219,,,Daño dominante: baches; acción según estado muy malo.
56,T2-IN-0057,despliegue,India,10,7003070,4.621,-74.19157,d2g4r9p,111.8,2026-07-05 10:37,sim_pred,2,0,20,11,11.92,100.0,100.0,76.2,63.9,55.6,7.71,29.9,46.6,29.8,63.4,malo,0.514,0.812,2.86,80.29,71.73,82.78,66.96,77.91,73.2,alta,89.0,3,505.0,68,70.5,0.0,27.87,"Segmento de 112 m en estado malo: índice de condición 47/100 (intervalo 90 %: 30–63). Detecciones: 2 grietas longitudinales, 20 piel de cocodrilo, 11 baches. Rugosidad IRI 7.7 m/km. Contexto: colegio a 89 m, hospital a 505 m, 68 siniestros a 250 m. Prioridad alta (73/100).",bacheo,inmediata_30_dias,plantilla,det=detector_cpu;fusion=ensamble10,20260930-2219,,,Daño dominante: baches; acción según estado malo.
57,T1-IN-0031,despliegue,India,10,11001595,4.753421,-74.060857,d2g749q,150.0,2026-08-18 09:52,sim_pred,0,0,19,22,6.02,100.0,100.0,75.2,47.3,38.7,10.86,17.0,31.1,14.2,47.9,muy_malo,0.83,0.992,1.98,80.29,71.73,7.66,93.02,59.14,73.02,alta,4478.0,0,441.0,8,119.2,1.0,33.94,"Segmento de 150 m en estado muy malo: índice de condición 31/100 (intervalo 90 %: 14–48). Detecciones: 19 piel de cocodrilo, 22 baches. Rugosidad IRI 10.9 m/km. Contexto: hospital a 441 m, 8 siniestros a 250 m. Prioridad alta (73/100).",rehabilitacion,inmediata_30_dias,plantilla,det=detector_cpu;fusion=ensamble10,20260930-2219,,,Daño dominante: baches; acción según estado muy malo.
58,T1-JA-0068,despliegue,Japan,10,9002638,4.670917,-74.138191,d2g68fq,61.1,2026-06-08 13:42,sim_pred,28,0,35,9,26.4,100.0,100.0,65.3,74.1,56.2,7.01,33.9,48.4,31.6,65.2,malo,0.52,0.763,2.93,86.19,84.96,62.94,56.37,79.95,72.94,alta,109.0,1,193.0,43,59.2,1.6,35.66,"Segmento de 61 m en estado malo: índice de condición 48/100 (intervalo 90 %: 32–65). Detecciones: 28 grietas longitudinales, 35 piel de cocodrilo, 9 baches. Rugosidad IRI 7.0 m/km. Contexto: colegio a 109 m, hospital a 193 m, 43 siniestros a 250 m. Prioridad alta (73/100).",rehabilitacion,inmediata_30_dias,plantilla,det=detector_cpu;fusion=ensamble10,20260930-2219,,,Daño dominante: piel de cocodrilo; acción según estado malo.
59,T2-JA-0131,despliegue,Japan,4,10010048,4.727784,-74.114582,d2g6ckx,83.0,2026-07-21 16:39,sim_pred,1,0,19,2,23.52,100.0,100.0,65.2,55.9,43.7,10.54,18.0,34.7,17.9,51.5,muy_malo,0.721,0.976,3.29,68.17,100.0,5.99,89.8,63.77,72.68,alta,115.0,4,1534.0,7,107.5,0.0,43.16,"Segmento de 83 m en estado muy malo: índice de condición 35/100 (intervalo 90 %: 18–52). Detecciones: 1 grietas longitudinales, 19 piel de cocodrilo, 2 baches. Rugosidad IRI 10.5 m/km. Contexto: colegio a 115 m, 7 siniestros a 250 m. Prioridad alta (73/100).",rehabilitacion,inmediata_30_dias,plantilla,det=detector_cpu;fusion=ensamble10,20260930-2219,,,Daño dominante: baches; acción según estado muy malo.
60,T2-IN-0084,despliegue,India,10,10007910,4.684924,-74.100397,d2g69uc,40.7,2026-08-06 15:57,sim_pred,1,0,2,30,3.57,100.0,100.0,81.4,52.8,46.3,13.09,11.3,34.0,17.2,50.9,muy_malo,0.746,0.982,2.4,85.91,84.96,23.18,31.94,69.9,72.53,alta,485.0,1,175.0,20,41.3,0.0,34.51,"Segmento de 41 m en estado muy malo: índice de condición 34/100 (intervalo 90 %: 17–51). Detecciones: 1 grietas longitudinales, 2 piel de cocodrilo, 30 baches. Rugosidad IRI 13.1 m/km. Contexto: colegio a 485 m, hospital a 175 m, 20 siniestros a 250 m. Prioridad alta (72/100).",rehabilitacion,inmediata_30_dias,plantilla,det=detector_cpu;fusion=ensamble10,20260930-2219,,,Daño dominante: baches; acción según estado muy malo.
61,T1-IN-0001,despliegue,India,10,10004875,4.70311,-74.132173,d2g6c04,100.7,2026-08-01 13:58,sim_pred,22,0,32,6,23.05,100.0,100.0,68.8,66.7,55.8,11.12,16.2,42.0,25.1,58.8,malo,0.429,0.895,4.62,80.29,100.0,77.43,86.23,86.47,72.42,alta,620.0,0,1427.0,65,95.9,1.0,44.99,"Segmento de 101 m en estado malo: índice de condición 42/100 (intervalo 90 %: 25–59). Detecciones: 22 grietas longitudinales, 32 piel de cocodrilo, 6 baches. Rugosidad IRI 11.1 m/km. Contexto: 65 siniestros a 250 m. Prioridad alta (72/100).",bacheo,inmediata_30_dias,plantilla,det=detector_cpu;fusion=ensamble10,20260930-2219,,,Daño dominante: baches; acción según estado malo.
62,T1-JA-0093,despliegue,Japan,10,7005576,4.607949,-74.197007,d2g4pwg,41.2,2026-07-07 07:17,sim_pred,34,0,34,20,19.2,100.0,100.0,61.6,62.6,48.5,11.95,13.9,36.4,19.6,53.2,muy_malo,0.668,0.968,2.74,57.95,84.96,30.69,50.04,60.59,72.4,alta,214.0,5,279.0,15,52.2,0.0,30.09,"Segmento de 41 m en estado muy malo: índice de condición 36/100 (intervalo 90 %: 20–53). Detecciones: 34 grietas longitudinales, 34 piel de cocodrilo, 20 baches. Rugosidad IRI 11.9 m/km. Contexto: colegio a 214 m, hospital a 279 m, 15 siniestros a 250 m. Prioridad alta (72/100).",reconstruccion,inmediata_30_dias,plantilla,det=detector_cpu;fusion=ensamble10,20260930-2219,,,Daño dominante: piel de cocodrilo; acción según estado muy malo.
63,T2-JA-0076,despliegue,Japan,10,18000192,4.586986,-74.10878,d2g61e5,66.2,2026-09-21 10:46,sim_pred,31,0,43,3,18.7,100.0,100.0,67.4,77.9,59.7,7.75,29.7,49.2,32.3,66.0,malo,0.514,0.737,3.36,80.29,71.73,88.28,17.37,79.29,72.21,alta,241.0,1,262.0,81,30.0,0.0,27.87,"Segmento de 66 m en estado malo: índice de condición 49/100 (intervalo 90 %: 32–66). Detecciones: 31 grietas longitudinales, 43 piel de cocodrilo, 3 baches. Rugosidad IRI 7.8 m/km. Contexto: colegio a 241 m, hospital a 262 m, 81 siniestros a 250 m. Prioridad alta (72/100).",rehabilitacion,inmediata_30_dias,plantilla,det=detector_cpu;fusion=ensamble10,20260930-2219,,,Daño dominante: piel de cocodrilo; acción según estado malo.
64,T2-JA-0026,despliegue,Japan,10,11009201,4.720159,-74.056541,d2g6fg3,85.0,2026-06-08 13:52,sim_pred,36,0,32,15,15.84,100.0,100.0,65.3,72.3,55.6,8.36,26.6,45.5,28.6,62.3,malo,0.484,0.828,4.45,80.29,71.73,85.81,96.89,78.67,72.2,alta,5221.0,0,858.0,84,151.7,1.2,28.57,"Segmento de 85 m en estado malo: índice de condición 46/100 (intervalo 90 %: 29–62). Detecciones: 36 grietas longitudinales, 32 piel de cocodrilo, 15 baches. Rugosidad IRI 8.4 m/km. Contexto: hospital a 858 m, 84 siniestros a 250 m. Prioridad alta (72/100).",rehabilitacion,inmediata_30_dias,plantilla,det=detector_cpu;fusion=ensamble10,20260930-2219,,,Daño dominante: piel de cocodrilo; acción según estado malo.
65,TR-JA-0708,test,Japan,10,19001483,4.586952,-74.166848,d2g6071,59.1,2026-08-12 08:27,sim_gt,19,0,35,2,20.0,100.0,100.0,70.2,68.1,57.7,5.7,42.9,52.5,35.7,69.3,malo,0.493,0.63,2.53,83.13,100.0,62.59,1.18,83.9,72.05,alta,201.0,6,169.0,42,13.0,,46.2,"Segmento de 59 m en estado malo: índice de condición 52/100 (intervalo 90 %: 36–69). Detecciones: 19 grietas longitudinales, 35 piel de cocodrilo, 2 baches. Rugosidad IRI 5.7 m/km. Contexto: colegio a 201 m, hospital a 169 m, 42 siniestros a 250 m. Prioridad alta (72/100).",bacheo,inmediata_30_dias,plantilla,det=detector_cpu;fusion=ensamble10,20260930-2219,44.4,malo,Daño dominante: baches; acción según estado malo.
66,T2-JA-0047,despliegue,Japan,10,10009095,4.675564,-74.0959,d2g69gj,132.5,2026-08-15 14:42,sim_pred,38,0,50,7,22.25,100.0,100.0,57.3,70.9,47.1,9.93,20.1,37.6,20.8,54.5,muy_malo,0.621,0.954,3.78,71.86,88.17,57.25,25.3,73.92,71.98,alta,816.0,0,636.0,32,38.0,0.8,39.55,"Segmento de 132 m en estado muy malo: índice de condición 38/100 (intervalo 90 %: 21–54). Detecciones: 38 grietas longitudinales, 50 piel de cocodrilo, 7 baches. Rugosidad IRI 9.9 m/km. Contexto: hospital a 636 m, 32 siniestros a 250 m. Prioridad alta (72/100).",reconstruccion,inmediata_30_dias,plantilla,det=detector_cpu;fusion=ensamble10,20260930-2219,,,Daño dominante: piel de cocodrilo; acción según estado muy malo.
67,T2-IN-0047,despliegue,India,10,7001120,4.628869,-74.185351,d2g4rfe,42.9,2026-08-02 13:47,sim_pred,1,0,14,4,12.84,100.0,100.0,75.3,68.4,59.8,10.01,19.8,45.8,28.9,62.6,malo,0.502,0.83,3.28,82.3,71.73,59.33,8.0,72.86,71.68,alta,185.0,1,264.0,31,22.7,0.0,28.3,"Segmento de 43 m en estado malo: índice de condición 46/100 (intervalo 90 %: 29–63). Detecciones: 1 grietas longitudinales, 14 piel de cocodrilo, 4 baches. Rugosidad IRI 10.0 m/km. Contexto: colegio a 185 m, hospital a 264 m, 31 siniestros a 250 m. Prioridad alta (72/100).",bacheo,inmediata_30_dias,plantilla,det=detector_cpu;fusion=ensamble10,20260930-2219,,,Daño dominante: baches; acción según estado malo.
68,TR-JA-0532,test,Japan,10,7009606,4.637028,-74.190858,d2g4rsp,105.3,2026-07-26 08:34,sim_gt,8,0,11,17,13.24,100.0,100.0,67.7,57.4,46.1,8.92,24.0,38.4,21.5,55.2,muy_malo,0.599,0.952,2.84,68.17,71.73,35.36,16.01,61.21,71.47,alta,100.0,2,680.0,19,29.3,,26.74,"Segmento de 105 m en estado muy malo: índice de condición 38/100 (intervalo 90 %: 22–55). Detecciones: 8 grietas longitudinales, 11 piel de cocodrilo, 17 baches. Rugosidad IRI 8.9 m/km. Contexto: colegio a 100 m, hospital a 680 m, 19 siniestros a 250 m. Prioridad alta (72/100).",rehabilitacion,inmediata_30_dias,plantilla,det=detector_cpu;fusion=ensamble10,20260930-2219,17.4,muy_malo,Daño dominante: baches; acción según estado muy malo.
69,T2-IN-0075,despliegue,India,10,11002631,4.747408,-74.104801,d2g718n,150.0,2026-07-18 14:09,sim_pred,1,0,0,17,0.73,100.0,100.0,93.6,67.2,65.0,7.18,32.9,53.7,36.9,70.6,malo,0.466,0.584,3.33,85.82,100.0,29.21,88.35,76.63,71.41,alta,166.0,9,923.0,21,101.9,0.9,46.75,"Segmento de 150 m en estado malo: índice de condición 54/100 (intervalo 90 %: 37–71). Detecciones: 1 grietas longitudinales, 17 baches. Rugosidad IRI 7.2 m/km. Contexto: colegio a 166 m, hospital a 923 m, 21 siniestros a 250 m. Prioridad alta (71/100).",bacheo,inmediata_30_dias,plantilla,det=detector_cpu;fusion=ensamble10,20260930-2219,,,Daño dominante: baches; acción según estado malo.
70,T1-JA-0055,despliegue,Japan,10,1000344,4.765899,-74.042531,d2g755e,61.1,2026-09-08 14:52,sim_pred,54,0,33,5,20.5,100.0,100.0,67.9,73.4,58.6,8.85,24.3,46.6,29.8,63.5,malo,0.505,0.807,3.62,88.41,71.73,71.09,91.05,78.24,71.32,alta,6880.0,0,318.0,63,113.6,0.0,39.26,"Segmento de 61 m en estado malo: índice de condición 47/100 (intervalo 90 %: 30–64). Detecciones: 54 grietas longitudinales, 33 piel de cocodrilo, 5 baches. Rugosidad IRI 8.8 m/km. Contexto: hospital a 318 m, 63 siniestros a 250 m. Prioridad alta (71/100).",rehabilitacion,inmediata_30_dias,plantilla,det=detector_cpu;fusion=ensamble10,20260930-2219,,,Daño dominante: piel de cocodrilo; acción según estado malo.
71,T2-IN-0078,despliegue,India,10,7005468,4.608577,-74.194068,d2g4pwv,55.8,2026-06-12 11:26,sim_pred,2,0,13,14,9.13,100.0,100.0,81.2,58.1,51.5,7.39,31.6,44.6,27.7,61.4,malo,0.5,0.865,1.85,52.22,71.73,66.46,80.8,62.61,71.3,alta,256.0,6,393.0,39,81.3,3.6,25.13,"Segmento de 56 m en estado malo: índice de condición 45/100 (intervalo 90 %: 28–61). Detecciones: 2 grietas longitudinales, 13 piel de cocodrilo, 14 baches. Rugosidad IRI 7.4 m/km. Contexto: colegio a 256 m, hospital a 393 m, 39 siniestros a 250 m. Prioridad alta (71/100).",bacheo,inmediata_30_dias,plantilla,det=detector_cpu;fusion=ensamble10,20260930-2219,,,Daño dominante: baches; acción según estado malo.
72,T1-JA-0010,despliegue,Japan,10,7007002,4.601649,-74.194185,d2g4ptt,41.9,2026-08-04 10:29,sim_pred,53,0,37,20,18.56,100.0,100.0,71.7,65.7,55.8,10.37,18.5,42.8,26.0,59.6,malo,0.455,0.889,3.6,70.61,71.73,54.44,0.95,66.96,71.11,alta,235.0,5,368.0,35,12.9,4.8,27.02,"Segmento de 42 m en estado malo: índice de condición 43/100 (intervalo 90 %: 26–60). Detecciones: 53 grietas longitudinales, 37 piel de cocodrilo, 20 baches. Rugosidad IRI 10.4 m/km. Contexto: colegio a 235 m, hospital a 368 m, 35 siniestros a 250 m. Prioridad alta (71/100).",bacheo,inmediata_30_dias,plantilla,det=detector_cpu;fusion=ensamble10,20260930-2219,,,Daño dominante: baches; acción según estado malo.
73,T1-IN-0067,despliegue,India,10,19005479,4.567782,-74.148806,d2g3bxw,43.8,2026-06-05 12:52,sim_pred,1,0,16,6,7.08,100.0,100.0,78.0,68.3,60.6,9.06,23.5,47.6,30.8,64.5,malo,0.501,0.775,4.27,80.29,71.73,67.41,50.83,74.07,71.05,alta,198.0,1,156.0,38,53.7,0.0,27.87,"Segmento de 44 m en estado malo: índice de condición 48/100 (intervalo 90 %: 31–64). Detecciones: 1 grietas longitudinales, 16 piel de cocodrilo, 6 baches. Rugosidad IRI 9.1 m/km. Contexto: colegio a 198 m, hospital a 156 m, 38 siniestros a 250 m. Prioridad alta (71/100).",bacheo,inmediata_30_dias,plantilla,det=detector_cpu;fusion=ensamble10,20260930-2219,,,Daño dominante: baches; acción según estado malo.
74,TR-JA-1016,test,Japan,10,4000426,4.57609,-74.085768,d2g641h,43.1,2026-07-20 15:09,sim_gt,14,0,10,13,7.74,100.0,100.0,48.7,65.6,36.6,8.03,28.2,33.7,16.8,50.5,muy_malo,0.75,0.98,3.82,52.22,71.73,47.08,85.43,57.76,70.91,alta,2700.0,0,510.0,26,91.4,,25.13,"Segmento de 43 m en estado muy malo: índice de condición 34/100 (intervalo 90 %: 17–50). Detecciones: 14 grietas longitudinales, 10 piel de cocodrilo, 13 baches. Rugosidad IRI 8.0 m/km. Contexto: hospital a 510 m, 26 siniestros a 250 m. Prioridad alta (71/100).",reconstruccion,inmediata_30_dias,plantilla,det=detector_cpu;fusion=ensamble10,20260930-2219,30.0,muy_malo,Daño dominante: piel de cocodrilo; acción según estado muy malo.
75,T2-JA-0037,despliegue,Japan,10,17000463,4.589202,-74.071256,d2g647q,41.8,2026-09-03 10:41,sim_pred,26,0,30,7,24.58,100.0,100.0,73.3,71.5,62.1,9.23,22.7,48.3,31.5,65.2,malo,0.517,0.763,3.15,83.6,88.17,61.61,84.98,79.7,70.87,alta,3955.0,0,173.0,38,89.7,7.2,40.88,"Segmento de 42 m en estado malo: índice de condición 48/100 (intervalo 90 %: 32–65). Detecciones: 26 grietas longitudinales, 30 piel de cocodrilo, 7 baches. Rugosidad IRI 9.2 m/km. Contexto: hospital a 173 m, 38 siniestros a 250 m. Prioridad alta (71/100).",bacheo,inmediata_30_dias,plantilla,det=detector_cpu;fusion=ensamble10,20260930-2219,,,Daño dominante: baches; acción según estado malo.
76,TR-IN-0112,test,India,10,5002109,4.514143,-74.090616,d2g3djb,84.4,2026-07-16 16:51,sim_gt,5,0,0,53,2.44,100.0,100.0,89.8,42.7,39.1,11.95,13.9,30.3,13.5,47.1,muy_malo,0.847,0.993,2.15,52.22,100.0,17.03,69.95,60.15,70.87,alta,8422.0,0,236.0,11,72.9,17.8,41.55,"Segmento de 84 m en estado muy malo: índice de condición 30/100 (intervalo 90 %: 14–47). Detecciones: 5 grietas longitudinales, 53 baches. Rugosidad IRI 11.9 m/km. Contexto: hospital a 236 m, 11 siniestros a 250 m. Prioridad alta (71/100).",rehabilitacion,inmediata_30_dias,plantilla,det=detector_cpu;fusion=ensamble10,20260930-2219,23.9,muy_malo,Daño dominante: baches; acción según estado muy malo.
77,T1-JA-0006,despliegue,Japan,10,12001852,4.666299,-74.082953,d2g6d1q,62.0,2026-07-02 16:12,sim_pred,10,0,26,5,19.31,98.5,100.0,55.7,76.0,46.8,8.73,24.9,39.1,22.3,55.9,muy_malo,0.571,0.945,2.81,86.1,71.73,55.2,57.21,73.34,70.87,alta,2577.0,0,241.0,40,60.2,0.0,30.66,"Segmento de 62 m en estado muy malo: índice de condición 39/100 (intervalo 90 %: 22–56). Detecciones: 10 grietas longitudinales, 26 piel de cocodrilo, 5 baches. Rugosidad IRI 8.7 m/km. Contexto: hospital a 241 m, 40 siniestros a 250 m. Prioridad alta (71/100).",reconstruccion,inmediata_30_dias,plantilla,det=detector_cpu;fusion=ensamble10,20260930-2219,,,Daño dominante: piel de cocodrilo; acción según estado muy malo.
78,T2-JA-0074,despliegue,Japan,10,19006703,4.560927,-74.138634,d2g3bym,49.6,2026-06-13 16:48,sim_pred,47,0,46,13,27.61,100.0,100.0,65.1,66.1,53.2,12.0,13.8,39.4,22.6,56.3,muy_malo,0.558,0.935,3.9,58.9,71.73,99.62,60.43,73.57,70.78,alta,1470.0,0,148.0,216,63.0,0.0,25.59,"Segmento de 50 m en estado muy malo: índice de condición 39/100 (intervalo 90 %: 23–56). Detecciones: 47 grietas longitudinales, 46 piel de cocodrilo, 13 baches. Rugosidad IRI 12.0 m/km. Contexto: hospital a 148 m, 216 siniestros a 250 m. Prioridad alta (71/100).",reconstruccion,inmediata_30_dias,plantilla,det=detector_cpu;fusion=ensamble10,20260930-2219,,,Daño dominante: piel de cocodrilo; acción según estado muy malo.
79,T2-JA-0124,despliegue,Japan,10,15000687,4.589184,-74.106551,d2g61em,44.2,2026-06-02 11:35,sim_pred,23,0,33,10,13.76,100.0,100.0,69.2,55.6,44.8,10.4,18.4,35.5,18.7,52.4,muy_malo,0.701,0.976,1.57,23.2,71.73,83.38,49.24,55.23,70.77,alta,125.0,1,266.0,76,51.8,2.3,24.75,"Segmento de 44 m en estado muy malo: índice de condición 36/100 (intervalo 90 %: 19–52). Detecciones: 23 grietas longitudinales, 33 piel de cocodrilo, 10 baches. Rugosidad IRI 10.4 m/km. Contexto: colegio a 125 m, hospital a 266 m, 76 siniestros a 250 m. Prioridad alta (71/100).",rehabilitacion,inmediata_30_dias,plantilla,det=detector_cpu;fusion=ensamble10,20260930-2219,,,Daño dominante: baches; acción según estado muy malo.
80,T1-JA-0059,despliegue,Japan,10,1003764,4.72134,-74.046133,d2g6g53,73.9,2026-07-10 16:45,sim_pred,29,0,49,27,23.45,100.0,100.0,60.9,63.5,48.2,11.83,14.2,36.3,19.4,53.1,muy_malo,0.674,0.97,2.25,64.53,71.73,41.54,95.9,61.3,70.75,alta,6237.0,0,111.0,34,142.4,1.4,27.98,"Segmento de 74 m en estado muy malo: índice de condición 36/100 (intervalo 90 %: 19–53). Detecciones: 29 grietas longitudinales, 49 piel de cocodrilo, 27 baches. Rugosidad IRI 11.8 m/km. Contexto: hospital a 111 m, 34 siniestros a 250 m. Prioridad alta (71/100).",reconstruccion,inmediata_30_dias,plantilla,det=detector_cpu;fusion=ensamble10,20260930-2219,,,Daño dominante: piel de cocodrilo; acción según estado muy malo.
81,T2-JA-0090,despliegue,Japan,10,10008039,4.684083,-74.09281,d2g69ux,76.4,2026-09-11 10:27,sim_pred,59,0,66,13,28.21,100.0,100.0,64.0,67.1,52.5,11.21,15.9,39.7,22.9,56.5,muy_malo,0.549,0.938,2.88,62.46,71.73,93.7,48.71,73.51,70.58,alta,1008.0,0,744.0,113,51.6,1.3,32.86,"Segmento de 76 m en estado muy malo: índice de condición 40/100 (intervalo 90 %: 23–56). Detecciones: 59 grietas longitudinales, 66 piel de cocodrilo, 13 baches. Rugosidad IRI 11.2 m/km. Contexto: hospital a 744 m, 113 siniestros a 250 m. Prioridad alta (71/100).",reconstruccion,inmediata_30_dias,plantilla,det=detector_cpu;fusion=ensamble10,20260930-2219,,,Daño dominante: piel de cocodrilo; acción según estado muy malo.
82,TR-IN-0726,test,India,10,7007388,4.599958,-74.155876,d2g60t3,96.7,2026-08-25 15:58,sim_gt,13,0,7,13,9.18,100.0,100.0,77.6,66.7,58.8,6.55,36.8,51.1,34.3,67.9,malo,0.511,0.679,2.52,80.29,100.0,43.78,5.69,78.06,70.56,alta,86.0,14,522.0,25,20.0,0.0,44.29,"Segmento de 97 m en estado malo: índice de condición 51/100 (intervalo 90 %: 34–68). Detecciones: 13 grietas longitudinales, 7 piel de cocodrilo, 13 baches. Rugosidad IRI 6.5 m/km. Contexto: colegio a 86 m, hospital a 522 m, 25 siniestros a 250 m. Prioridad alta (71/100).",bacheo,inmediata_30_dias,plantilla,det=detector_cpu;fusion=ensamble10,20260930-2219,34.0,muy_malo,Daño dominante: baches; acción según estado malo.
83,T1-IN-0062,despliegue,India,10,4000027,4.585688,-74.085988,d2g644u,53.1,2026-09-24 08:58,sim_pred,12,0,12,1,13.05,100.0,100.0,79.9,63.7,56.7,9.6,21.3,44.3,27.4,61.1,malo,0.475,0.857,4.04,86.15,71.73,82.78,56.15,80.26,70.54,alta,2336.0,0,197.0,47,58.6,5.7,30.67,"Segmento de 53 m en estado malo: índice de condición 44/100 (intervalo 90 %: 27–61). Detecciones: 12 grietas longitudinales, 12 piel de cocodrilo, 1 baches. Rugosidad IRI 9.6 m/km. Contexto: hospital a 197 m, 47 siniestros a 250 m. Prioridad alta (70/100).",bacheo,inmediata_30_dias,plantilla,det=detector_cpu;fusion=ensamble10,20260930-2219,,,Daño dominante: baches; acción según estado malo.
84,T2-JA-0057,despliegue,Japan,10,19014820,4.584909,-74.18024,d2g4pfx,150.0,2026-06-19 12:49,sim_pred,28,0,25,5,23.2,100.0,100.0,60.1,76.2,51.7,5.54,44.2,49.1,32.3,65.9,malo,0.52,0.743,2.85,87.15,71.73,29.21,80.96,67.27,70.45,alta,152.0,13,695.0,11,81.4,16.2,38.85,"Segmento de 150 m en estado malo: índice de condición 49/100 (intervalo 90 %: 32–66). Detecciones: 28 grietas longitudinales, 25 piel de cocodrilo, 5 baches. Rugosidad IRI 5.5 m/km. Contexto: colegio a 152 m, hospital a 695 m, 11 siniestros a 250 m. Prioridad alta (70/100).",rehabilitacion,inmediata_30_dias,plantilla,det=detector_cpu;fusion=ensamble10,20260930-2219,,,Daño dominante: piel de cocodrilo; acción según estado malo.
85,T2-IN-0054,despliegue,India,10,10004559,4.704434,-74.105597,d2g6c8m,103.8,2026-08-18 15:03,sim_pred,5,0,42,0,21.05,100.0,100.0,68.6,63.1,52.1,9.8,20.5,41.1,24.2,57.9,malo,0.409,0.906,4.91,81.88,71.73,68.17,74.05,74.9,70.32,alta,491.0,1,192.0,65,77.3,1.0,28.16,"Segmento de 104 m en estado malo: índice de condición 41/100 (intervalo 90 %: 24–58). Detecciones: 5 grietas longitudinales, 42 piel de cocodrilo. Rugosidad IRI 9.8 m/km. Contexto: colegio a 491 m, hospital a 192 m, 65 siniestros a 250 m. Prioridad alta (70/100).",bacheo,inmediata_30_dias,plantilla,det=detector_cpu;fusion=ensamble10,20260930-2219,,,Daño dominante: baches; acción según estado malo.
86,T1-JA-0022,despliegue,Japan,10,16003143,4.602316,-74.107802,d2g61tu,56.1,2026-08-08 08:27,sim_pred,28,0,53,5,25.21,100.0,100.0,60.8,68.6,49.8,11.29,15.7,37.9,21.0,54.7,muy_malo,0.616,0.957,2.85,74.83,71.73,59.33,18.25,69.87,70.23,alta,1581.0,0,73.0,46,31.1,0.0,27.58,"Segmento de 56 m en estado muy malo: índice de condición 38/100 (intervalo 90 %: 21–55). Detecciones: 28 grietas longitudinales, 53 piel de cocodrilo, 5 baches. Rugosidad IRI 11.3 m/km. Contexto: hospital a 73 m, 46 siniestros a 250 m. Prioridad alta (70/100).",reconstruccion,inmediata_30_dias,plantilla,det=detector_cpu;fusion=ensamble10,20260930-2219,,,Daño dominante: piel de cocodrilo; acción según estado muy malo.
87,T1-JA-0012,despliegue,Japan,10,19004855,4.570118,-74.151371,d2g3bxu,47.3,2026-09-10 10:19,sim_pred,51,0,29,12,27.49,100.0,100.0,67.0,69.9,56.4,11.55,15.0,41.9,25.1,58.7,malo,0.444,0.909,2.63,52.22,100.0,80.08,38.66,75.91,70.21,alta,362.0,2,272.0,56,44.9,0.0,46.92,"Segmento de 47 m en estado malo: índice de condición 42/100 (intervalo 90 %: 25–59). Detecciones: 51 grietas longitudinales, 29 piel de cocodrilo, 12 baches. Rugosidad IRI 11.6 m/km. Contexto: colegio a 362 m, hospital a 272 m, 56 siniestros a 250 m. Prioridad alta (70/100).",rehabilitacion,inmediata_30_dias,plantilla,det=detector_cpu;fusion=ensamble10,20260930-2219,,,Daño dominante: piel de cocodrilo; acción según estado malo.
88,T2-IN-0049,despliegue,India,10,10003700,4.707301,-74.124275,d2g6c2b,67.7,2026-07-04 15:25,sim_pred,16,0,5,21,5.64,100.0,100.0,77.5,48.4,40.5,11.67,14.7,31.4,14.6,48.3,muy_malo,0.824,0.991,1.33,43.88,71.73,39.76,94.54,52.59,70.17,alta,469.0,1,531.0,30,127.7,3.0,30.97,"Segmento de 68 m en estado muy malo: índice de condición 31/100 (intervalo 90 %: 15–48). Detecciones: 16 grietas longitudinales, 5 piel de cocodrilo, 21 baches. Rugosidad IRI 11.7 m/km. Contexto: colegio a 469 m, hospital a 531 m, 30 siniestros a 250 m. Prioridad alta (70/100).",rehabilitacion,inmediata_30_dias,plantilla,det=detector_cpu;fusion=ensamble10,20260930-2219,,,Daño dominante: baches; acción según estado muy malo.
89,T1-IN-0026,despliegue,India,10,1000635,4.763311,-74.038483,d2g755n,82.5,2026-06-23 11:01,sim_pred,7,0,5,36,6.04,100.0,100.0,81.9,38.1,31.8,14.31,9.1,23.9,7.0,40.7,muy_malo,0.95,0.999,2.04,21.12,71.73,29.7,99.24,40.98,70.08,alta,7184.0,0,332.0,24,170.0,0.0,24.41,"Segmento de 82 m en estado muy malo: índice de condición 24/100 (intervalo 90 %: 7–41). Detecciones: 7 grietas longitudinales, 5 piel de cocodrilo, 36 baches. Rugosidad IRI 14.3 m/km. Contexto: hospital a 332 m, 24 siniestros a 250 m. Prioridad alta (70/100).",rehabilitacion,inmediata_30_dias,plantilla,det=detector_cpu;fusion=ensamble10,20260930-2219,,,Daño dominante: baches; acción según estado muy malo.
90,T2-JA-0001,despliegue,Japan,10,9004580,4.675262,-74.145208,d2g68g1,87.2,2026-06-19 16:36,sim_pred,46,0,18,4,7.53,100.0,100.0,70.3,74.8,61.4,8.06,28.1,49.8,32.9,66.6,malo,0.519,0.723,2.73,52.43,71.73,84.33,77.96,67.16,70.01,alta,122.0,6,273.0,69,79.8,0.0,26.85,"Segmento de 87 m en estado malo: índice de condición 50/100 (intervalo 90 %: 33–67). Detecciones: 46 grietas longitudinales, 18 piel de cocodrilo, 4 baches. Rugosidad IRI 8.1 m/km. Contexto: colegio a 122 m, hospital a 273 m, 69 siniestros a 250 m. Prioridad alta (70/100).",rehabilitacion,inmediata_30_dias,plantilla,det=detector_cpu;fusion=ensamble10,20260930-2219,,,Daño dominante: piel de cocodrilo; acción según estado malo.
91,T2-IN-0069,despliegue,India,10,16000494,4.625096,-74.12199,d2g633f,150.0,2026-06-01 07:08,sim_pred,6,0,8,14,8.97,100.0,100.0,86.2,62.2,57.3,6.8,35.2,49.6,32.8,66.4,malo,0.506,0.721,3.84,72.45,100.0,91.35,54.44,86.82,69.97,alta,2496.0,0,338.0,107,56.8,0.6,44.2,"Segmento de 150 m en estado malo: índice de condición 50/100 (intervalo 90 %: 33–66). Detecciones: 6 grietas longitudinales, 8 piel de cocodrilo, 14 baches. Rugosidad IRI 6.8 m/km. Contexto: hospital a 338 m, 107 siniestros a 250 m. Prioridad alta (70/100).",bacheo,inmediata_30_dias,plantilla,det=detector_cpu;fusion=ensamble10,20260930-2219,,,Daño dominante: baches; acción según estado malo.
92,T1-JA-0120,despliegue,Japan,10,8005159,4.627632,-74.133082,d2g6343,58.0,2026-08-02 09:45,sim_pred,25,0,30,5,20.28,100.0,100.0,67.6,66.4,55.0,9.87,20.3,42.8,26.0,59.7,malo,0.462,0.893,2.86,92.61,71.73,57.97,40.71,76.64,69.95,alta,1309.0,0,314.0,35,46.4,0.0,40.68,"Segmento de 58 m en estado malo: índice de condición 43/100 (intervalo 90 %: 26–60). Detecciones: 25 grietas longitudinales, 30 piel de cocodrilo, 5 baches. Rugosidad IRI 9.9 m/km. Contexto: hospital a 314 m, 35 siniestros a 250 m. Prioridad alta (70/100).",bacheo,inmediata_30_dias,plantilla,det=detector_cpu;fusion=ensamble10,20260930-2219,,,Daño dominante: baches; acción según estado malo.
93,T2-JA-0093,despliegue,Japan,10,6000058,4.593629,-74.140506,d2g60uh,52.2,2026-08-07 16:38,sim_pred,3,0,19,8,13.64,100.0,100.0,70.8,71.8,61.0,9.5,21.7,47.2,30.4,64.0,malo,0.507,0.79,3.76,86.24,71.73,92.94,1.75,82.84,69.81,alta,770.0,0,273.0,86,13.6,0.0,31.04,"Segmento de 52 m en estado malo: índice de condición 47/100 (intervalo 90 %: 30–64). Detecciones: 3 grietas longitudinales, 19 piel de cocodrilo, 8 baches. Rugosidad IRI 9.5 m/km. Contexto: hospital a 273 m, 86 siniestros a 250 m. Prioridad alta (70/100).",rehabilitacion,inmediata_30_dias,plantilla,det=detector_cpu;fusion=ensamble10,20260930-2219,,,Daño dominante: piel de cocodrilo; acción según estado malo.
94,T1-IN-0042,despliegue,India,10,10008004,4.684244,-74.088987,d2g6dhd,65.1,2026-09-11 13:43,sim_pred,8,0,7,6,8.1,100.0,100.0,77.9,65.1,57.4,8.64,25.3,46.1,29.3,63.0,malo,0.514,0.826,2.46,84.14,84.96,70.75,48.71,81.08,69.75,alta,1414.0,0,742.0,58,51.6,1.5,33.63,"Segmento de 65 m en estado malo: índice de condición 46/100 (intervalo 90 %: 29–63). Detecciones: 8 grietas longitudinales, 7 piel de cocodrilo, 6 baches. Rugosidad IRI 8.6 m/km. Contexto: hospital a 742 m, 58 siniestros a 250 m. Prioridad alta (70/100).",bacheo,inmediata_30_dias,plantilla,det=detector_cpu;fusion=ensamble10,20260930-2219,,,Daño dominante: baches; acción según estado malo.
95,TR-JA-0048,test,Japan,10,8000269,4.652349,-74.139563,d2g62yv,105.7,2026-07-10 14:09,sim_gt,67,0,38,23,28.16,100.0,100.0,60.7,65.1,48.5,10.28,18.8,38.1,21.3,55.0,muy_malo,0.609,0.958,1.72,43.88,88.17,32.55,13.09,56.55,69.74,alta,137.0,5,529.0,31,28.3,1.9,37.22,"Segmento de 106 m en estado muy malo: índice de condición 38/100 (intervalo 90 %: 21–55). Detecciones: 67 grietas longitudinales, 38 piel de cocodrilo, 23 baches. Rugosidad IRI 10.3 m/km. Contexto: colegio a 137 m, hospital a 529 m, 31 siniestros a 250 m. Prioridad alta (70/100).",reconstruccion,inmediata_30_dias,plantilla,det=detector_cpu;fusion=ensamble10,20260930-2219,37.5,muy_malo,Daño dominante: piel de cocodrilo; acción según estado muy malo.
96,TR-JA-0157,test,Japan,10,15000914,4.587008,-74.095083,d2g61gj,43.6,2026-07-14 12:31,sim_gt,43,0,74,8,36.54,100.0,100.0,54.3,69.5,43.6,9.68,21.0,35.7,18.9,52.5,muy_malo,0.694,0.974,2.28,43.88,71.73,89.98,24.24,65.15,69.65,alta,1318.0,0,436.0,87,37.3,2.3,24.84,"Segmento de 44 m en estado muy malo: índice de condición 36/100 (intervalo 90 %: 19–52). Detecciones: 43 grietas longitudinales, 74 piel de cocodrilo, 8 baches. Rugosidad IRI 9.7 m/km. Contexto: hospital a 436 m, 87 siniestros a 250 m. Prioridad alta (70/100).",reconstruccion,inmediata_30_dias,plantilla,det=detector_cpu;fusion=ensamble10,20260930-2219,18.4,muy_malo,Daño dominante: piel de cocodrilo; acción según estado muy malo.
97,T2-IN-0067,despliegue,India,10,8004340,4.631775,-74.171164,d2g625n,93.1,2026-06-13 11:01,sim_pred,6,0,23,7,10.17,100.0,100.0,80.7,69.3,62.5,8.63,25.3,49.5,32.7,66.4,malo,0.504,0.723,4.04,72.45,71.73,47.08,75.23,65.85,69.63,alta,50.0,3,834.0,31,77.8,0.0,27.2,"Segmento de 93 m en estado malo: índice de condición 50/100 (intervalo 90 %: 33–66). Detecciones: 6 grietas longitudinales, 23 piel de cocodrilo, 7 baches. Rugosidad IRI 8.6 m/km. Contexto: colegio a 50 m, hospital a 834 m, 31 siniestros a 250 m. Prioridad alta (70/100).",bacheo,inmediata_30_dias,plantilla,det=detector_cpu;fusion=ensamble10,20260930-2219,,,Daño dominante: baches; acción según estado malo.
98,T1-JA-0098,despliegue,Japan,10,2001740,4.639314,-74.065802,d2g66sd,114.9,2026-09-05 12:42,sim_pred,42,0,70,10,30.92,100.0,100.0,64.0,71.7,54.1,10.07,19.5,42.0,25.2,58.8,malo,0.439,0.902,3.63,52.33,84.96,95.6,44.54,74.57,69.62,alta,5918.0,0,221.0,124,49.4,4.4,30.64,"Segmento de 115 m en estado malo: índice de condición 42/100 (intervalo 90 %: 25–59). Detecciones: 42 grietas longitudinales, 70 piel de cocodrilo, 10 baches. Rugosidad IRI 10.1 m/km. Contexto: hospital a 221 m, 124 siniestros a 250 m. Prioridad alta (70/100).",rehabilitacion,inmediata_30_dias,plantilla,det=detector_cpu;fusion=ensamble10,20260930-2219,,,Daño dominante: piel de cocodrilo; acción según estado malo.
99,T1-IN-0065,despliegue,India,10,19001530,4.586713,-74.163761,d2g606g,74.1,2026-06-04 09:06,sim_pred,4,0,5,4,8.06,100.0,100.0,75.7,67.6,59.1,5.71,42.8,53.4,36.6,70.2,malo,0.479,0.598,2.48,93.75,84.96,47.08,21.62,79.01,69.56,alta,114.0,3,197.0,29,35.4,1.3,45.01,"Segmento de 74 m en estado malo: índice de condición 53/100 (intervalo 90 %: 37–70). Detecciones: 4 grietas longitudinales, 5 piel de cocodrilo, 4 baches. Rugosidad IRI 5.7 m/km. Contexto: colegio a 114 m, hospital a 197 m, 29 siniestros a 250 m. Prioridad alta (70/100).",bacheo,inmediata_30_dias,plantilla,det=detector_cpu;fusion=ensamble10,20260930-2219,,,Daño dominante: baches; acción según estado malo.
100,T1-IN-0087,despliegue,India,10,5002031,4.515,-74.11819,d2g39mu,52.1,2026-08-31 09:41,sim_pred,0,0,11,7,12.63,100.0,100.0,77.6,64.7,56.9,8.25,27.1,46.4,29.6,63.3,malo,0.509,0.815,3.16,70.35,71.73,81.18,78.22,73.54,69.55,alta,5766.0,0,255.0,62,80.0,0.0,27.01,"Segmento de 52 m en estado malo: índice de condición 46/100 (intervalo 90 %: 30–63). Detecciones: 11 piel de cocodrilo, 7 baches. Rugosidad IRI 8.2 m/km. Contexto: hospital a 255 m, 62 siniestros a 250 m. Prioridad alta (70/100).",bacheo,inmediata_30_dias,plantilla,det=detector_cpu;fusion=ensamble10,20260930-2219,,,Daño dominante: baches; acción según estado malo.
101,T2-IN-0093,despliegue,India,10,8010249,4.607285,-74.142511,d2g60ye,132.3,2026-07-06 09:57,sim_pred,0,0,0,18,1.22,100.0,100.0,96.9,56.8,55.7,5.72,42.8,51.2,34.4,68.0,malo,0.51,0.676,2.54,97.04,71.73,96.93,63.54,88.15,69.54,alta,922.0,0,133.0,110,67.9,1.5,42.85,"Segmento de 132 m en estado malo: índice de condición 51/100 (intervalo 90 %: 34–68). Detecciones: 18 baches. Rugosidad IRI 5.7 m/km. Contexto: hospital a 133 m, 110 siniestros a 250 m. Prioridad alta (70/100).",bacheo,inmediata_30_dias,plantilla,det=detector_cpu;fusion=ensamble10,20260930-2219,,,Daño dominante: baches; acción según estado malo.
102,T1-JA-0067,despliegue,Japan,10,8002227,4.640519,-74.140559,d2g62uu,49.7,2026-06-18 13:11,sim_pred,8,0,26,9,19.34,100.0,100.0,72.6,60.5,50.9,9.65,21.1,40.5,23.7,57.3,muy_malo,0.519,0.924,3.62,27.98,100.0,73.48,76.33,64.56,69.53,alta,607.0,0,27.0,55,78.8,0.0,41.55,"Segmento de 50 m en estado muy malo: índice de condición 40/100 (intervalo 90 %: 24–57). Detecciones: 8 grietas longitudinales, 26 piel de cocodrilo, 9 baches. Rugosidad IRI 9.7 m/km. Contexto: hospital a 27 m, 55 siniestros a 250 m. Prioridad alta (70/100).",rehabilitacion,inmediata_30_dias,plantilla,det=detector_cpu;fusion=ensamble10,20260930-2219,,,Daño dominante: baches; acción según estado muy malo.
103,T1-IN-0002,despliegue,India,10,1007015,4.720848,-74.042734,d2g6g57,68.8,2026-09-13 15:08,sim_pred,21,0,31,8,18.23,100.0,100.0,68.2,66.9,55.8,10.18,19.1,43.0,26.1,59.8,malo,0.464,0.89,2.89,88.41,71.73,30.69,93.55,68.14,69.47,alta,6610.0,0,243.0,25,123.4,1.5,39.26,"Segmento de 69 m en estado malo: índice de condición 43/100 (intervalo 90 %: 26–60). Detecciones: 21 grietas longitudinales, 31 piel de cocodrilo, 8 baches. Rugosidad IRI 10.2 m/km. Contexto: hospital a 243 m, 25 siniestros a 250 m. Prioridad alta (70/100).",bacheo,inmediata_30_dias,plantilla,det=detector_cpu;fusion=ensamble10,20260930-2219,,,Daño dominante: baches; acción según estado malo.
104,T2-JA-0028,despliegue,Japan,10,11005127,4.739887,-74.085246,d2g6fnu,40.4,2026-07-19 11:16,sim_pred,39,0,13,7,16.18,100.0,100.0,70.2,79.8,63.1,6.4,37.9,54.3,37.4,71.1,malo,0.46,0.565,2.83,66.89,100.0,93.32,88.96,85.09,69.47,alta,1534.0,0,278.0,118,103.8,2.5,44.54,"Segmento de 40 m en estado malo: índice de condición 54/100 (intervalo 90 %: 37–71). Detecciones: 39 grietas longitudinales, 13 piel de cocodrilo, 7 baches. Rugosidad IRI 6.4 m/km. Contexto: hospital a 278 m, 118 siniestros a 250 m. Prioridad alta (70/100).",rehabilitacion,inmediata_30_dias,plantilla,det=detector_cpu;fusion=ensamble10,20260930-2219,,,Daño dominante: piel de cocodrilo; acción según estado malo.
105,T2-JA-0091,despliegue,Japan,10,4002811,4.557088,-74.091689,d2g3fj8,94.0,2026-09-11 09:00,sim_pred,23,0,29,14,15.62,100.0,100.0,64.7,61.7,49.3,8.99,23.8,40.4,23.5,57.2,muy_malo,0.524,0.935,1.56,56.13,84.96,77.43,68.66,71.55,69.39,alta,3842.0,0,321.0,57,71.9,11.7,29.45,"Segmento de 94 m en estado muy malo: índice de condición 40/100 (intervalo 90 %: 24–57). Detecciones: 23 grietas longitudinales, 29 piel de cocodrilo, 14 baches. Rugosidad IRI 9.0 m/km. Contexto: hospital a 321 m, 57 siniestros a 250 m. Prioridad alta (69/100).",rehabilitacion,inmediata_30_dias,plantilla,det=detector_cpu;fusion=ensamble10,20260930-2219,,,Daño dominante: baches; acción según estado muy malo.
106,T2-IN-0025,despliegue,India,10,7004088,4.615844,-74.213656,d2g4r0r,60.3,2026-06-09 09:34,sim_pred,4,0,29,14,14.14,100.0,100.0,74.0,58.5,49.4,10.34,18.6,38.6,21.8,55.4,muy_malo,0.589,0.949,2.94,62.69,71.73,24.81,72.8,56.38,69.39,alta,77.0,5,761.0,18,76.3,1.7,25.88,"Segmento de 60 m en estado muy malo: índice de condición 39/100 (intervalo 90 %: 22–55). Detecciones: 4 grietas longitudinales, 29 piel de cocodrilo, 14 baches. Rugosidad IRI 10.3 m/km. Contexto: colegio a 77 m, hospital a 761 m, 18 siniestros a 250 m. Prioridad alta (69/100).",rehabilitacion,inmediata_30_dias,plantilla,det=detector_cpu;fusion=ensamble10,20260930-2219,,,Daño dominante: baches; acción según estado muy malo.
107,T1-IN-0089,despliegue,India,10,8009594,4.609534,-74.135675,d2g61p0,62.7,2026-08-03 07:13,sim_pred,6,0,4,31,6.19,100.0,100.0,90.1,52.6,49.1,8.13,27.7,41.6,24.8,58.5,malo,0.442,0.917,1.75,89.62,84.96,30.69,18.66,73.26,69.33,alta,1565.0,0,419.0,21,31.4,0.0,43.93,"Segmento de 63 m en estado malo: índice de condición 42/100 (intervalo 90 %: 25–58). Detecciones: 6 grietas longitudinales, 4 piel de cocodrilo, 31 baches. Rugosidad IRI 8.1 m/km. Contexto: hospital a 419 m, 21 siniestros a 250 m. Prioridad alta (69/100).",bacheo,inmediata_30_dias,plantilla,det=detector_cpu;fusion=ensamble10,20260930-2219,,,Daño dominante: baches; acción según estado malo.
108,T1-IN-0057,despliegue,India,10,2002246,4.658811,-74.061774,d2g6d8j,61.3,2026-07-01 07:43,sim_pred,5,0,0,62,3.62,100.0,100.0,88.6,38.9,34.9,14.58,8.7,25.7,8.9,42.6,muy_malo,0.927,0.998,2.56,2.8,71.73,92.72,56.11,49.4,69.33,alta,5001.0,0,271.0,122,58.5,1.6,22.13,"Segmento de 61 m en estado muy malo: índice de condición 26/100 (intervalo 90 %: 9–43). Detecciones: 5 grietas longitudinales, 62 baches. Rugosidad IRI 14.6 m/km. Contexto: hospital a 271 m, 122 siniestros a 250 m. Prioridad alta (69/100).",rehabilitacion,inmediata_30_dias,plantilla,det=detector_cpu;fusion=ensamble10,20260930-2219,,,Daño dominante: baches; acción según estado muy malo.
109,T2-JA-0095,despliegue,Japan,10,11009615,4.717165,-74.088977,d2g6f4d,46.4,2026-09-08 16:29,sim_pred,9,0,28,1,14.44,100.0,100.0,62.7,66.8,51.1,8.88,24.2,41.7,24.8,58.5,malo,0.437,0.912,2.82,98.78,71.73,34.64,69.76,73.28,69.31,alta,2033.0,0,863.0,21,72.3,28.0,43.71,"Segmento de 46 m en estado malo: índice de condición 42/100 (intervalo 90 %: 25–58). Detecciones: 9 grietas longitudinales, 28 piel de cocodrilo, 1 baches. Rugosidad IRI 8.9 m/km. Contexto: hospital a 863 m, 21 siniestros a 250 m. Prioridad alta (69/100).",rehabilitacion,inmediata_30_dias,plantilla,det=detector_cpu;fusion=ensamble10,20260930-2219,,,Daño dominante: piel de cocodrilo; acción según estado malo.
110,T1-IN-0080,despliegue,India,10,8014000,4.616972,-74.182061,d2g4rbq,114.2,2026-06-07 10:28,sim_pred,11,0,16,5,12.5,100.0,100.0,69.6,63.1,52.5,10.41,18.4,40.6,23.7,57.4,muy_malo,0.517,0.928,2.82,81.88,84.96,36.27,36.65,71.56,69.29,alta,483.0,1,479.0,15,43.6,1.8,32.2,"Segmento de 114 m en estado muy malo: índice de condición 41/100 (intervalo 90 %: 24–57). Detecciones: 11 grietas longitudinales, 16 piel de cocodrilo, 5 baches. Rugosidad IRI 10.4 m/km. Contexto: colegio a 483 m, hospital a 479 m, 15 siniestros a 250 m. Prioridad alta (69/100).",rehabilitacion,inmediata_30_dias,plantilla,det=detector_cpu;fusion=ensamble10,20260930-2219,,,Daño dominante: baches; acción según estado muy malo.
111,T1-IN-0048,despliegue,India,10,1002188,4.737941,-74.026445,d2g6gqx,84.3,2026-09-23 08:17,sim_pred,5,0,17,26,11.22,100.0,100.0,80.9,54.0,47.3,9.47,21.8,38.3,21.5,55.2,muy_malo,0.599,0.952,2.97,25.98,100.0,61.15,86.61,60.68,69.26,alta,8054.0,0,266.0,36,97.2,3.6,52.0,"Segmento de 84 m en estado muy malo: índice de condición 38/100 (intervalo 90 %: 22–55). Detecciones: 5 grietas longitudinales, 17 piel de cocodrilo, 26 baches. Rugosidad IRI 9.5 m/km. Contexto: hospital a 266 m, 36 siniestros a 250 m. Prioridad alta (69/100).",rehabilitacion,inmediata_30_dias,plantilla,det=detector_cpu;fusion=ensamble10,20260930-2219,,,Daño dominante: baches; acción según estado muy malo.
112,T1-IN-0069,despliegue,India,10,8006945,4.620258,-74.126679,d2g631n,106.6,2026-09-12 10:57,sim_pred,8,0,15,18,12.1,100.0,100.0,84.1,61.8,56.3,8.08,28.0,46.4,29.5,63.2,malo,0.516,0.821,2.43,80.29,71.73,91.35,47.69,80.06,69.21,alta,2330.0,0,719.0,80,51.1,0.0,27.87,"Segmento de 107 m en estado malo: índice de condición 46/100 (intervalo 90 %: 30–63). Detecciones: 8 grietas longitudinales, 15 piel de cocodrilo, 18 baches. Rugosidad IRI 8.1 m/km. Contexto: hospital a 719 m, 80 siniestros a 250 m. Prioridad alta (69/100).",bacheo,inmediata_30_dias,plantilla,det=detector_cpu;fusion=ensamble10,20260930-2219,,,Daño dominante: baches; acción según estado malo.
113,T2-JA-0077,despliegue,Japan,10,1004075,4.716309,-74.029076,d2g6g6t,55.7,2026-06-24 14:49,sim_pred,9,0,25,4,18.04,100.0,100.0,64.2,67.2,52.7,9.65,21.1,41.6,24.8,58.5,malo,0.424,0.901,4.54,43.88,100.0,51.75,98.75,65.49,69.21,alta,8205.0,0,298.0,45,166.0,5.4,42.91,"Segmento de 56 m en estado malo: índice de condición 42/100 (intervalo 90 %: 25–58). Detecciones: 9 grietas longitudinales, 25 piel de cocodrilo, 4 baches. Rugosidad IRI 9.7 m/km. Contexto: hospital a 298 m, 45 siniestros a 250 m. Prioridad alta (69/100).",rehabilitacion,inmediata_30_dias,plantilla,det=detector_cpu;fusion=ensamble10,20260930-2219,,,Daño dominante: piel de cocodrilo; acción según estado malo.
114,TR-JA-0716,test,Japan,10,6000501,4.587872,-74.15392,d2g60e4,70.4,2026-08-10 12:01,sim_gt,0,0,16,11,10.76,100.0,100.0,61.0,62.4,47.8,8.03,28.2,41.0,24.1,57.8,muy_malo,0.501,0.918,3.47,52.22,71.73,53.11,0.23,59.27,69.13,alta,215.0,3,673.0,28,11.7,,25.13,"Segmento de 70 m en estado muy malo: índice de condición 41/100 (intervalo 90 %: 24–58). Detecciones: 16 piel de cocodrilo, 11 baches. Rugosidad IRI 8.0 m/km. Contexto: colegio a 215 m, hospital a 673 m, 28 siniestros a 250 m. Prioridad alta (69/100).",reconstruccion,inmediata_30_dias,plantilla,det=detector_cpu;fusion=ensamble10,20260930-2219,33.2,muy_malo,Daño dominante: piel de cocodrilo; acción según estado muy malo.
115,T1-JA-0002,despliegue,Japan,10,10000830,4.716805,-74.136285,d2g6bfx,98.8,2026-08-22 15:44,sim_pred,25,0,21,16,13.17,100.0,100.0,68.4,67.3,56.2,9.26,22.6,44.5,27.6,61.3,malo,0.484,0.858,3.43,96.38,71.73,2.62,28.03,64.31,69.05,alta,103.0,7,489.0,3,39.3,4.0,42.29,"Segmento de 99 m en estado malo: índice de condición 44/100 (intervalo 90 %: 28–61). Detecciones: 25 grietas longitudinales, 21 piel de cocodrilo, 16 baches. Rugosidad IRI 9.3 m/km. Contexto: colegio a 103 m, hospital a 489 m, 3 siniestros a 250 m. Prioridad alta (69/100).",bacheo,inmediata_30_dias,plantilla,det=detector_cpu;fusion=ensamble10,20260930-2219,,,Daño dominante: baches; acción según estado malo.
116,T1-JA-0070,despliegue,Japan,10,4000824,4.570974,-74.085432,d2g640h,150.0,2026-07-24 15:57,sim_pred,9,0,24,15,16.97,100.0,100.0,73.6,70.4,61.2,8.18,27.4,49.4,32.5,66.2,malo,0.494,0.722,4.73,62.85,84.96,87.18,85.2,76.67,69.04,alta,3051.0,0,270.0,66,90.8,6.4,30.7,"Segmento de 150 m en estado malo: índice de condición 49/100 (intervalo 90 %: 32–66). Detecciones: 9 grietas longitudinales, 24 piel de cocodrilo, 15 baches. Rugosidad IRI 8.2 m/km. Contexto: hospital a 270 m, 66 siniestros a 250 m. Prioridad alta (69/100).",bacheo,inmediata_30_dias,plantilla,det=detector_cpu;fusion=ensamble10,20260930-2219,,,Daño dominante: baches; acción según estado malo.
117,T1-JA-0095,despliegue,Japan,10,19005225,4.568834,-74.162161,d2g3brs,71.5,2026-06-18 12:47,sim_pred,35,0,40,7,22.66,100.0,100.0,68.3,59.6,48.5,11.37,15.5,36.9,20.1,53.8,muy_malo,0.65,0.965,2.68,83.87,71.73,27.28,59.22,65.47,69.03,alta,522.0,0,393.0,17,61.7,0.0,28.69,"Segmento de 72 m en estado muy malo: índice de condición 37/100 (intervalo 90 %: 20–54). Detecciones: 35 grietas longitudinales, 40 piel de cocodrilo, 7 baches. Rugosidad IRI 11.4 m/km. Contexto: hospital a 393 m, 17 siniestros a 250 m. Prioridad alta (69/100).",rehabilitacion,inmediata_30_dias,plantilla,det=detector_cpu;fusion=ensamble10,20260930-2219,,,Daño dominante: baches; acción según estado muy malo.
118,TR-IN-0713,test,India,10,7004793,4.61243,-74.191333,d2g4pxx,110.3,2026-06-05 07:37,sim_gt,4,0,3,10,3.37,100.0,100.0,91.9,52.9,50.1,6.48,37.3,45.6,28.8,62.4,malo,0.514,0.843,1.74,89.21,71.73,20.6,26.33,65.94,69.02,alta,298.0,3,269.0,10,38.6,0.0,39.55,"Segmento de 110 m en estado malo: índice de condición 46/100 (intervalo 90 %: 29–62). Detecciones: 4 grietas longitudinales, 3 piel de cocodrilo, 10 baches. Rugosidad IRI 6.5 m/km. Contexto: colegio a 298 m, hospital a 269 m, 10 siniestros a 250 m. Prioridad alta (69/100).",bacheo,inmediata_30_dias,plantilla,det=detector_cpu;fusion=ensamble10,20260930-2219,53.7,malo,Daño dominante: baches; acción según estado malo.
119,T1-JA-0027,despliegue,Japan,10,1005641,4.687684,-74.046878,d2g6ej2,95.5,2026-06-26 08:07,sim_pred,32,0,33,27,23.09,100.0,100.0,64.1,69.1,53.3,8.56,25.6,43.6,26.8,60.4,malo,0.473,0.876,3.24,62.46,71.73,70.75,87.78,67.77,68.94,alta,6074.0,0,269.0,69,99.1,3.1,27.86,"Segmento de 96 m en estado malo: índice de condición 44/100 (intervalo 90 %: 27–60). Detecciones: 32 grietas longitudinales, 33 piel de cocodrilo, 27 baches. Rugosidad IRI 8.6 m/km. Contexto: hospital a 269 m, 69 siniestros a 250 m. Prioridad alta (69/100).",rehabilitacion,inmediata_30_dias,plantilla,det=detector_cpu;fusion=ensamble10,20260930-2219,,,Daño dominante: piel de cocodrilo; acción según estado malo.
120,T2-IN-0024,despliegue,India,10,14001176,4.59915,-74.103497,d2g61tp,55.2,2026-06-02 13:08,sim_pred,7,0,36,2,13.97,100.0,100.0,66.0,69.2,55.3,9.1,23.3,44.1,27.2,60.9,malo,0.474,0.863,3.87,43.88,100.0,93.1,49.24,75.82,68.89,alta,1284.0,0,521.0,117,51.8,1.8,41.26,"Segmento de 55 m en estado malo: índice de condición 44/100 (intervalo 90 %: 27–61). Detecciones: 7 grietas longitudinales, 36 piel de cocodrilo, 2 baches. Rugosidad IRI 9.1 m/km. Contexto: hospital a 521 m, 117 siniestros a 250 m. Prioridad alta (69/100).",rehabilitacion,inmediata_30_dias,plantilla,det=detector_cpu;fusion=ensamble10,20260930-2219,,,Daño dominante: piel de cocodrilo; acción según estado malo.
121,T2-JA-0025,despliegue,Japan,10,10010677,4.704268,-74.111616,d2g6c83,46.0,2026-08-01 14:59,sim_pred,38,0,28,8,18.55,100.0,100.0,68.1,70.8,57.9,8.98,23.8,46.0,29.1,62.8,malo,0.501,0.823,3.53,90.38,88.17,16.39,86.23,71.11,68.86,alta,541.0,0,517.0,20,95.9,2.2,53.23,"Segmento de 46 m en estado malo: índice de condición 46/100 (intervalo 90 %: 29–63). Detecciones: 38 grietas longitudinales, 28 piel de cocodrilo, 8 baches. Rugosidad IRI 9.0 m/km. Contexto: hospital a 517 m, 20 siniestros a 250 m. Prioridad alta (69/100).",rehabilitacion,inmediata_30_dias,plantilla,det=detector_cpu;fusion=ensamble10,20260930-2219,,,Daño dominante: piel de cocodrilo; acción según estado malo.
122,T1-JA-0089,despliegue,Japan,10,7007670,4.598248,-74.185343,d2g4pv5,47.2,2026-07-18 11:34,sim_pred,14,0,36,6,20.08,100.0,100.0,66.8,76.4,58.6,10.15,19.2,44.8,28.0,61.6,malo,0.485,0.848,3.79,25.98,100.0,75.42,5.58,64.25,68.81,alta,252.0,5,595.0,56,19.8,0.0,45.93,"Segmento de 47 m en estado malo: índice de condición 45/100 (intervalo 90 %: 28–62). Detecciones: 14 grietas longitudinales, 36 piel de cocodrilo, 6 baches. Rugosidad IRI 10.2 m/km. Contexto: colegio a 252 m, hospital a 595 m, 56 siniestros a 250 m. Prioridad alta (69/100).",rehabilitacion,inmediata_30_dias,plantilla,det=detector_cpu;fusion=ensamble10,20260930-2219,,,Daño dominante: piel de cocodrilo; acción según estado malo.
123,TR-IN-0686,test,India,10,11002319,4.749031,-74.064038,d2g748s,42.1,2026-09-14 09:25,sim_gt,4,0,12,7,7.11,100.0,100.0,87.4,70.7,66.3,7.49,31.1,54.0,37.1,70.8,malo,0.464,0.576,3.05,81.88,88.17,77.09,93.85,82.88,68.77,alta,4001.0,0,198.0,61,124.2,0.0,40.54,"Segmento de 42 m en estado malo: índice de condición 54/100 (intervalo 90 %: 37–71). Detecciones: 4 grietas longitudinales, 12 piel de cocodrilo, 7 baches. Rugosidad IRI 7.5 m/km. Contexto: hospital a 198 m, 61 siniestros a 250 m. Prioridad alta (69/100).",bacheo,inmediata_30_dias,plantilla,det=detector_cpu;fusion=ensamble10,20260930-2219,48.3,malo,Daño dominante: baches; acción según estado malo.
124,T1-IN-0086,despliegue,India,10,11012944,4.755621,-74.0827,d2g741w,48.8,2026-08-05 13:53,sim_pred,5,0,24,21,17.68,100.0,100.0,78.5,50.2,42.7,9.83,20.4,34.9,18.0,51.7,muy_malo,0.723,0.979,1.83,66.76,71.73,8.5,95.56,53.93,68.65,alta,2292.0,0,440.0,9,137.1,0.0,26.45,"Segmento de 49 m en estado muy malo: índice de condición 35/100 (intervalo 90 %: 18–52). Detecciones: 5 grietas longitudinales, 24 piel de cocodrilo, 21 baches. Rugosidad IRI 9.8 m/km. Contexto: hospital a 440 m, 9 siniestros a 250 m. Prioridad alta (69/100).",rehabilitacion,inmediata_30_dias,plantilla,det=detector_cpu;fusion=ensamble10,20260930-2219,,,Daño dominante: baches; acción según estado muy malo.
125,TR-IN-0522,test,India,10,19012088,4.536184,-74.145743,d2g3bcb,51.9,2026-06-08 15:06,sim_gt,6,0,7,26,6.85,100.0,100.0,81.8,49.3,42.9,10.43,18.3,34.3,17.5,51.1,muy_malo,0.74,0.981,2.04,70.35,84.96,9.83,59.07,60.33,68.54,alta,2264.0,0,90.0,9,61.6,0.0,31.05,"Segmento de 52 m en estado muy malo: índice de condición 34/100 (intervalo 90 %: 18–51). Detecciones: 6 grietas longitudinales, 7 piel de cocodrilo, 26 baches. Rugosidad IRI 10.4 m/km. Contexto: hospital a 90 m, 9 siniestros a 250 m. Prioridad alta (68/100).",rehabilitacion,inmediata_30_dias,plantilla,det=detector_cpu;fusion=ensamble10,20260930-2219,35.6,muy_malo,Daño dominante: baches; acción según estado muy malo.
126,T1-JA-0045,despliegue,Japan,10,6001042,4.580202,-74.138837,d2g60cv,50.9,2026-09-23 13:02,sim_pred,35,0,31,8,14.11,100.0,100.0,59.3,69.1,48.5,10.75,17.3,37.6,20.7,54.4,muy_malo,0.625,0.957,3.41,61.12,71.73,61.15,0.49,64.84,68.39,alta,1727.0,0,660.0,39,12.3,0.0,25.75,"Segmento de 51 m en estado muy malo: índice de condición 38/100 (intervalo 90 %: 21–54). Detecciones: 35 grietas longitudinales, 31 piel de cocodrilo, 8 baches. Rugosidad IRI 10.8 m/km. Contexto: hospital a 660 m, 39 siniestros a 250 m. Prioridad alta (68/100).",reconstruccion,inmediata_30_dias,plantilla,det=detector_cpu;fusion=ensamble10,20260930-2219,,,Daño dominante: piel de cocodrilo; acción según estado muy malo.
127,T1-JA-0102,despliegue,Japan,10,10001062,4.715894,-74.115294,d2g6c6w,102.1,2026-09-13 08:53,sim_pred,12,0,45,5,19.68,100.0,100.0,64.0,63.0,50.4,9.08,23.4,41.0,24.1,57.8,muy_malo,0.501,0.916,3.85,43.88,71.73,78.45,75.87,62.27,68.33,alta,457.0,1,837.0,64,78.3,1.0,24.84,"Segmento de 102 m en estado muy malo: índice de condición 41/100 (intervalo 90 %: 24–58). Detecciones: 12 grietas longitudinales, 45 piel de cocodrilo, 5 baches. Rugosidad IRI 9.1 m/km. Contexto: colegio a 457 m, hospital a 837 m, 64 siniestros a 250 m. Prioridad alta (68/100).",rehabilitacion,inmediata_30_dias,plantilla,det=detector_cpu;fusion=ensamble10,20260930-2219,,,Daño dominante: baches; acción según estado muy malo.
128,T2-JA-0065,despliegue,Japan,10,19008162,4.553465,-74.139906,d2g3buu,111.9,2026-06-28 11:20,sim_pred,18,0,46,11,23.97,100.0,100.0,62.8,69.2,52.1,9.62,21.2,41.2,24.4,58.1,malo,0.426,0.917,3.02,57.95,71.73,86.27,29.51,69.85,68.19,alta,1903.0,0,335.0,70,40.1,2.7,25.47,"Segmento de 112 m en estado malo: índice de condición 41/100 (intervalo 90 %: 24–58). Detecciones: 18 grietas longitudinales, 46 piel de cocodrilo, 11 baches. Rugosidad IRI 9.6 m/km. Contexto: hospital a 335 m, 70 siniestros a 250 m. Prioridad alta (68/100).",rehabilitacion,inmediata_30_dias,plantilla,det=detector_cpu;fusion=ensamble10,20260930-2219,,,Daño dominante: piel de cocodrilo; acción según estado malo.
129,T2-JA-0005,despliegue,Japan,10,13000717,4.645369,-74.067645,d2g66t9,43.8,2026-06-24 09:09,sim_pred,32,0,42,2,20.02,100.0,100.0,66.0,73.7,56.8,8.1,27.8,46.7,29.8,63.5,malo,0.513,0.811,2.93,90.63,71.73,65.21,62.82,77.66,68.07,alta,5316.0,0,114.0,40,66.4,0.0,41.25,"Segmento de 44 m en estado malo: índice de condición 47/100 (intervalo 90 %: 30–64). Detecciones: 32 grietas longitudinales, 42 piel de cocodrilo, 2 baches. Rugosidad IRI 8.1 m/km. Contexto: hospital a 114 m, 40 siniestros a 250 m. Prioridad alta (68/100).",rehabilitacion,inmediata_30_dias,plantilla,det=detector_cpu;fusion=ensamble10,20260930-2219,,,Daño dominante: piel de cocodrilo; acción según estado malo.
130,T2-JA-0064,despliegue,Japan,10,4001946,4.562725,-74.089731,d2g3fn9,42.6,2026-06-04 08:34,sim_pred,26,0,34,17,19.07,100.0,100.0,60.9,67.7,49.6,11.7,14.6,37.4,20.5,54.2,muy_malo,0.635,0.961,2.78,52.98,71.73,68.7,70.22,63.47,67.97,alta,3407.0,0,456.0,38,73.0,0.0,25.27,"Segmento de 43 m en estado muy malo: índice de condición 37/100 (intervalo 90 %: 20–54). Detecciones: 26 grietas longitudinales, 34 piel de cocodrilo, 17 baches. Rugosidad IRI 11.7 m/km. Contexto: hospital a 456 m, 38 siniestros a 250 m. Prioridad alta (68/100).",reconstruccion,inmediata_30_dias,plantilla,det=detector_cpu;fusion=ensamble10,20260930-2219,,,Daño dominante: piel de cocodrilo; acción según estado muy malo.
131,T2-JA-0123,despliegue,Japan,10,9001696,4.679855,-74.169389,d2g685z,150.0,2026-07-08 16:22,sim_pred,16,0,24,14,14.48,100.0,100.0,69.0,58.2,47.4,6.95,34.3,42.8,26.0,59.6,malo,0.46,0.893,2.93,81.92,100.0,14.49,39.11,71.39,67.88,alta,252.0,5,1729.0,12,45.2,0.9,45.18,"Segmento de 150 m en estado malo: índice de condición 43/100 (intervalo 90 %: 26–60). Detecciones: 16 grietas longitudinales, 24 piel de cocodrilo, 14 baches. Rugosidad IRI 7.0 m/km. Contexto: colegio a 252 m, 12 siniestros a 250 m. Prioridad alta (68/100).",bacheo,inmediata_30_dias,plantilla,det=detector_cpu;fusion=ensamble10,20260930-2219,,,Daño dominante: baches; acción según estado malo.
132,T2-JA-0088,despliegue,Japan,10,8009434,4.610595,-74.152476,d2g60x7,150.0,2026-07-18 09:42,sim_pred,51,0,38,9,21.94,100.0,100.0,71.9,60.8,50.9,6.95,34.3,45.1,28.3,61.9,malo,0.501,0.849,2.68,90.07,71.73,4.51,5.58,62.26,67.84,alta,68.0,3,643.0,5,19.8,0.0,39.98,"Segmento de 150 m en estado malo: índice de condición 45/100 (intervalo 90 %: 28–62). Detecciones: 51 grietas longitudinales, 38 piel de cocodrilo, 9 baches. Rugosidad IRI 7.0 m/km. Contexto: colegio a 68 m, hospital a 643 m, 5 siniestros a 250 m. Prioridad alta (68/100).",bacheo,inmediata_30_dias,plantilla,det=detector_cpu;fusion=ensamble10,20260930-2219,,,Daño dominante: baches; acción según estado malo.
133,T2-JA-0106,despliegue,Japan,10,5010168,4.496462,-74.108785,d2g39de,81.9,2026-08-27 10:33,sim_pred,14,0,25,7,13.97,100.0,100.0,61.6,67.8,50.4,10.26,18.9,39.4,22.5,56.2,muy_malo,0.563,0.945,2.07,87.02,71.73,24.81,73.07,66.11,67.83,alta,7385.0,0,647.0,18,76.6,18.3,38.56,"Segmento de 82 m en estado muy malo: índice de condición 39/100 (intervalo 90 %: 22–56). Detecciones: 14 grietas longitudinales, 25 piel de cocodrilo, 7 baches. Rugosidad IRI 10.3 m/km. Contexto: hospital a 647 m, 18 siniestros a 250 m. Prioridad alta (68/100).",reconstruccion,inmediata_30_dias,plantilla,det=detector_cpu;fusion=ensamble10,20260930-2219,,,Daño dominante: piel de cocodrilo; acción según estado muy malo.
134,T1-IN-0071,despliegue,India,10,1000821,4.761521,-74.038726,d2g754y,89.4,2026-06-18 13:24,sim_pred,9,0,17,8,12.98,100.0,100.0,70.6,63.8,53.5,8.98,23.8,43.1,26.2,59.9,malo,0.465,0.888,2.97,66.76,71.73,49.24,99.85,64.12,67.81,alta,7090.0,0,515.0,37,199.4,1.1,37.19,"Segmento de 89 m en estado malo: índice de condición 43/100 (intervalo 90 %: 26–60). Detecciones: 9 grietas longitudinales, 17 piel de cocodrilo, 8 baches. Rugosidad IRI 9.0 m/km. Contexto: hospital a 515 m, 37 siniestros a 250 m. Prioridad alta (68/100).",bacheo,inmediata_30_dias,plantilla,det=detector_cpu;fusion=ensamble10,20260930-2219,,,Daño dominante: baches; acción según estado malo.
135,TR-IN-0110,test,India,10,4003903,4.550665,-74.085766,d2g3fhk,59.7,2026-08-14 12:59,sim_gt,15,0,3,41,7.08,100.0,100.0,79.8,44.4,37.4,12.4,12.9,28.8,12.0,45.6,muy_malo,0.879,0.996,2.05,26.92,71.73,57.25,61.19,50.18,67.79,alta,4780.0,0,428.0,37,64.0,1.7,24.34,"Segmento de 60 m en estado muy malo: índice de condición 29/100 (intervalo 90 %: 12–46). Detecciones: 15 grietas longitudinales, 3 piel de cocodrilo, 41 baches. Rugosidad IRI 12.4 m/km. Contexto: hospital a 428 m, 37 siniestros a 250 m. Prioridad alta (68/100).",rehabilitacion,inmediata_30_dias,plantilla,det=detector_cpu;fusion=ensamble10,20260930-2219,20.7,muy_malo,Daño dominante: baches; acción según estado muy malo.
136,T2-JA-0045,despliegue,Japan,10,9000262,4.692743,-74.152233,d2g68w7,74.6,2026-08-02 11:25,sim_pred,57,0,33,11,18.73,100.0,100.0,60.4,76.6,52.2,9.65,21.1,41.3,24.5,58.2,malo,0.425,0.912,3.6,66.76,71.73,17.87,8.0,56.27,67.71,alta,69.0,5,655.0,9,22.7,0.0,27.15,"Segmento de 75 m en estado malo: índice de condición 41/100 (intervalo 90 %: 24–58). Detecciones: 57 grietas longitudinales, 33 piel de cocodrilo, 11 baches. Rugosidad IRI 9.7 m/km. Contexto: colegio a 69 m, hospital a 655 m, 9 siniestros a 250 m. Prioridad alta (68/100).",rehabilitacion,inmediata_30_dias,plantilla,det=detector_cpu;fusion=ensamble10,20260930-2219,,,Daño dominante: piel de cocodrilo; acción según estado malo.
137,T1-JA-0020,despliegue,Japan,10,11010211,4.712153,-74.060384,d2g6f9y,90.8,2026-08-05 09:33,sim_pred,22,0,40,5,21.52,100.0,100.0,67.0,77.7,59.2,8.29,26.9,47.9,31.1,64.7,malo,0.513,0.774,3.43,85.6,88.17,24.01,77.47,71.1,67.7,alta,4993.0,0,172.0,19,79.3,1.1,42.42,"Segmento de 91 m en estado malo: índice de condición 48/100 (intervalo 90 %: 31–65). Detecciones: 22 grietas longitudinales, 40 piel de cocodrilo, 5 baches. Rugosidad IRI 8.3 m/km. Contexto: hospital a 172 m, 19 siniestros a 250 m. Prioridad alta (68/100).",rehabilitacion,inmediata_30_dias,plantilla,det=detector_cpu;fusion=ensamble10,20260930-2219,,,Daño dominante: piel de cocodrilo; acción según estado malo.
138,T2-JA-0079,despliegue,Japan,10,10001227,4.715087,-74.11946,d2g6c67,47.6,2026-06-17 08:53,sim_pred,49,0,41,2,23.07,100.0,100.0,61.4,73.5,52.2,10.75,17.3,40.0,23.1,56.8,muy_malo,0.539,0.934,3.01,29.26,100.0,49.24,97.91,59.01,67.63,alta,359.0,2,530.0,42,160.2,0.0,41.97,"Segmento de 48 m en estado muy malo: índice de condición 40/100 (intervalo 90 %: 23–57). Detecciones: 49 grietas longitudinales, 41 piel de cocodrilo, 2 baches. Rugosidad IRI 10.8 m/km. Contexto: colegio a 359 m, hospital a 530 m, 42 siniestros a 250 m. Prioridad alta (68/100).",reconstruccion,inmediata_30_dias,plantilla,det=detector_cpu;fusion=ensamble10,20260930-2219,,,Daño dominante: piel de cocodrilo; acción según estado muy malo.
139,T2-JA-0015,despliegue,Japan,10,14001551,4.595238,-74.092174,d2g61ux,63.0,2026-07-19 15:33,sim_pred,50,0,50,4,24.81,100.0,100.0,63.7,71.9,53.9,10.55,17.9,41.3,24.4,58.1,malo,0.426,0.915,3.28,75.62,71.73,51.75,29.14,68.29,67.55,alta,1816.0,0,325.0,31,39.7,1.6,27.77,"Segmento de 63 m en estado malo: índice de condición 41/100 (intervalo 90 %: 24–58). Detecciones: 50 grietas longitudinales, 50 piel de cocodrilo, 4 baches. Rugosidad IRI 10.6 m/km. Contexto: hospital a 325 m, 31 siniestros a 250 m. Prioridad alta (68/100).",rehabilitacion,inmediata_30_dias,plantilla,det=detector_cpu;fusion=ensamble10,20260930-2219,,,Daño dominante: piel de cocodrilo; acción según estado malo.
140,T1-JA-0034,despliegue,Japan,10,19005814,4.566303,-74.144214,d2g3bz3,44.0,2026-08-18 16:24,sim_pred,35,0,8,4,7.03,100.0,100.0,67.2,76.5,59.0,5.36,45.6,54.3,37.5,71.1,malo,0.447,0.561,4.18,94.7,71.73,99.32,32.85,87.81,67.54,alta,691.0,0,544.0,158,41.5,0.0,41.89,"Segmento de 44 m en estado malo: índice de condición 54/100 (intervalo 90 %: 38–71). Detecciones: 35 grietas longitudinales, 8 piel de cocodrilo, 4 baches. Rugosidad IRI 5.4 m/km. Contexto: hospital a 544 m, 158 siniestros a 250 m. Prioridad alta (68/100).",rehabilitacion,inmediata_30_dias,plantilla,det=detector_cpu;fusion=ensamble10,20260930-2219,,,Daño dominante: piel de cocodrilo; acción según estado malo.
141,T2-JA-0019,despliegue,Japan,10,19000404,4.59221,-74.17222,d2g605v,80.3,2026-09-16 13:10,sim_pred,33,0,50,9,23.51,100.0,100.0,62.4,71.3,52.3,10.28,18.8,40.6,23.8,57.4,muy_malo,0.515,0.928,2.63,43.88,71.73,46.4,0.72,54.25,67.34,alta,143.0,8,776.0,24,12.8,0.0,24.84,"Segmento de 80 m en estado muy malo: índice de condición 41/100 (intervalo 90 %: 24–57). Detecciones: 33 grietas longitudinales, 50 piel de cocodrilo, 9 baches. Rugosidad IRI 10.3 m/km. Contexto: colegio a 143 m, hospital a 776 m, 24 siniestros a 250 m. Prioridad alta (67/100).",reconstruccion,inmediata_30_dias,plantilla,det=detector_cpu;fusion=ensamble10,20260930-2219,,,Daño dominante: piel de cocodrilo; acción según estado muy malo.
142,T2-JA-0115,despliegue,Japan,10,4000089,4.583851,-74.083862,d2g644m,95.2,2026-07-06 08:29,sim_pred,54,0,41,7,19.24,100.0,100.0,71.6,77.7,63.7,7.82,29.3,51.7,34.9,68.5,malo,0.488,0.653,4.03,89.62,71.73,59.33,84.26,75.78,67.3,alta,2600.0,0,297.0,31,86.8,1.1,40.65,"Segmento de 95 m en estado malo: índice de condición 52/100 (intervalo 90 %: 35–68). Detecciones: 54 grietas longitudinales, 41 piel de cocodrilo, 7 baches. Rugosidad IRI 7.8 m/km. Contexto: hospital a 297 m, 31 siniestros a 250 m. Prioridad alta (67/100).",rehabilitacion,inmediata_30_dias,plantilla,det=detector_cpu;fusion=ensamble10,20260930-2219,,,Daño dominante: piel de cocodrilo; acción según estado malo.
143,T2-IN-0068,despliegue,India,10,1000225,4.766829,-74.027042,d2g757z,57.3,2026-08-23 11:16,sim_pred,10,0,9,6,7.13,100.0,100.0,83.7,61.2,55.5,8.27,27.0,45.5,28.7,62.3,malo,0.513,0.845,1.73,43.88,100.0,55.69,90.97,66.47,67.28,alta,8509.0,0,325.0,34,113.5,3.5,41.26,"Segmento de 57 m en estado malo: índice de condición 46/100 (intervalo 90 %: 29–62). Detecciones: 10 grietas longitudinales, 9 piel de cocodrilo, 6 baches. Rugosidad IRI 8.3 m/km. Contexto: hospital a 325 m, 34 siniestros a 250 m. Prioridad alta (67/100).",bacheo,inmediata_30_dias,plantilla,det=detector_cpu;fusion=ensamble10,20260930-2219,,,Daño dominante: baches; acción según estado malo.
144,T2-JA-0016,despliegue,Japan,10,5001789,4.516363,-74.119478,d2g39q5,41.6,2026-09-08 10:41,sim_pred,24,0,32,30,16.77,100.0,100.0,73.7,57.8,48.6,11.17,16.0,37.2,20.4,54.1,muy_malo,0.64,0.962,2.66,70.35,71.73,32.55,73.48,61.38,67.21,alta,5577.0,0,353.0,18,77.1,0.0,27.77,"Segmento de 42 m en estado muy malo: índice de condición 37/100 (intervalo 90 %: 20–54). Detecciones: 24 grietas longitudinales, 32 piel de cocodrilo, 30 baches. Rugosidad IRI 11.2 m/km. Contexto: hospital a 353 m, 18 siniestros a 250 m. Prioridad alta (67/100).",rehabilitacion,inmediata_30_dias,plantilla,det=detector_cpu;fusion=ensamble10,20260930-2219,,,Daño dominante: baches; acción según estado muy malo.
145,T2-JA-0000,despliegue,Japan,10,5002628,4.510855,-74.107343,d2g39th,47.2,2026-07-07 15:04,sim_pred,18,0,29,2,13.91,100.0,100.0,59.0,63.5,46.2,6.67,36.0,42.7,25.8,59.5,malo,0.445,0.886,4.33,43.88,84.96,58.65,77.01,61.95,67.19,alta,7053.0,0,357.0,35,79.0,12.7,28.88,"Segmento de 47 m en estado malo: índice de condición 43/100 (intervalo 90 %: 26–60). Detecciones: 18 grietas longitudinales, 29 piel de cocodrilo, 2 baches. Rugosidad IRI 6.7 m/km. Contexto: hospital a 357 m, 35 siniestros a 250 m. Prioridad alta (67/100).",rehabilitacion,inmediata_30_dias,plantilla,det=detector_cpu;fusion=ensamble10,20260930-2219,,,Daño dominante: piel de cocodrilo; acción según estado malo.
146,T1-JA-0062,despliegue,Japan,10,1001428,4.747746,-74.035167,d2g7523,150.0,2026-08-27 13:20,sim_pred,59,0,80,3,23.75,100.0,100.0,72.0,80.9,65.4,8.63,25.3,51.3,34.5,68.2,malo,0.489,0.663,4.22,89.21,84.96,38.01,92.87,74.92,67.16,alta,7130.0,0,743.0,30,117.8,0.5,43.59,"Segmento de 150 m en estado malo: índice de condición 51/100 (intervalo 90 %: 34–68). Detecciones: 59 grietas longitudinales, 80 piel de cocodrilo, 3 baches. Rugosidad IRI 8.6 m/km. Contexto: hospital a 743 m, 30 siniestros a 250 m. Prioridad alta (67/100).",rehabilitacion,inmediata_30_dias,plantilla,det=detector_cpu;fusion=ensamble10,20260930-2219,,,Daño dominante: piel de cocodrilo; acción según estado malo.
147,T2-JA-0125,despliegue,Japan,10,11002900,4.746842,-74.049323,d2g74bn,104.8,2026-06-04 16:31,sim_pred,39,0,20,10,13.02,100.0,100.0,69.9,75.8,61.5,6.63,36.3,52.6,35.8,69.5,malo,0.479,0.621,3.73,66.76,100.0,59.86,98.63,76.67,67.08,alta,5561.0,0,391.0,39,164.2,1.0,43.57,"Segmento de 105 m en estado malo: índice de condición 53/100 (intervalo 90 %: 36–70). Detecciones: 39 grietas longitudinales, 20 piel de cocodrilo, 10 baches. Rugosidad IRI 6.6 m/km. Contexto: hospital a 391 m, 39 siniestros a 250 m. Prioridad alta (67/100).",rehabilitacion,inmediata_30_dias,plantilla,det=detector_cpu;fusion=ensamble10,20260930-2219,,,Daño dominante: piel de cocodrilo; acción según estado malo.
148,TR-JA-1018,test,Japan,10,7007486,4.59971,-74.190275,d2g4pv2,69.7,2026-06-15 08:53,sim_gt,31,0,29,15,15.91,100.0,100.0,65.9,63.4,51.5,4.09,57.3,53.5,36.7,70.4,malo,0.47,0.591,3.29,70.35,71.73,48.44,80.77,65.36,67.03,alta,148.0,7,187.0,28,81.2,,27.01,"Segmento de 70 m en estado malo: índice de condición 54/100 (intervalo 90 %: 37–70). Detecciones: 31 grietas longitudinales, 29 piel de cocodrilo, 15 baches. Rugosidad IRI 4.1 m/km. Contexto: colegio a 148 m, hospital a 187 m, 28 siniestros a 250 m. Prioridad alta (67/100).",bacheo,inmediata_30_dias,plantilla,det=detector_cpu;fusion=ensamble10,20260930-2219,54.6,malo,Daño dominante: baches; acción según estado malo.
149,T1-IN-0020,despliegue,India,10,8006978,4.619929,-74.157822,d2g623p,47.3,2026-06-22 10:42,sim_pred,18,0,31,15,20.05,100.0,100.0,70.8,63.9,53.7,12.54,12.5,39.3,22.5,56.1,muy_malo,0.56,0.931,4.76,66.89,71.73,48.44,65.25,63.97,67.01,alta,372.0,3,357.0,37,69.4,0.0,26.47,"Segmento de 47 m en estado muy malo: índice de condición 39/100 (intervalo 90 %: 22–56). Detecciones: 18 grietas longitudinales, 31 piel de cocodrilo, 15 baches. Rugosidad IRI 12.5 m/km. Contexto: colegio a 372 m, hospital a 357 m, 37 siniestros a 250 m. Prioridad alta (67/100).",rehabilitacion,inmediata_30_dias,plantilla,det=detector_cpu;fusion=ensamble10,20260930-2219,,,Daño dominante: baches; acción según estado muy malo.
150,T1-JA-0028,despliegue,Japan,10,7004620,4.613004,-74.186097,d2g4pzg,61.1,2026-09-05 08:26,sim_pred,47,0,14,5,11.9,100.0,100.0,67.6,77.2,59.7,7.77,29.6,49.1,32.3,66.0,malo,0.522,0.742,2.73,57.95,71.73,71.32,9.22,66.11,66.97,alta,232.0,2,407.0,39,24.0,0.0,26.84,"Segmento de 61 m en estado malo: índice de condición 49/100 (intervalo 90 %: 32–66). Detecciones: 47 grietas longitudinales, 14 piel de cocodrilo, 5 baches. Rugosidad IRI 7.8 m/km. Contexto: colegio a 232 m, hospital a 407 m, 39 siniestros a 250 m. Prioridad alta (67/100).",rehabilitacion,inmediata_30_dias,plantilla,det=detector_cpu;fusion=ensamble10,20260930-2219,,,Daño dominante: piel de cocodrilo; acción según estado malo.
151,T2-IN-0013,despliegue,India,10,16004349,4.5947,-74.133306,d2g61h3,51.5,2026-07-15 07:59,sim_pred,4,0,10,9,12.39,100.0,100.0,80.1,62.5,55.5,7.83,29.2,46.3,29.5,63.1,malo,0.521,0.825,1.78,58.33,84.96,85.28,23.14,74.39,66.97,alta,1546.0,0,484.0,61,36.6,3.9,29.6,"Segmento de 52 m en estado malo: índice de condición 46/100 (intervalo 90 %: 30–63). Detecciones: 4 grietas longitudinales, 10 piel de cocodrilo, 9 baches. Rugosidad IRI 7.8 m/km. Contexto: hospital a 484 m, 61 siniestros a 250 m. Prioridad alta (67/100).",bacheo,inmediata_30_dias,plantilla,det=detector_cpu;fusion=ensamble10,20260930-2219,,,Daño dominante: baches; acción según estado malo.
152,T2-JA-0054,despliegue,Japan,10,11002926,4.746226,-74.103565,d2g718p,150.0,2026-09-17 09:33,sim_pred,86,0,42,13,24.83,100.0,100.0,67.4,72.0,57.6,8.94,23.9,45.8,29.0,62.7,malo,0.5,0.828,3.45,70.35,84.96,12.03,56.94,60.89,66.86,alta,258.0,5,757.0,13,59.8,0.5,31.05,"Segmento de 150 m en estado malo: índice de condición 46/100 (intervalo 90 %: 29–63). Detecciones: 86 grietas longitudinales, 42 piel de cocodrilo, 13 baches. Rugosidad IRI 8.9 m/km. Contexto: colegio a 258 m, hospital a 757 m, 13 siniestros a 250 m. Prioridad alta (67/100).",rehabilitacion,inmediata_30_dias,plantilla,det=detector_cpu;fusion=ensamble10,20260930-2219,,,Daño dominante: piel de cocodrilo; acción según estado malo.
153,T1-IN-0038,despliegue,India,10,12003355,4.68628,-74.061113,d2g6dtn,61.7,2026-07-15 08:39,sim_pred,15,0,12,5,6.57,100.0,100.0,74.8,67.1,58.3,9.05,23.5,46.1,29.3,62.9,malo,0.513,0.827,2.47,43.88,100.0,84.75,42.41,73.74,66.84,alta,4489.0,0,110.0,90,48.2,0.0,42.72,"Segmento de 62 m en estado malo: índice de condición 46/100 (intervalo 90 %: 29–63). Detecciones: 15 grietas longitudinales, 12 piel de cocodrilo, 5 baches. Rugosidad IRI 9.1 m/km. Contexto: hospital a 110 m, 90 siniestros a 250 m. Prioridad alta (67/100).",bacheo,inmediata_30_dias,plantilla,det=detector_cpu;fusion=ensamble10,20260930-2219,,,Daño dominante: baches; acción según estado malo.
154,T2-JA-0067,despliegue,Japan,10,18006898,4.577112,-74.10448,d2g619n,57.5,2026-06-20 14:18,sim_pred,14,0,8,7,8.79,98.4,100.0,68.3,76.7,59.6,5.09,47.9,55.5,38.6,72.3,malo,0.435,0.52,2.66,90.07,100.0,66.08,53.98,87.55,66.73,alta,1254.0,0,534.0,37,56.7,0.0,56.4,"Segmento de 58 m en estado malo: índice de condición 56/100 (intervalo 90 %: 39–72). Detecciones: 14 grietas longitudinales, 8 piel de cocodrilo, 7 baches. Rugosidad IRI 5.1 m/km. Contexto: hospital a 534 m, 37 siniestros a 250 m. Prioridad alta (67/100).",rehabilitacion,inmediata_30_dias,plantilla,det=detector_cpu;fusion=ensamble10,20260930-2219,,,Daño dominante: piel de cocodrilo; acción según estado malo.
155,T1-JA-0037,despliegue,Japan,10,11005482,4.738549,-74.101625,d2g6cy8,54.7,2026-07-16 16:39,sim_pred,17,0,56,4,24.11,100.0,100.0,71.0,79.0,63.7,8.98,23.8,49.7,32.9,66.5,malo,0.505,0.718,3.92,43.88,71.73,64.42,89.26,58.76,66.68,alta,140.0,2,876.0,40,105.4,0.0,24.84,"Segmento de 55 m en estado malo: índice de condición 50/100 (intervalo 90 %: 33–66). Detecciones: 17 grietas longitudinales, 56 piel de cocodrilo, 4 baches. Rugosidad IRI 9.0 m/km. Contexto: colegio a 140 m, hospital a 876 m, 40 siniestros a 250 m. Prioridad alta (67/100).",rehabilitacion,inmediata_30_dias,plantilla,det=detector_cpu;fusion=ensamble10,20260930-2219,,,Daño dominante: piel de cocodrilo; acción según estado malo.
156,T2-JA-0012,despliegue,Japan,10,11009581,4.71769,-74.054847,d2g6fff,47.9,2026-08-01 08:38,sim_pred,36,0,48,7,25.63,100.0,100.0,65.4,67.4,54.0,10.73,17.4,41.2,24.3,58.0,malo,0.425,0.919,2.94,27.98,71.73,87.44,86.23,58.16,66.56,alta,5511.0,0,790.0,90,95.9,2.1,24.43,"Segmento de 48 m en estado malo: índice de condición 41/100 (intervalo 90 %: 24–58). Detecciones: 36 grietas longitudinales, 48 piel de cocodrilo, 7 baches. Rugosidad IRI 10.7 m/km. Contexto: hospital a 790 m, 90 siniestros a 250 m. Prioridad alta (67/100).",rehabilitacion,inmediata_30_dias,plantilla,det=detector_cpu;fusion=ensamble10,20260930-2219,,,Daño dominante: piel de cocodrilo; acción según estado malo.
157,T1-JA-0085,despliegue,Japan,10,9002514,4.672132,-74.14027,d2g68fs,57.2,2026-06-09 10:52,sim_pred,15,0,19,9,12.36,100.0,100.0,66.5,63.9,52.2,9.25,22.6,41.9,25.0,58.7,malo,0.445,0.912,2.27,73.37,84.96,29.7,72.8,66.51,66.49,alta,373.0,2,149.0,22,76.3,0.0,31.34,"Segmento de 57 m en estado malo: índice de condición 42/100 (intervalo 90 %: 25–59). Detecciones: 15 grietas longitudinales, 19 piel de cocodrilo, 9 baches. Rugosidad IRI 9.2 m/km. Contexto: colegio a 373 m, hospital a 149 m, 22 siniestros a 250 m. Prioridad alta (66/100).",bacheo,inmediata_30_dias,plantilla,det=detector_cpu;fusion=ensamble10,20260930-2219,,,Daño dominante: baches; acción según estado malo.
158,T2-JA-0009,despliegue,Japan,10,11003897,4.743726,-74.09853,d2g6cze,91.5,2026-07-23 15:07,sim_pred,48,0,13,3,17.65,100.0,100.0,72.0,81.0,65.3,6.09,40.0,56.5,39.6,73.3,regular,0.428,0.482,3.51,99.33,71.73,94.16,92.07,88.38,66.46,alta,381.0,1,222.0,98,116.2,0.0,55.02,"Segmento de 92 m en estado regular: índice de condición 56/100 (intervalo 90 %: 40–73). Detecciones: 48 grietas longitudinales, 13 piel de cocodrilo, 3 baches. Rugosidad IRI 6.1 m/km. Contexto: colegio a 381 m, hospital a 222 m, 98 siniestros a 250 m. Prioridad alta (66/100).",parcheo,inmediata_30_dias,plantilla,det=detector_cpu;fusion=ensamble10,20260930-2219,,,Daño dominante: piel de cocodrilo; acción según estado regular.
159,T1-IN-0082,despliegue,India,10,7005477,4.608595,-74.199127,d2g4pwc,41.7,2026-07-28 15:23,sim_pred,6,0,9,1,6.59,100.0,100.0,84.4,77.6,72.2,8.11,27.8,56.6,39.8,73.5,regular,0.426,0.477,4.33,84.12,71.73,68.7,5.31,75.93,66.38,alta,122.0,7,174.0,37,19.1,0.0,28.79,"Segmento de 42 m en estado regular: índice de condición 57/100 (intervalo 90 %: 40–74). Detecciones: 6 grietas longitudinales, 9 piel de cocodrilo, 1 baches. Rugosidad IRI 8.1 m/km. Contexto: colegio a 122 m, hospital a 174 m, 37 siniestros a 250 m. Prioridad alta (66/100).",bacheo,inmediata_30_dias,plantilla,det=detector_cpu;fusion=ensamble10,20260930-2219,,,Daño dominante: baches; acción según estado regular.
160,T1-JA-0110,despliegue,Japan,10,19012210,4.534875,-74.141668,d2g3bce,55.6,2026-07-21 15:00,sim_pred,27,0,30,6,20.82,100.0,100.0,50.9,68.5,39.9,10.17,19.2,32.6,15.8,49.5,muy_malo,0.782,0.985,3.4,21.12,100.0,34.64,32.85,52.11,66.26,alta,2712.0,0,412.0,19,41.5,34.2,41.08,"Segmento de 56 m en estado muy malo: índice de condición 33/100 (intervalo 90 %: 16–50). Detecciones: 27 grietas longitudinales, 30 piel de cocodrilo, 6 baches. Rugosidad IRI 10.2 m/km. Contexto: hospital a 412 m, 19 siniestros a 250 m. Prioridad alta (66/100).",reconstruccion,inmediata_30_dias,plantilla,det=detector_cpu;fusion=ensamble10,20260930-2219,,,Daño dominante: piel de cocodrilo; acción según estado muy malo.
161,TR-JA-0488,test,Japan,10,16001006,4.61995,-74.124069,d2g6330,107.9,2026-06-09 12:14,sim_gt,63,0,41,10,29.6,100.0,100.0,67.7,74.2,58.6,4.74,51.0,56.0,39.1,72.8,malo,0.426,0.502,2.03,80.29,71.73,89.04,82.28,79.48,66.22,alta,2621.0,0,476.0,77,82.4,,27.87,"Segmento de 108 m en estado malo: índice de condición 56/100 (intervalo 90 %: 39–73). Detecciones: 63 grietas longitudinales, 41 piel de cocodrilo, 10 baches. Rugosidad IRI 4.7 m/km. Contexto: hospital a 476 m, 77 siniestros a 250 m. Prioridad alta (66/100).",rehabilitacion,inmediata_30_dias,plantilla,det=detector_cpu;fusion=ensamble10,20260930-2219,48.5,malo,Daño dominante: piel de cocodrilo; acción según estado malo.
162,T1-JA-0094,despliegue,Japan,10,19014767,4.59147,-74.182143,d2g4pgy,70.7,2026-07-01 07:36,sim_pred,18,0,34,5,20.16,100.0,100.0,69.2,58.9,48.1,8.63,25.3,40.1,23.3,57.0,muy_malo,0.533,0.933,2.72,43.88,71.73,31.71,64.26,50.58,66.15,alta,235.0,11,280.0,18,68.6,0.0,25.54,"Segmento de 71 m en estado muy malo: índice de condición 40/100 (intervalo 90 %: 23–57). Detecciones: 18 grietas longitudinales, 34 piel de cocodrilo, 5 baches. Rugosidad IRI 8.6 m/km. Contexto: colegio a 235 m, hospital a 280 m, 18 siniestros a 250 m. Prioridad alta (66/100).",rehabilitacion,inmediata_30_dias,plantilla,det=detector_cpu;fusion=ensamble10,20260930-2219,,,Daño dominante: baches; acción según estado muy malo.
163,T1-JA-0044,despliegue,Japan,10,4000172,4.581249,-74.082156,d2g641z,46.4,2026-07-11 16:33,sim_pred,23,0,43,1,21.06,100.0,100.0,67.3,76.1,58.9,8.38,26.5,47.6,30.8,64.4,malo,0.517,0.785,3.07,81.88,84.96,16.39,78.11,66.59,66.08,alta,2850.0,0,440.0,14,79.8,0.0,32.2,"Segmento de 46 m en estado malo: índice de condición 48/100 (intervalo 90 %: 31–64). Detecciones: 23 grietas longitudinales, 43 piel de cocodrilo, 1 baches. Rugosidad IRI 8.4 m/km. Contexto: hospital a 440 m, 14 siniestros a 250 m. Prioridad alta (66/100).",rehabilitacion,inmediata_30_dias,plantilla,det=detector_cpu;fusion=ensamble10,20260930-2219,,,Daño dominante: piel de cocodrilo; acción según estado malo.
164,T1-JA-0119,despliegue,Japan,10,11003013,4.746464,-74.06243,d2g748j,95.0,2026-08-10 09:16,sim_pred,28,0,38,7,18.64,100.0,100.0,64.9,70.6,54.6,7.71,29.9,45.9,29.1,62.8,malo,0.502,0.825,3.38,93.75,71.73,5.99,94.23,64.1,66.07,alta,4118.0,0,527.0,7,127.5,1.1,40.97,"Segmento de 95 m en estado malo: índice de condición 46/100 (intervalo 90 %: 29–63). Detecciones: 28 grietas longitudinales, 38 piel de cocodrilo, 7 baches. Rugosidad IRI 7.7 m/km. Contexto: hospital a 527 m, 7 siniestros a 250 m. Prioridad alta (66/100).",rehabilitacion,inmediata_30_dias,plantilla,det=detector_cpu;fusion=ensamble10,20260930-2219,,,Daño dominante: piel de cocodrilo; acción según estado malo.
165,T1-JA-0074,despliegue,Japan,10,9000351,4.691877,-74.148364,d2g68wn,93.2,2026-06-14 12:53,sim_pred,25,0,40,8,19.67,100.0,100.0,67.2,76.9,59.1,9.03,23.6,46.7,29.8,63.5,malo,0.504,0.805,3.69,52.22,71.73,55.69,74.05,59.91,65.97,alta,242.0,5,675.0,30,77.3,0.0,25.13,"Segmento de 93 m en estado malo: índice de condición 47/100 (intervalo 90 %: 30–64). Detecciones: 25 grietas longitudinales, 40 piel de cocodrilo, 8 baches. Rugosidad IRI 9.0 m/km. Contexto: colegio a 242 m, hospital a 675 m, 30 siniestros a 250 m. Prioridad alta (66/100).",rehabilitacion,inmediata_30_dias,plantilla,det=detector_cpu;fusion=ensamble10,20260930-2219,,,Daño dominante: piel de cocodrilo; acción según estado malo.
166,T1-JA-0031,despliegue,Japan,10,8002724,4.638602,-74.163986,d2g62k7,80.5,2026-07-02 09:00,sim_pred,37,0,57,6,26.03,100.0,100.0,70.8,77.7,63.0,8.85,24.3,49.5,32.6,66.3,malo,0.502,0.724,4.15,43.88,71.73,85.28,62.18,63.97,65.92,alta,203.0,9,418.0,69,65.4,0.0,24.84,"Segmento de 80 m en estado malo: índice de condición 50/100 (intervalo 90 %: 33–66). Detecciones: 37 grietas longitudinales, 57 piel de cocodrilo, 6 baches. Rugosidad IRI 8.8 m/km. Contexto: colegio a 203 m, hospital a 418 m, 69 siniestros a 250 m. Prioridad alta (66/100).",rehabilitacion,inmediata_30_dias,plantilla,det=detector_cpu;fusion=ensamble10,20260930-2219,,,Daño dominante: piel de cocodrilo; acción según estado malo.
167,TR-IN-0505,test,India,10,2001841,4.634552,-74.057203,d2g66g9,92.0,2026-06-29 11:18,sim_gt,1,0,1,54,5.61,100.0,100.0,86.4,42.1,37.3,11.24,15.8,29.8,12.9,46.6,muy_malo,0.859,0.994,2.21,52.22,71.73,3.91,55.01,46.97,65.92,alta,6978.0,0,519.0,8,57.9,2.2,25.13,"Segmento de 92 m en estado muy malo: índice de condición 30/100 (intervalo 90 %: 13–47). Detecciones: 1 grietas longitudinales, 1 piel de cocodrilo, 54 baches. Rugosidad IRI 11.2 m/km. Contexto: hospital a 519 m, 8 siniestros a 250 m. Prioridad alta (66/100).",rehabilitacion,inmediata_30_dias,plantilla,det=detector_cpu;fusion=ensamble10,20260930-2219,29.0,muy_malo,Daño dominante: baches; acción según estado muy malo.
168,T2-IN-0079,despliegue,India,10,8004250,4.632097,-74.134668,d2g6350,113.4,2026-07-01 12:16,sim_pred,0,0,17,9,14.32,100.0,100.0,74.5,53.5,44.6,10.49,18.1,35.3,18.5,52.2,muy_malo,0.705,0.975,2.71,43.88,71.73,50.04,56.11,55.16,65.87,alta,893.0,0,147.0,29,58.5,0.9,24.84,"Segmento de 113 m en estado muy malo: índice de condición 35/100 (intervalo 90 %: 18–52). Detecciones: 17 piel de cocodrilo, 9 baches. Rugosidad IRI 10.5 m/km. Contexto: hospital a 147 m, 29 siniestros a 250 m. Prioridad alta (66/100).",rehabilitacion,inmediata_30_dias,plantilla,det=detector_cpu;fusion=ensamble10,20260930-2219,,,Daño dominante: baches; acción según estado muy malo.
169,T2-JA-0119,despliegue,Japan,10,10009228,4.674306,-74.110259,d2g69df,134.9,2026-09-13 12:15,sim_pred,49,0,22,10,10.07,100.0,100.0,71.7,67.8,57.9,6.8,35.2,49.9,33.1,66.8,malo,0.514,0.715,3.1,93.95,71.73,57.25,50.3,77.0,65.84,alta,685.0,0,588.0,41,52.8,0.7,41.81,"Segmento de 135 m en estado malo: índice de condición 50/100 (intervalo 90 %: 33–67). Detecciones: 49 grietas longitudinales, 22 piel de cocodrilo, 10 baches. Rugosidad IRI 6.8 m/km. Contexto: hospital a 588 m, 41 siniestros a 250 m. Prioridad alta (66/100).",bacheo,inmediata_30_dias,plantilla,det=detector_cpu;fusion=ensamble10,20260930-2219,,,Daño dominante: baches; acción según estado malo.
170,T1-IN-0015,despliegue,India,10,8005293,4.626948,-74.172792,d2g624m,64.4,2026-08-31 08:54,sim_pred,3,0,4,14,4.04,100.0,100.0,93.9,70.6,68.4,4.84,50.1,62.0,45.2,78.9,regular,0.498,0.293,4.29,83.66,71.73,95.56,15.17,82.46,65.77,alta,91.0,2,557.0,102,29.1,0.0,28.59,"Segmento de 64 m en estado regular: índice de condición 62/100 (intervalo 90 %: 45–79). Detecciones: 3 grietas longitudinales, 4 piel de cocodrilo, 14 baches. Rugosidad IRI 4.8 m/km. Contexto: colegio a 91 m, hospital a 557 m, 102 siniestros a 250 m. Prioridad alta (66/100).",bacheo,inmediata_30_dias,plantilla,det=detector_cpu;fusion=ensamble10,20260930-2219,,,Daño dominante: baches; acción según estado regular.
171,TR-IN-0728,test,India,10,18001918,4.574626,-74.096818,d2g61bu,61.4,2026-09-07 14:57,sim_gt,6,0,0,14,1.27,100.0,100.0,95.3,49.6,48.0,8.31,26.8,40.6,23.8,57.4,muy_malo,0.516,0.932,1.5,56.13,71.73,60.28,39.68,62.63,65.7,alta,1873.0,0,288.0,34,45.7,4.9,25.41,"Segmento de 61 m en estado muy malo: índice de condición 41/100 (intervalo 90 %: 24–57). Detecciones: 6 grietas longitudinales, 14 baches. Rugosidad IRI 8.3 m/km. Contexto: hospital a 288 m, 34 siniestros a 250 m. Prioridad alta (66/100).",rehabilitacion,inmediata_30_dias,plantilla,det=detector_cpu;fusion=ensamble10,20260930-2219,32.5,muy_malo,Daño dominante: baches; acción según estado muy malo.
172,T1-IN-0095,despliegue,India,10,16002936,4.603902,-74.113803,d2g61qp,47.7,2026-08-12 09:46,sim_pred,2,0,18,10,9.23,100.0,100.0,71.0,54.9,44.7,12.03,13.7,33.9,17.1,50.7,muy_malo,0.753,0.983,2.04,43.88,71.73,39.04,19.35,52.41,65.63,alta,1913.0,0,291.0,24,32.1,0.0,24.84,"Segmento de 48 m en estado muy malo: índice de condición 34/100 (intervalo 90 %: 17–51). Detecciones: 2 grietas longitudinales, 18 piel de cocodrilo, 10 baches. Rugosidad IRI 12.0 m/km. Contexto: hospital a 291 m, 24 siniestros a 250 m. Prioridad alta (66/100).",rehabilitacion,inmediata_30_dias,plantilla,det=detector_cpu;fusion=ensamble10,20260930-2219,,,Daño dominante: baches; acción según estado muy malo.
173,T2-JA-0044,despliegue,Japan,10,4004789,4.54527,-74.083318,d2g3f5q,45.9,2026-07-16 08:16,sim_pred,20,0,17,5,13.56,100.0,100.0,69.2,73.1,59.8,8.74,24.8,47.5,30.7,64.4,malo,0.494,0.774,4.7,70.35,71.73,47.84,75.87,65.2,65.56,alta,5436.0,0,189.0,29,78.3,24.0,27.01,"Segmento de 46 m en estado malo: índice de condición 48/100 (intervalo 90 %: 31–64). Detecciones: 20 grietas longitudinales, 17 piel de cocodrilo, 5 baches. Rugosidad IRI 8.7 m/km. Contexto: hospital a 189 m, 29 siniestros a 250 m. Prioridad alta (66/100).",rehabilitacion,inmediata_30_dias,plantilla,det=detector_cpu;fusion=ensamble10,20260930-2219,,,Daño dominante: piel de cocodrilo; acción según estado malo.
174,T2-JA-0018,despliegue,Japan,10,16003501,4.600125,-74.107156,d2g61tk,40.2,2026-06-05 16:26,sim_pred,11,0,56,4,28.43,100.0,100.0,66.8,77.3,58.8,9.56,21.4,45.7,28.9,62.6,malo,0.5,0.83,3.43,52.22,71.73,95.98,50.83,69.99,65.55,alta,1335.0,0,298.0,141,53.7,0.0,25.83,"Segmento de 40 m en estado malo: índice de condición 46/100 (intervalo 90 %: 29–63). Detecciones: 11 grietas longitudinales, 56 piel de cocodrilo, 4 baches. Rugosidad IRI 9.6 m/km. Contexto: hospital a 298 m, 141 siniestros a 250 m. Prioridad alta (66/100).",rehabilitacion,inmediata_30_dias,plantilla,det=detector_cpu;fusion=ensamble10,20260930-2219,,,Daño dominante: piel de cocodrilo; acción según estado malo.
175,TR-IN-0729,test,India,10,16000848,4.621585,-74.122564,d2g6333,118.9,2026-08-06 10:20,sim_gt,1,0,3,24,2.99,100.0,100.0,89.8,45.7,42.1,8.24,27.2,36.9,20.0,53.7,muy_malo,0.656,0.968,1.61,43.88,71.73,55.2,31.94,56.45,65.47,alta,2644.0,0,240.0,44,41.3,0.8,24.84,"Segmento de 119 m en estado muy malo: índice de condición 37/100 (intervalo 90 %: 20–54). Detecciones: 1 grietas longitudinales, 3 piel de cocodrilo, 24 baches. Rugosidad IRI 8.2 m/km. Contexto: hospital a 240 m, 44 siniestros a 250 m. Prioridad alta (66/100).",rehabilitacion,inmediata_30_dias,plantilla,det=detector_cpu;fusion=ensamble10,20260930-2219,35.5,muy_malo,Daño dominante: baches; acción según estado muy malo.
176,TR-JA-0861,test,Japan,10,9003214,4.666654,-74.119192,d2g693s,59.2,2026-08-04 13:25,sim_gt,32,1,52,3,29.37,100.0,100.0,55.8,81.1,49.2,7.89,28.9,42.1,25.3,58.9,malo,0.45,0.908,2.37,43.88,100.0,47.08,25.0,64.32,65.46,alta,1372.0,0,124.0,39,37.9,,41.96,"Segmento de 59 m en estado malo: índice de condición 42/100 (intervalo 90 %: 25–59). Detecciones: 32 grietas longitudinales, 1 grietas transversales, 52 piel de cocodrilo, 3 baches. Rugosidad IRI 7.9 m/km. Contexto: hospital a 124 m, 39 siniestros a 250 m. Prioridad alta (66/100).",rehabilitacion,inmediata_30_dias,plantilla,det=detector_cpu;fusion=ensamble10,20260930-2219,43.7,malo,Daño dominante: piel de cocodrilo; acción según estado malo.
177,T2-JA-0032,despliegue,Japan,10,6001591,4.561121,-74.13164,d2g3cn6,42.7,2026-07-06 08:12,sim_pred,43,0,8,6,11.57,99.2,100.0,64.1,82.6,57.8,6.19,39.3,51.3,34.5,68.1,malo,0.502,0.669,3.22,93.75,71.73,61.61,36.91,78.01,65.42,alta,2181.0,0,667.0,32,44.2,0.0,40.97,"Segmento de 43 m en estado malo: índice de condición 51/100 (intervalo 90 %: 34–68). Detecciones: 43 grietas longitudinales, 8 piel de cocodrilo, 6 baches. Rugosidad IRI 6.2 m/km. Contexto: hospital a 667 m, 32 siniestros a 250 m. Prioridad alta (65/100).",rehabilitacion,inmediata_30_dias,plantilla,det=detector_cpu;fusion=ensamble10,20260930-2219,,,Daño dominante: piel de cocodrilo; acción según estado malo.
178,T2-IN-0072,despliegue,India,10,18000941,4.580707,-74.102486,d2g61cb,92.3,2026-08-09 13:54,sim_pred,3,0,15,9,10.35,100.0,100.0,83.3,53.0,47.1,8.41,26.3,39.8,23.0,56.7,muy_malo,0.545,0.941,1.51,29.05,71.73,96.02,17.83,60.73,65.39,alta,960.0,0,166.0,109,30.4,0.0,24.71,"Segmento de 92 m en estado muy malo: índice de condición 40/100 (intervalo 90 %: 23–57). Detecciones: 3 grietas longitudinales, 15 piel de cocodrilo, 9 baches. Rugosidad IRI 8.4 m/km. Contexto: hospital a 166 m, 109 siniestros a 250 m. Prioridad alta (65/100).",rehabilitacion,inmediata_30_dias,plantilla,det=detector_cpu;fusion=ensamble10,20260930-2219,,,Daño dominante: baches; acción según estado muy malo.
179,T2-JA-0041,despliegue,Japan,10,8007011,4.619623,-74.162717,d2g622u,75.1,2026-09-05 09:26,sim_pred,15,0,22,9,15.17,100.0,100.0,71.9,65.6,55.7,8.93,24.0,44.6,27.8,61.4,malo,0.497,0.862,2.26,14.92,71.73,96.32,14.38,55.15,65.29,alta,81.0,3,606.0,106,28.9,0.0,24.37,"Segmento de 75 m en estado malo: índice de condición 45/100 (intervalo 90 %: 28–61). Detecciones: 15 grietas longitudinales, 22 piel de cocodrilo, 9 baches. Rugosidad IRI 8.9 m/km. Contexto: colegio a 81 m, hospital a 606 m, 106 siniestros a 250 m. Prioridad alta (65/100).",bacheo,inmediata_30_dias,plantilla,det=detector_cpu;fusion=ensamble10,20260930-2219,,,Daño dominante: baches; acción según estado malo.
180,TR-IN-0747,test,India,10,10002664,4.710523,-74.098272,d2g6cce,72.8,2026-07-27 10:21,sim_gt,0,0,7,24,5.54,100.0,100.0,88.9,65.4,61.5,6.0,40.7,54.2,37.4,71.1,malo,0.455,0.565,3.55,98.78,71.73,39.04,92.11,74.38,65.22,alta,802.0,0,420.0,17,116.3,1.4,43.71,"Segmento de 73 m en estado malo: índice de condición 54/100 (intervalo 90 %: 37–71). Detecciones: 7 piel de cocodrilo, 24 baches. Rugosidad IRI 6.0 m/km. Contexto: hospital a 420 m, 17 siniestros a 250 m. Prioridad alta (65/100).",bacheo,inmediata_30_dias,plantilla,det=detector_cpu;fusion=ensamble10,20260930-2219,45.5,malo,Daño dominante: baches; acción según estado malo.
181,T2-IN-0089,despliegue,India,10,13002210,4.624324,-74.072458,d2g663y,88.9,2026-06-26 08:57,sim_pred,5,0,18,14,15.14,100.0,100.0,76.7,62.7,54.6,7.33,32.0,46.7,29.8,63.5,malo,0.516,0.811,2.74,63.42,71.73,80.08,58.19,70.49,65.19,alta,5549.0,0,264.0,84,61.1,1.1,27.5,"Segmento de 89 m en estado malo: índice de condición 47/100 (intervalo 90 %: 30–64). Detecciones: 5 grietas longitudinales, 18 piel de cocodrilo, 14 baches. Rugosidad IRI 7.3 m/km. Contexto: hospital a 264 m, 84 siniestros a 250 m. Prioridad alta (65/100).",bacheo,inmediata_30_dias,plantilla,det=detector_cpu;fusion=ensamble10,20260930-2219,,,Daño dominante: baches; acción según estado malo.
182,TR-IN-0087,test,India,10,12000211,4.684279,-74.070437,d2g6dkx,53.0,2026-09-24 07:53,sim_gt,8,0,17,11,11.38,100.0,100.0,91.3,52.6,49.5,8.35,26.6,41.5,24.7,58.4,malo,0.438,0.918,1.98,89.49,71.73,5.99,21.85,62.4,65.05,alta,3436.0,0,377.0,9,35.4,1.9,39.83,"Segmento de 53 m en estado malo: índice de condición 42/100 (intervalo 90 %: 25–58). Detecciones: 8 grietas longitudinales, 17 piel de cocodrilo, 11 baches. Rugosidad IRI 8.3 m/km. Contexto: hospital a 377 m, 9 siniestros a 250 m. Prioridad alta (65/100).",bacheo,inmediata_30_dias,plantilla,det=detector_cpu;fusion=ensamble10,20260930-2219,25.6,muy_malo,Daño dominante: baches; acción según estado malo.
183,TR-JA-0257,test,Japan,10,1005760,4.685825,-74.043901,d2g6ej4,62.4,2026-08-17 12:15,sim_gt,36,0,43,5,24.87,100.0,100.0,66.5,79.5,59.3,5.79,42.3,53.3,36.5,70.2,malo,0.478,0.599,2.7,97.14,71.73,34.64,83.76,72.62,65.04,alta,6379.0,0,61.0,27,85.1,6.4,43.62,"Segmento de 62 m en estado malo: índice de condición 53/100 (intervalo 90 %: 36–70). Detecciones: 36 grietas longitudinales, 43 piel de cocodrilo, 5 baches. Rugosidad IRI 5.8 m/km. Contexto: hospital a 61 m, 27 siniestros a 250 m. Prioridad alta (65/100).",rehabilitacion,inmediata_30_dias,plantilla,det=detector_cpu;fusion=ensamble10,20260930-2219,49.7,malo,Daño dominante: piel de cocodrilo; acción según estado malo.
184,T2-JA-0078,despliegue,Japan,10,2000399,4.675241,-74.050074,d2g6dgn,86.7,2026-07-13 10:27,sim_pred,16,0,21,0,12.46,99.9,100.0,62.7,77.2,54.7,6.13,39.7,49.4,32.6,66.3,malo,0.512,0.729,3.47,89.22,84.96,33.99,43.32,73.92,64.91,alta,5700.0,0,718.0,31,48.9,2.3,45.06,"Segmento de 87 m en estado malo: índice de condición 49/100 (intervalo 90 %: 33–66). Detecciones: 16 grietas longitudinales, 21 piel de cocodrilo. Rugosidad IRI 6.1 m/km. Contexto: hospital a 718 m, 31 siniestros a 250 m. Prioridad alta (65/100).",rehabilitacion,inmediata_30_dias,plantilla,det=detector_cpu;fusion=ensamble10,20260930-2219,,,Daño dominante: piel de cocodrilo; acción según estado malo.
185,T1-JA-0009,despliegue,Japan,10,5001655,4.516954,-74.117558,d2g39qm,56.2,2026-06-29 08:10,sim_pred,40,0,21,7,14.04,100.0,100.0,73.6,85.7,68.6,6.23,39.0,58.2,41.4,75.1,regular,0.44,0.424,5.58,75.13,100.0,87.67,69.61,86.97,64.86,alta,5751.0,0,228.0,68,72.3,3.6,45.59,"Segmento de 56 m en estado regular: índice de condición 58/100 (intervalo 90 %: 41–75). Detecciones: 40 grietas longitudinales, 21 piel de cocodrilo, 7 baches. Rugosidad IRI 6.2 m/km. Contexto: hospital a 228 m, 68 siniestros a 250 m. Prioridad alta (65/100).",parcheo,inmediata_30_dias,plantilla,det=detector_cpu;fusion=ensamble10,20260930-2219,,,Daño dominante: piel de cocodrilo; acción según estado regular.
186,TR-IN-0520,test,India,10,5002475,4.512108,-74.110831,d2g39t6,46.6,2026-07-09 12:01,sim_gt,1,0,1,9,2.97,100.0,100.0,90.7,63.8,60.6,5.62,43.5,54.6,37.8,71.4,malo,0.458,0.554,2.11,97.04,71.73,70.07,74.05,81.44,64.82,alta,6643.0,0,58.0,52,77.3,10.7,42.85,"Segmento de 47 m en estado malo: índice de condición 55/100 (intervalo 90 %: 38–71). Detecciones: 1 grietas longitudinales, 1 piel de cocodrilo, 9 baches. Rugosidad IRI 5.6 m/km. Contexto: hospital a 58 m, 52 siniestros a 250 m. Prioridad alta (65/100).",bacheo,inmediata_30_dias,plantilla,det=detector_cpu;fusion=ensamble10,20260930-2219,36.8,muy_malo,Daño dominante: baches; acción según estado malo.
187,T1-IN-0053,despliegue,India,10,16002601,4.606495,-74.099537,d2g61yd,75.0,2026-08-13 15:02,sim_pred,4,0,24,9,13.7,100.0,100.0,78.9,75.6,68.2,5.84,41.8,59.0,42.1,75.8,regular,0.485,0.389,2.48,95.52,71.73,98.71,19.35,87.99,64.82,alta,2201.0,0,123.0,198,32.1,1.3,42.3,"Segmento de 75 m en estado regular: índice de condición 59/100 (intervalo 90 %: 42–76). Detecciones: 4 grietas longitudinales, 24 piel de cocodrilo, 9 baches. Rugosidad IRI 5.8 m/km. Contexto: hospital a 123 m, 198 siniestros a 250 m. Prioridad alta (65/100).",bacheo,inmediata_30_dias,plantilla,det=detector_cpu;fusion=ensamble10,20260930-2219,,,Daño dominante: baches; acción según estado regular.
188,T1-JA-0040,despliegue,Japan,10,10006506,4.695474,-74.115825,d2g69qy,50.4,2026-08-19 12:44,sim_pred,39,0,26,9,15.51,100.0,100.0,73.5,77.8,65.7,7.44,31.4,53.7,36.9,70.5,malo,0.47,0.586,2.95,61.12,100.0,32.55,38.85,67.59,64.82,alta,279.0,1,534.0,25,45.0,6.0,42.17,"Segmento de 50 m en estado malo: índice de condición 54/100 (intervalo 90 %: 37–70). Detecciones: 39 grietas longitudinales, 26 piel de cocodrilo, 9 baches. Rugosidad IRI 7.4 m/km. Contexto: colegio a 279 m, hospital a 534 m, 25 siniestros a 250 m. Prioridad alta (65/100).",rehabilitacion,inmediata_30_dias,plantilla,det=detector_cpu;fusion=ensamble10,20260930-2219,,,Daño dominante: piel de cocodrilo; acción según estado malo.
189,T1-IN-0085,despliegue,India,10,8006298,4.623061,-74.160308,d2g623w,101.7,2026-06-05 08:25,sim_pred,4,0,1,11,3.9,100.0,100.0,86.6,62.7,58.0,6.78,35.3,50.0,33.2,66.9,malo,0.517,0.713,2.82,43.88,71.73,76.44,31.03,61.76,64.68,alta,272.0,3,203.0,54,40.6,2.0,24.84,"Segmento de 102 m en estado malo: índice de condición 50/100 (intervalo 90 %: 33–67). Detecciones: 4 grietas longitudinales, 1 piel de cocodrilo, 11 baches. Rugosidad IRI 6.8 m/km. Contexto: colegio a 272 m, hospital a 203 m, 54 siniestros a 250 m. Prioridad alta (65/100).",bacheo,inmediata_30_dias,plantilla,det=detector_cpu;fusion=ensamble10,20260930-2219,,,Daño dominante: baches; acción según estado malo.
190,T1-JA-0118,despliegue,Japan,10,13002116,4.626653,-74.078768,d2g6663,110.4,2026-09-25 08:17,sim_pred,51,0,18,6,14.07,100.0,100.0,70.2,77.3,62.2,7.04,33.7,52.2,35.4,69.1,malo,0.493,0.638,2.95,99.39,71.73,50.8,22.12,77.56,64.68,alta,5300.0,0,158.0,40,35.5,0.0,45.04,"Segmento de 110 m en estado malo: índice de condición 52/100 (intervalo 90 %: 35–69). Detecciones: 51 grietas longitudinales, 18 piel de cocodrilo, 6 baches. Rugosidad IRI 7.0 m/km. Contexto: hospital a 158 m, 40 siniestros a 250 m. Prioridad alta (65/100).",rehabilitacion,inmediata_30_dias,plantilla,det=detector_cpu;fusion=ensamble10,20260930-2219,,,Daño dominante: piel de cocodrilo; acción según estado malo.
191,T2-IN-0076,despliegue,India,10,19001378,4.587762,-74.173669,d2g605h,51.1,2026-07-08 15:09,sim_pred,10,0,3,11,2.86,100.0,100.0,88.1,57.5,53.4,8.98,23.8,43.0,26.2,59.8,malo,0.475,0.897,1.15,56.13,71.73,14.49,26.56,51.18,64.66,alta,122.0,9,592.0,9,38.7,0.0,25.41,"Segmento de 51 m en estado malo: índice de condición 43/100 (intervalo 90 %: 26–60). Detecciones: 10 grietas longitudinales, 3 piel de cocodrilo, 11 baches. Rugosidad IRI 9.0 m/km. Contexto: colegio a 122 m, hospital a 592 m, 9 siniestros a 250 m. Prioridad alta (65/100).",bacheo,inmediata_30_dias,plantilla,det=detector_cpu;fusion=ensamble10,20260930-2219,,,Daño dominante: baches; acción según estado malo.
192,T1-JA-0091,despliegue,Japan,10,11009801,4.715349,-74.05902,d2g6fdr,86.1,2026-09-12 09:12,sim_pred,59,0,39,3,17.04,100.0,100.0,61.6,85.8,56.7,6.36,38.1,50.2,33.3,67.0,malo,0.508,0.706,3.51,84.22,71.73,62.18,74.32,74.33,64.64,alta,5181.0,0,265.0,43,77.4,0.0,28.87,"Segmento de 86 m en estado malo: índice de condición 50/100 (intervalo 90 %: 33–67). Detecciones: 59 grietas longitudinales, 39 piel de cocodrilo, 3 baches. Rugosidad IRI 6.4 m/km. Contexto: hospital a 265 m, 43 siniestros a 250 m. Prioridad alta (65/100).",rehabilitacion,inmediata_30_dias,plantilla,det=detector_cpu;fusion=ensamble10,20260930-2219,,,Daño dominante: piel de cocodrilo; acción según estado malo.
193,T2-JA-0071,despliegue,Japan,10,7000212,4.638913,-74.192068,d2g4rsq,40.9,2026-06-12 12:26,sim_pred,40,0,33,4,15.58,100.0,100.0,67.3,75.6,58.8,8.91,24.1,46.6,29.8,63.5,malo,0.498,0.803,4.12,58.9,71.73,30.69,74.92,56.34,64.56,alta,149.0,2,910.0,12,77.7,0.0,25.59,"Segmento de 41 m en estado malo: índice de condición 47/100 (intervalo 90 %: 30–64). Detecciones: 40 grietas longitudinales, 33 piel de cocodrilo, 4 baches. Rugosidad IRI 8.9 m/km. Contexto: colegio a 149 m, hospital a 910 m, 12 siniestros a 250 m. Prioridad alta (65/100).",rehabilitacion,inmediata_30_dias,plantilla,det=detector_cpu;fusion=ensamble10,20260930-2219,,,Daño dominante: piel de cocodrilo; acción según estado malo.
194,TR-JA-0107,test,Japan,10,8007225,4.618568,-74.14998,d2g628v,88.7,2026-07-24 07:07,sim_gt,41,0,38,9,24.16,100.0,100.0,67.2,77.9,59.4,4.48,53.4,57.3,40.5,74.2,regular,0.447,0.45,3.45,63.42,71.73,87.44,13.05,72.33,64.53,alta,166.0,2,289.0,79,28.2,2.3,26.74,"Segmento de 89 m en estado regular: índice de condición 57/100 (intervalo 90 %: 40–74). Detecciones: 41 grietas longitudinales, 38 piel de cocodrilo, 9 baches. Rugosidad IRI 4.5 m/km. Contexto: colegio a 166 m, hospital a 289 m, 79 siniestros a 250 m. Prioridad alta (64/100).",parcheo,inmediata_30_dias,plantilla,det=detector_cpu;fusion=ensamble10,20260930-2219,48.0,malo,Daño dominante: piel de cocodrilo; acción según estado regular.
195,T2-IN-0007,despliegue,India,10,13002446,4.632928,-74.072023,d2g667q,67.1,2026-08-01 12:44,sim_pred,4,0,21,4,9.18,100.0,100.0,80.1,74.4,67.4,7.15,33.0,55.4,38.6,72.2,malo,0.426,0.522,4.25,74.83,100.0,67.41,42.19,81.78,64.48,alta,5994.0,0,189.0,56,48.1,0.0,44.7,"Segmento de 67 m en estado malo: índice de condición 55/100 (intervalo 90 %: 39–72). Detecciones: 4 grietas longitudinales, 21 piel de cocodrilo, 4 baches. Rugosidad IRI 7.2 m/km. Contexto: hospital a 189 m, 56 siniestros a 250 m. Prioridad alta (64/100).",bacheo,inmediata_30_dias,plantilla,det=detector_cpu;fusion=ensamble10,20260930-2219,,,Daño dominante: baches; acción según estado malo.
196,T1-IN-0018,despliegue,India,10,9002650,4.670804,-74.148843,d2g68dq,47.6,2026-09-24 09:39,sim_pred,5,0,16,9,8.27,100.0,100.0,85.4,76.3,71.2,7.07,33.5,58.0,41.2,74.8,regular,0.441,0.43,5.23,83.13,84.96,40.63,6.15,73.15,64.45,alta,229.0,4,313.0,31,20.8,0.0,37.85,"Segmento de 48 m en estado regular: índice de condición 58/100 (intervalo 90 %: 41–75). Detecciones: 5 grietas longitudinales, 16 piel de cocodrilo, 9 baches. Rugosidad IRI 7.1 m/km. Contexto: colegio a 229 m, hospital a 313 m, 31 siniestros a 250 m. Prioridad alta (64/100).",bacheo,inmediata_30_dias,plantilla,det=detector_cpu;fusion=ensamble10,20260930-2219,,,Daño dominante: baches; acción según estado regular.
197,TR-JA-0256,test,Japan,10,6000579,4.587078,-74.143361,d2g60g4,47.6,2026-08-08 07:33,sim_gt,16,0,13,4,10.85,100.0,100.0,77.5,73.7,65.9,5.93,41.2,57.2,40.4,74.1,regular,0.447,0.454,3.19,81.88,84.96,87.67,0.42,84.41,64.42,alta,872.0,0,916.0,64,12.2,2.1,32.2,"Segmento de 48 m en estado regular: índice de condición 57/100 (intervalo 90 %: 40–74). Detecciones: 16 grietas longitudinales, 13 piel de cocodrilo, 4 baches. Rugosidad IRI 5.9 m/km. Contexto: hospital a 916 m, 64 siniestros a 250 m. Prioridad alta (64/100).",bacheo,inmediata_30_dias,plantilla,det=detector_cpu;fusion=ensamble10,20260930-2219,49.8,malo,Daño dominante: baches; acción según estado regular.
198,TR-JA-0896,test,Japan,10,6000173,4.591302,-74.143198,d2g60gf,52.3,2026-07-18 09:44,sim_gt,28,0,33,6,19.25,100.0,100.0,69.3,73.3,60.0,5.71,42.8,54.0,37.2,70.8,malo,0.47,0.576,2.07,80.29,71.73,89.23,5.58,79.53,64.41,alta,553.0,0,449.0,83,19.8,,27.87,"Segmento de 52 m en estado malo: índice de condición 54/100 (intervalo 90 %: 37–71). Detecciones: 28 grietas longitudinales, 33 piel de cocodrilo, 6 baches. Rugosidad IRI 5.7 m/km. Contexto: hospital a 449 m, 83 siniestros a 250 m. Prioridad alta (64/100).",rehabilitacion,inmediata_30_dias,plantilla,det=detector_cpu;fusion=ensamble10,20260930-2219,41.7,malo,Daño dominante: piel de cocodrilo; acción según estado malo.
199,T2-JA-0083,despliegue,Japan,10,11004280,4.742941,-74.115375,d2g6crq,96.2,2026-06-09 09:17,sim_pred,43,0,20,5,11.77,100.0,100.0,73.3,66.4,57.0,4.86,49.9,54.5,37.7,71.4,malo,0.462,0.557,1.56,52.22,71.73,57.25,98.56,60.3,64.4,alta,129.0,2,608.0,34,163.9,0.0,25.83,"Segmento de 96 m en estado malo: índice de condición 54/100 (intervalo 90 %: 38–71). Detecciones: 43 grietas longitudinales, 20 piel de cocodrilo, 5 baches. Rugosidad IRI 4.9 m/km. Contexto: colegio a 129 m, hospital a 608 m, 34 siniestros a 250 m. Prioridad alta (64/100).",bacheo,inmediata_30_dias,plantilla,det=detector_cpu;fusion=ensamble10,20260930-2219,,,Daño dominante: baches; acción según estado malo.
200,T2-JA-0130,despliegue,Japan,10,11004916,4.740719,-74.114697,d2g6crp,142.1,2026-09-06 16:10,sim_pred,29,0,30,0,13.89,100.0,100.0,68.8,71.2,58.8,5.58,43.8,53.5,36.7,70.4,malo,0.476,0.592,2.49,80.29,71.73,36.27,71.55,66.29,64.39,alta,273.0,4,490.0,22,74.9,1.4,28.57,"Segmento de 142 m en estado malo: índice de condición 54/100 (intervalo 90 %: 37–70). Detecciones: 29 grietas longitudinales, 30 piel de cocodrilo. Rugosidad IRI 5.6 m/km. Contexto: colegio a 273 m, hospital a 490 m, 22 siniestros a 250 m. Prioridad alta (64/100).",rehabilitacion,inmediata_30_dias,plantilla,det=detector_cpu;fusion=ensamble10,20260930-2219,,,Daño dominante: piel de cocodrilo; acción según estado malo.
201,T2-JA-0050,despliegue,Japan,10,7003580,4.61935,-74.188651,d2g4rbc,63.3,2026-08-04 09:19,sim_pred,49,0,12,9,12.45,100.0,100.0,73.9,81.3,67.4,5.81,42.0,58.5,41.7,75.3,regular,0.469,0.409,3.46,60.61,71.73,97.5,4.17,73.72,64.39,alta,247.0,2,741.0,117,17.4,1.6,25.7,"Segmento de 63 m en estado regular: índice de condición 58/100 (intervalo 90 %: 42–75). Detecciones: 49 grietas longitudinales, 12 piel de cocodrilo, 9 baches. Rugosidad IRI 5.8 m/km. Contexto: colegio a 247 m, hospital a 741 m, 117 siniestros a 250 m. Prioridad alta (64/100).",parcheo,inmediata_30_dias,plantilla,det=detector_cpu;fusion=ensamble10,20260930-2219,,,Daño dominante: piel de cocodrilo; acción según estado regular.
202,T1-JA-0042,despliegue,Japan,10,11000863,4.757045,-74.047876,d2g74cz,42.3,2026-06-25 08:56,sim_pred,30,0,45,7,29.59,100.0,100.0,68.1,79.3,60.9,9.23,22.7,47.5,30.7,64.3,malo,0.507,0.782,3.84,66.76,84.96,23.18,97.57,62.23,64.38,alta,5970.0,0,768.0,18,158.8,0.0,31.19,"Segmento de 42 m en estado malo: índice de condición 48/100 (intervalo 90 %: 31–64). Detecciones: 30 grietas longitudinales, 45 piel de cocodrilo, 7 baches. Rugosidad IRI 9.2 m/km. Contexto: hospital a 768 m, 18 siniestros a 250 m. Prioridad alta (64/100).",rehabilitacion,inmediata_30_dias,plantilla,det=detector_cpu;fusion=ensamble10,20260930-2219,,,Daño dominante: piel de cocodrilo; acción según estado malo.
203,T2-IN-0003,despliegue,India,10,19009741,4.547233,-74.138176,d2g3bgy,46.8,2026-06-08 09:38,sim_pred,23,0,33,1,25.53,100.0,100.0,65.7,70.7,55.5,13.75,10.1,39.6,22.8,56.4,muy_malo,0.55,0.927,4.79,21.12,71.73,97.08,59.07,57.82,64.38,alta,2583.0,0,427.0,106,61.6,0.0,25.05,"Segmento de 47 m en estado muy malo: índice de condición 40/100 (intervalo 90 %: 23–56). Detecciones: 23 grietas longitudinales, 33 piel de cocodrilo, 1 baches. Rugosidad IRI 13.8 m/km. Contexto: hospital a 427 m, 106 siniestros a 250 m. Prioridad alta (64/100).",reconstruccion,inmediata_30_dias,plantilla,det=detector_cpu;fusion=ensamble10,20260930-2219,,,Daño dominante: piel de cocodrilo; acción según estado muy malo.
204,TR-JA-0261,test,Japan,10,9002680,4.670578,-74.138673,d2g68fm,69.8,2026-07-15 12:18,sim_gt,5,0,32,4,19.5,100.0,100.0,70.6,91.0,67.5,5.36,45.6,59.8,43.0,76.7,regular,0.498,0.358,2.59,83.6,84.96,50.04,11.68,75.69,64.37,alta,160.0,1,259.0,29,26.2,0.0,44.04,"Segmento de 70 m en estado regular: índice de condición 60/100 (intervalo 90 %: 43–77). Detecciones: 5 grietas longitudinales, 32 piel de cocodrilo, 4 baches. Rugosidad IRI 5.4 m/km. Contexto: colegio a 160 m, hospital a 259 m, 29 siniestros a 250 m. Prioridad alta (64/100).",parcheo,inmediata_30_dias,plantilla,det=detector_cpu;fusion=ensamble10,20260930-2219,46.2,malo,Daño dominante: piel de cocodrilo; acción según estado regular.
205,T1-IN-0017,despliegue,India,10,2002600,4.639672,-74.05394,d2g66ue,46.0,2026-07-11 13:05,sim_pred,5,0,4,37,5.07,100.0,100.0,83.2,38.9,33.0,13.49,10.6,25.2,8.3,42.0,muy_malo,0.938,0.999,1.52,25.98,71.73,2.12,44.23,36.03,64.31,alta,6904.0,0,825.0,4,49.3,0.0,24.14,"Segmento de 46 m en estado muy malo: índice de condición 25/100 (intervalo 90 %: 8–42). Detecciones: 5 grietas longitudinales, 4 piel de cocodrilo, 37 baches. Rugosidad IRI 13.5 m/km. Contexto: hospital a 825 m, 4 siniestros a 250 m. Prioridad alta (64/100).",rehabilitacion,inmediata_30_dias,plantilla,det=detector_cpu;fusion=ensamble10,20260930-2219,,,Daño dominante: baches; acción según estado muy malo.
206,T2-JA-0068,despliegue,Japan,10,7006969,4.601745,-74.157615,d2g60t8,84.7,2026-07-23 10:24,sim_pred,10,0,49,6,26.49,100.0,100.0,63.0,71.6,53.0,11.23,15.9,40.0,23.2,56.8,muy_malo,0.536,0.928,3.89,27.98,84.96,18.85,6.64,45.64,64.25,alta,162.0,11,490.0,15,21.0,1.2,28.47,"Segmento de 85 m en estado muy malo: índice de condición 40/100 (intervalo 90 %: 23–57). Detecciones: 10 grietas longitudinales, 49 piel de cocodrilo, 6 baches. Rugosidad IRI 11.2 m/km. Contexto: colegio a 162 m, hospital a 490 m, 15 siniestros a 250 m. Prioridad alta (64/100).",reconstruccion,inmediata_30_dias,plantilla,det=detector_cpu;fusion=ensamble10,20260930-2219,,,Daño dominante: piel de cocodrilo; acción según estado muy malo.
207,T1-JA-0117,despliegue,Japan,10,7002169,4.623678,-74.201232,d2g4r98,55.9,2026-06-08 14:11,sim_pred,27,0,19,3,16.68,100.0,100.0,58.7,74.7,49.9,7.2,32.8,43.9,27.0,60.7,malo,0.454,0.854,5.26,52.22,71.73,21.4,56.37,51.34,64.21,alta,205.0,9,982.0,16,59.2,0.0,25.13,"Segmento de 56 m en estado malo: índice de condición 44/100 (intervalo 90 %: 27–61). Detecciones: 27 grietas longitudinales, 19 piel de cocodrilo, 3 baches. Rugosidad IRI 7.2 m/km. Contexto: colegio a 205 m, hospital a 982 m, 16 siniestros a 250 m. Prioridad alta (64/100).",rehabilitacion,inmediata_30_dias,plantilla,det=detector_cpu;fusion=ensamble10,20260930-2219,,,Daño dominante: piel de cocodrilo; acción según estado malo.
208,T1-JA-0049,despliegue,Japan,10,2001679,4.640944,-74.061199,d2g66sy,48.1,2026-08-29 11:40,sim_pred,26,0,56,1,29.27,100.0,100.0,67.9,85.0,62.6,8.28,27.0,50.1,33.3,67.0,malo,0.485,0.696,5.07,63.85,71.73,90.17,41.96,73.19,64.19,alta,6180.0,0,406.0,96,47.8,0.0,26.86,"Segmento de 48 m en estado malo: índice de condición 50/100 (intervalo 90 %: 33–67). Detecciones: 26 grietas longitudinales, 56 piel de cocodrilo, 1 baches. Rugosidad IRI 8.3 m/km. Contexto: hospital a 406 m, 96 siniestros a 250 m. Prioridad alta (64/100).",rehabilitacion,inmediata_30_dias,plantilla,det=detector_cpu;fusion=ensamble10,20260930-2219,,,Daño dominante: piel de cocodrilo; acción según estado malo.
209,TR-JA-0446,test,Japan,10,16003001,4.603477,-74.129874,d2g61nh,64.9,2026-06-05 13:19,sim_gt,8,0,0,9,0.83,97.8,100.0,56.5,87.6,51.4,4.51,53.2,52.0,35.2,68.8,malo,0.46,0.634,5.7,70.35,71.73,90.86,50.83,75.96,64.18,alta,2128.0,0,176.0,89,53.7,,27.01,"Segmento de 65 m en estado malo: índice de condición 52/100 (intervalo 90 %: 35–69). Detecciones: 8 grietas longitudinales, 9 baches. Rugosidad IRI 4.5 m/km. Contexto: hospital a 176 m, 89 siniestros a 250 m. Prioridad alta (64/100).",rehabilitacion,inmediata_30_dias,plantilla,det=detector_cpu;fusion=ensamble10,20260930-2219,40.4,muy_malo,Daño dominante: piel de cocodrilo; acción según estado malo.
210,T2-IN-0055,despliegue,India,10,14000677,4.605316,-74.085136,d2g64nk,131.6,2026-06-11 07:32,sim_pred,0,0,27,12,21.94,100.0,100.0,71.5,56.8,46.9,9.71,20.9,37.8,20.9,54.6,muy_malo,0.622,0.96,2.07,2.85,71.73,83.12,88.16,47.02,64.15,alta,3080.0,0,259.0,79,101.2,2.3,22.59,"Segmento de 132 m en estado muy malo: índice de condición 38/100 (intervalo 90 %: 21–55). Detecciones: 27 piel de cocodrilo, 12 baches. Rugosidad IRI 9.7 m/km. Contexto: hospital a 259 m, 79 siniestros a 250 m. Prioridad alta (64/100).",rehabilitacion,inmediata_30_dias,plantilla,det=detector_cpu;fusion=ensamble10,20260930-2219,,,Daño dominante: baches; acción según estado muy malo.
211,TR-JA-0579,test,Japan,10,8004826,4.628864,-74.141436,d2g62fe,46.7,2026-08-22 08:22,sim_gt,1,0,11,2,6.21,100.0,100.0,71.4,65.3,55.3,4.35,54.8,55.1,38.3,71.9,malo,0.433,0.533,4.05,92.61,71.73,73.48,11.19,80.52,64.15,alta,715.0,0,405.0,52,25.5,,40.68,"Segmento de 47 m en estado malo: índice de condición 55/100 (intervalo 90 %: 38–72). Detecciones: 1 grietas longitudinales, 11 piel de cocodrilo, 2 baches. Rugosidad IRI 4.3 m/km. Contexto: hospital a 405 m, 52 siniestros a 250 m. Prioridad alta (64/100).",bacheo,inmediata_30_dias,plantilla,det=detector_cpu;fusion=ensamble10,20260930-2219,41.5,malo,Daño dominante: baches; acción según estado malo.
212,T1-IN-0055,despliegue,India,10,13002372,4.616376,-74.072826,d2g662m,73.1,2026-06-19 16:21,sim_pred,4,0,8,7,7.67,100.0,100.0,86.4,69.6,64.9,6.71,35.8,54.7,37.8,71.5,malo,0.455,0.551,2.28,63.7,71.73,84.14,82.85,71.62,63.85,alta,4915.0,0,242.0,62,82.8,0.0,28.17,"Segmento de 73 m en estado malo: índice de condición 55/100 (intervalo 90 %: 38–72). Detecciones: 4 grietas longitudinales, 8 piel de cocodrilo, 7 baches. Rugosidad IRI 6.7 m/km. Contexto: hospital a 242 m, 62 siniestros a 250 m. Prioridad alta (64/100).",bacheo,inmediata_30_dias,plantilla,det=detector_cpu;fusion=ensamble10,20260930-2219,,,Daño dominante: baches; acción según estado malo.
213,TR-IN-0299,test,India,10,9002764,4.670033,-74.145246,d2g68f1,46.5,2026-06-16 07:35,sim_gt,23,0,47,1,17.93,100.0,100.0,68.5,76.5,60.3,6.46,37.4,52.3,35.5,69.1,malo,0.498,0.638,2.31,43.88,71.73,81.64,74.7,63.06,63.84,alta,252.0,5,213.0,73,77.6,0.0,25.54,"Segmento de 46 m en estado malo: índice de condición 52/100 (intervalo 90 %: 36–69). Detecciones: 23 grietas longitudinales, 47 piel de cocodrilo, 1 baches. Rugosidad IRI 6.5 m/km. Contexto: colegio a 252 m, hospital a 213 m, 73 siniestros a 250 m. Prioridad alta (64/100).",rehabilitacion,inmediata_30_dias,plantilla,det=detector_cpu;fusion=ensamble10,20260930-2219,42.6,malo,Daño dominante: piel de cocodrilo; acción según estado malo.
214,T1-JA-0076,despliegue,Japan,10,12002306,4.659259,-74.062985,d2g6d8h,68.6,2026-08-11 10:12,sim_pred,28,0,35,15,27.93,100.0,100.0,73.4,63.2,53.8,10.02,19.7,41.9,25.1,58.7,malo,0.439,0.905,3.37,28.29,71.73,93.32,25.3,59.75,63.76,alta,4859.0,0,138.0,118,38.0,0.0,26.03,"Segmento de 69 m en estado malo: índice de condición 42/100 (intervalo 90 %: 25–59). Detecciones: 28 grietas longitudinales, 35 piel de cocodrilo, 15 baches. Rugosidad IRI 10.0 m/km. Contexto: hospital a 138 m, 118 siniestros a 250 m. Prioridad alta (64/100).",bacheo,inmediata_30_dias,plantilla,det=detector_cpu;fusion=ensamble10,20260930-2219,,,Daño dominante: baches; acción según estado malo.
215,T1-JA-0011,despliegue,Japan,10,6000146,4.59165,-74.141282,d2g60gg,105.8,2026-08-27 14:34,sim_pred,32,0,27,3,21.15,100.0,100.0,65.2,82.5,59.0,7.02,33.8,50.2,33.4,67.0,malo,0.525,0.712,1.73,74.83,71.73,68.7,6.03,72.21,63.76,alta,733.0,0,418.0,41,20.7,0.9,27.58,"Segmento de 106 m en estado malo: índice de condición 50/100 (intervalo 90 %: 33–67). Detecciones: 32 grietas longitudinales, 27 piel de cocodrilo, 3 baches. Rugosidad IRI 7.0 m/km. Contexto: hospital a 418 m, 41 siniestros a 250 m. Prioridad alta (64/100).",rehabilitacion,inmediata_30_dias,plantilla,det=detector_cpu;fusion=ensamble10,20260930-2219,,,Daño dominante: piel de cocodrilo; acción según estado malo.
216,TR-IN-0246,test,India,10,3001254,4.587805,-74.074322,d2g647h,49.3,2026-08-20 11:58,sim_gt,3,0,4,12,8.31,100.0,100.0,84.6,72.6,67.2,5.95,41.1,58.1,41.2,74.9,regular,0.468,0.422,2.58,84.43,100.0,59.33,71.32,83.61,63.6,alta,3614.0,0,547.0,42,74.4,24.4,45.49,"Segmento de 49 m en estado regular: índice de condición 58/100 (intervalo 90 %: 41–75). Detecciones: 3 grietas longitudinales, 4 piel de cocodrilo, 12 baches. Rugosidad IRI 6.0 m/km. Contexto: hospital a 547 m, 42 siniestros a 250 m. Prioridad alta (64/100).",bacheo,inmediata_30_dias,plantilla,det=detector_cpu;fusion=ensamble10,20260930-2219,45.2,malo,Daño dominante: baches; acción según estado regular.
217,TR-JA-0109,test,Japan,10,3002647,4.578349,-74.070844,d2g643r,42.8,2026-06-22 10:02,sim_gt,43,0,36,15,23.57,100.0,100.0,62.0,65.1,49.8,10.1,19.5,39.1,22.3,56.0,muy_malo,0.571,0.947,2.1,52.22,71.73,6.68,84.75,47.66,63.57,alta,4144.0,0,917.0,4,88.6,2.3,25.13,"Segmento de 43 m en estado muy malo: índice de condición 39/100 (intervalo 90 %: 22–56). Detecciones: 43 grietas longitudinales, 36 piel de cocodrilo, 15 baches. Rugosidad IRI 10.1 m/km. Contexto: hospital a 917 m, 4 siniestros a 250 m. Prioridad alta (64/100).",reconstruccion,inmediata_30_dias,plantilla,det=detector_cpu;fusion=ensamble10,20260930-2219,33.4,muy_malo,Daño dominante: piel de cocodrilo; acción según estado muy malo.
218,T1-JA-0116,despliegue,Japan,10,6001702,4.558572,-74.123333,d2g3cmc,55.4,2026-07-08 16:57,sim_pred,20,0,26,2,18.72,100.0,100.0,68.3,65.0,53.9,6.3,38.5,48.5,31.7,65.3,malo,0.523,0.761,2.7,52.98,71.73,91.54,23.98,69.18,63.56,alta,3144.0,0,299.0,103,37.3,5.4,26.55,"Segmento de 55 m en estado malo: índice de condición 48/100 (intervalo 90 %: 32–65). Detecciones: 20 grietas longitudinales, 26 piel de cocodrilo, 2 baches. Rugosidad IRI 6.3 m/km. Contexto: hospital a 299 m, 103 siniestros a 250 m. Prioridad alta (64/100).",bacheo,inmediata_30_dias,plantilla,det=detector_cpu;fusion=ensamble10,20260930-2219,,,Daño dominante: baches; acción según estado malo.
219,T1-JA-0021,despliegue,Japan,10,11007008,4.731216,-74.09406,d2g6cvq,81.1,2026-07-26 11:28,sim_pred,41,0,49,7,31.42,100.0,100.0,62.2,71.9,52.3,9.6,21.3,41.5,24.6,58.3,malo,0.428,0.912,3.45,60.61,71.73,6.68,92.68,51.02,63.53,alta,1031.0,0,583.0,6,117.3,2.5,25.7,"Segmento de 81 m en estado malo: índice de condición 42/100 (intervalo 90 %: 25–58). Detecciones: 41 grietas longitudinales, 49 piel de cocodrilo, 7 baches. Rugosidad IRI 9.6 m/km. Contexto: hospital a 583 m, 6 siniestros a 250 m. Prioridad alta (64/100).",rehabilitacion,inmediata_30_dias,plantilla,det=detector_cpu;fusion=ensamble10,20260930-2219,,,Daño dominante: piel de cocodrilo; acción según estado malo.
220,T1-JA-0123,despliegue,Japan,10,5000695,4.526171,-74.115422,d2g39ry,86.6,2026-07-15 12:36,sim_pred,18,0,18,11,8.9,100.0,100.0,75.8,54.7,46.2,7.49,31.1,40.9,24.1,57.8,muy_malo,0.502,0.909,4.84,70.35,71.73,17.87,72.27,57.71,63.52,alta,5709.0,0,121.0,14,75.8,5.8,27.01,"Segmento de 87 m en estado muy malo: índice de condición 41/100 (intervalo 90 %: 24–58). Detecciones: 18 grietas longitudinales, 18 piel de cocodrilo, 11 baches. Rugosidad IRI 7.5 m/km. Contexto: hospital a 121 m, 14 siniestros a 250 m. Prioridad alta (64/100).",rehabilitacion,inmediata_30_dias,plantilla,det=detector_cpu;fusion=ensamble10,20260930-2219,,,Daño dominante: baches; acción según estado muy malo.
221,TR-JA-0136,test,Japan,10,19004207,4.572065,-74.154922,d2g6086,50.3,2026-06-29 10:09,sim_gt,1,0,7,6,4.55,98.8,100.0,64.2,73.0,54.4,10.09,19.5,42.2,25.3,59.0,malo,0.443,0.9,3.47,21.12,71.73,53.87,63.24,47.02,63.51,alta,237.0,2,288.0,34,67.2,21.9,23.71,"Segmento de 50 m en estado malo: índice de condición 42/100 (intervalo 90 %: 25–59). Detecciones: 1 grietas longitudinales, 7 piel de cocodrilo, 6 baches. Rugosidad IRI 10.1 m/km. Contexto: colegio a 237 m, hospital a 288 m, 34 siniestros a 250 m. Prioridad alta (64/100).",rehabilitacion,inmediata_30_dias,plantilla,det=detector_cpu;fusion=ensamble10,20260930-2219,24.1,muy_malo,Daño dominante: piel de cocodrilo; acción según estado malo.
222,T2-IN-0016,despliegue,India,10,19010119,4.545801,-74.145384,d2g3bg8,66.4,2026-08-05 14:30,sim_pred,5,0,19,7,16.25,100.0,100.0,78.0,60.0,52.3,8.48,26.0,43.1,26.3,59.9,malo,0.467,0.888,2.87,70.35,71.73,30.69,18.06,60.92,63.51,alta,2015.0,0,116.0,19,30.6,7.5,27.01,"Segmento de 66 m en estado malo: índice de condición 43/100 (intervalo 90 %: 26–60). Detecciones: 5 grietas longitudinales, 19 piel de cocodrilo, 7 baches. Rugosidad IRI 8.5 m/km. Contexto: hospital a 116 m, 19 siniestros a 250 m. Prioridad alta (64/100).",bacheo,inmediata_30_dias,plantilla,det=detector_cpu;fusion=ensamble10,20260930-2219,,,Daño dominante: baches; acción según estado malo.
223,T1-IN-0096,despliegue,India,9,11011540,4.690371,-74.057668,d2g6dvb,108.9,2026-07-27 15:47,sim_pred,4,0,8,13,5.66,100.0,100.0,96.4,66.0,64.7,5.43,45.1,57.9,41.0,74.7,regular,0.458,0.431,3.32,97.58,71.73,75.19,52.96,82.93,63.46,alta,4947.0,0,54.0,90,55.9,0.0,44.74,"Segmento de 109 m en estado regular: índice de condición 58/100 (intervalo 90 %: 41–75). Detecciones: 4 grietas longitudinales, 8 piel de cocodrilo, 13 baches. Rugosidad IRI 5.4 m/km. Contexto: hospital a 54 m, 90 siniestros a 250 m. Prioridad alta (64/100).",bacheo,inmediata_30_dias,plantilla,det=detector_cpu;fusion=ensamble10,20260930-2219,,,Daño dominante: baches; acción según estado regular.
224,T1-JA-0086,despliegue,Japan,10,10006615,4.694872,-74.099668,d2g69yd,50.8,2026-06-28 12:13,sim_pred,30,0,48,6,20.54,100.0,100.0,68.1,74.5,59.1,9.13,23.1,46.5,29.7,63.4,malo,0.517,0.816,2.55,66.76,84.96,37.03,51.86,65.7,63.36,alta,1206.0,0,259.0,27,55.3,0.0,30.49,"Segmento de 51 m en estado malo: índice de condición 46/100 (intervalo 90 %: 30–63). Detecciones: 30 grietas longitudinales, 48 piel de cocodrilo, 6 baches. Rugosidad IRI 9.1 m/km. Contexto: hospital a 259 m, 27 siniestros a 250 m. Prioridad alta (63/100).",rehabilitacion,inmediata_30_dias,plantilla,det=detector_cpu;fusion=ensamble10,20260930-2219,,,Daño dominante: piel de cocodrilo; acción según estado malo.
225,T2-JA-0108,despliegue,Japan,10,18002382,4.571785,-74.100462,d2g61b3,110.5,2026-08-13 15:12,sim_pred,20,0,39,6,16.33,100.0,100.0,67.2,74.9,58.4,8.0,28.3,47.9,31.1,64.7,malo,0.518,0.777,3.07,56.13,71.73,80.42,19.35,67.66,63.34,alta,1953.0,0,785.0,60,32.1,0.9,25.99,"Segmento de 110 m en estado malo: índice de condición 48/100 (intervalo 90 %: 31–65). Detecciones: 20 grietas longitudinales, 39 piel de cocodrilo, 6 baches. Rugosidad IRI 8.0 m/km. Contexto: hospital a 785 m, 60 siniestros a 250 m. Prioridad alta (63/100).",rehabilitacion,inmediata_30_dias,plantilla,det=detector_cpu;fusion=ensamble10,20260930-2219,,,Daño dominante: piel de cocodrilo; acción según estado malo.
226,T1-JA-0035,despliegue,Japan,10,3000172,4.617806,-74.063934,d2g668s,77.9,2026-08-20 12:09,sim_pred,16,0,29,8,23.16,100.0,100.0,71.8,71.8,61.9,8.52,25.8,49.3,32.4,66.1,malo,0.519,0.737,2.9,75.62,71.73,57.25,39.26,69.66,63.3,alta,5796.0,0,299.0,36,45.5,9.0,27.77,"Segmento de 78 m en estado malo: índice de condición 49/100 (intervalo 90 %: 32–66). Detecciones: 16 grietas longitudinales, 29 piel de cocodrilo, 8 baches. Rugosidad IRI 8.5 m/km. Contexto: hospital a 299 m, 36 siniestros a 250 m. Prioridad alta (63/100).",rehabilitacion,inmediata_30_dias,plantilla,det=detector_cpu;fusion=ensamble10,20260930-2219,,,Daño dominante: piel de cocodrilo; acción según estado malo.
227,T2-IN-0045,despliegue,India,10,10010041,4.728804,-74.11932,d2g6ckg,150.0,2026-07-09 08:16,sim_pred,11,0,0,16,1.39,100.0,100.0,100.0,53.1,53.0,6.18,39.3,48.2,31.4,65.1,malo,0.53,0.773,1.84,80.29,71.73,13.54,86.08,60.61,63.29,alta,159.0,3,1677.0,15,94.5,0.0,27.87,"Segmento de 150 m en estado malo: índice de condición 48/100 (intervalo 90 %: 31–65). Detecciones: 11 grietas longitudinales, 16 baches. Rugosidad IRI 6.2 m/km. Contexto: colegio a 159 m, 15 siniestros a 250 m. Prioridad alta (63/100).",bacheo,inmediata_30_dias,plantilla,det=detector_cpu;fusion=ensamble10,20260930-2219,,,Daño dominante: baches; acción según estado malo.
228,T2-JA-0096,despliegue,Japan,10,6001504,4.56281,-74.131427,d2g3cne,64.8,2026-06-23 10:19,sim_pred,28,0,45,1,23.75,100.0,100.0,67.1,82.4,61.0,8.91,24.1,48.1,31.2,64.9,malo,0.488,0.756,5.16,74.89,71.73,50.8,42.75,67.76,63.27,alta,2155.0,0,674.0,31,48.6,0.0,27.6,"Segmento de 65 m en estado malo: índice de condición 48/100 (intervalo 90 %: 31–65). Detecciones: 28 grietas longitudinales, 45 piel de cocodrilo, 1 baches. Rugosidad IRI 8.9 m/km. Contexto: hospital a 674 m, 31 siniestros a 250 m. Prioridad alta (63/100).",rehabilitacion,inmediata_30_dias,plantilla,det=detector_cpu;fusion=ensamble10,20260930-2219,,,Daño dominante: piel de cocodrilo; acción según estado malo.
229,T2-IN-0066,despliegue,India,10,19006554,4.562234,-74.148147,d2g3bww,120.6,2026-09-19 12:56,sim_pred,13,0,15,10,7.55,100.0,100.0,89.0,66.4,62.5,5.13,47.6,57.3,40.5,74.1,regular,0.45,0.451,2.94,86.43,71.73,86.95,20.18,81.41,63.18,alta,587.0,0,141.0,76,33.3,1.7,33.32,"Segmento de 121 m en estado regular: índice de condición 57/100 (intervalo 90 %: 40–74). Detecciones: 13 grietas longitudinales, 15 piel de cocodrilo, 10 baches. Rugosidad IRI 5.1 m/km. Contexto: hospital a 141 m, 76 siniestros a 250 m. Prioridad alta (63/100).",bacheo,inmediata_30_dias,plantilla,det=detector_cpu;fusion=ensamble10,20260930-2219,,,Daño dominante: baches; acción según estado regular.
230,TR-IN-0260,test,India,10,9002251,4.674976,-74.144199,d2g68g1,87.2,2026-09-04 12:47,sim_gt,11,0,16,5,15.79,100.0,100.0,79.5,80.3,72.6,4.29,55.3,66.5,49.7,83.4,regular,0.498,0.164,3.37,96.7,71.73,75.72,16.01,82.71,63.17,alta,8.0,6,196.0,62,29.3,1.1,44.25,"Segmento de 87 m en estado regular: índice de condición 66/100 (intervalo 90 %: 50–83). Detecciones: 11 grietas longitudinales, 16 piel de cocodrilo, 5 baches. Rugosidad IRI 4.3 m/km. Contexto: colegio a 8 m, hospital a 196 m, 62 siniestros a 250 m. Prioridad alta (63/100).",parcheo,inmediata_30_dias,plantilla,det=detector_cpu;fusion=ensamble10,20260930-2219,53.0,malo,Daño dominante: piel de cocodrilo; acción según estado regular.
231,T1-JA-0057,despliegue,Japan,10,8008729,4.613198,-74.128525,d2g61pv,131.2,2026-08-30 15:58,sim_pred,45,0,28,5,14.9,100.0,100.0,75.2,75.5,66.7,6.31,38.4,56.8,39.9,73.6,regular,0.442,0.471,2.48,92.61,71.73,73.48,40.86,80.52,63.14,alta,2230.0,0,628.0,60,46.5,0.0,41.26,"Segmento de 131 m en estado regular: índice de condición 57/100 (intervalo 90 %: 40–74). Detecciones: 45 grietas longitudinales, 28 piel de cocodrilo, 5 baches. Rugosidad IRI 6.3 m/km. Contexto: hospital a 628 m, 60 siniestros a 250 m. Prioridad alta (63/100).",parcheo,inmediata_30_dias,plantilla,det=detector_cpu;fusion=ensamble10,20260930-2219,,,Daño dominante: piel de cocodrilo; acción según estado regular.
232,T2-JA-0036,despliegue,Japan,10,18003055,4.566817,-74.119054,d2g3crk,43.8,2026-07-13 11:13,sim_pred,37,0,73,13,31.67,100.0,100.0,58.6,68.9,47.7,10.76,17.3,37.1,20.2,53.9,muy_malo,0.646,0.964,2.54,52.22,71.73,19.69,25.46,50.91,63.12,alta,2724.0,0,598.0,12,38.3,2.3,25.13,"Segmento de 44 m en estado muy malo: índice de condición 37/100 (intervalo 90 %: 20–54). Detecciones: 37 grietas longitudinales, 73 piel de cocodrilo, 13 baches. Rugosidad IRI 10.8 m/km. Contexto: hospital a 598 m, 12 siniestros a 250 m. Prioridad alta (63/100).",reconstruccion,inmediata_30_dias,plantilla,det=detector_cpu;fusion=ensamble10,20260930-2219,,,Daño dominante: piel de cocodrilo; acción según estado muy malo.
233,T1-JA-0129,despliegue,Japan,10,14000265,4.61366,-74.078159,d2g64rc,100.3,2026-06-26 15:08,sim_pred,26,0,21,8,15.2,100.0,100.0,72.9,62.1,52.7,6.22,39.1,47.9,31.1,64.7,malo,0.512,0.773,3.5,60.61,84.96,50.8,70.86,66.68,62.93,alta,4269.0,0,370.0,32,73.9,1.0,29.74,"Segmento de 100 m en estado malo: índice de condición 48/100 (intervalo 90 %: 31–65). Detecciones: 26 grietas longitudinales, 21 piel de cocodrilo, 8 baches. Rugosidad IRI 6.2 m/km. Contexto: hospital a 370 m, 32 siniestros a 250 m. Prioridad alta (63/100).",bacheo,inmediata_30_dias,plantilla,det=detector_cpu;fusion=ensamble10,20260930-2219,,,Daño dominante: baches; acción según estado malo.
234,T1-JA-0026,despliegue,Japan,10,15001368,4.579449,-74.094473,d2g61cw,66.8,2026-08-31 10:01,sim_pred,18,0,50,5,21.81,100.0,100.0,66.5,70.5,56.1,10.14,19.3,43.2,26.4,60.1,malo,0.462,0.881,3.63,22.69,100.0,61.15,40.52,59.36,62.81,alta,1684.0,0,308.0,34,46.1,0.0,40.41,"Segmento de 67 m en estado malo: índice de condición 43/100 (intervalo 90 %: 26–60). Detecciones: 18 grietas longitudinales, 50 piel de cocodrilo, 5 baches. Rugosidad IRI 10.1 m/km. Contexto: hospital a 308 m, 34 siniestros a 250 m. Prioridad alta (63/100).",rehabilitacion,inmediata_30_dias,plantilla,det=detector_cpu;fusion=ensamble10,20260930-2219,,,Daño dominante: piel de cocodrilo; acción según estado malo.
235,T1-IN-0059,despliegue,India,10,11008540,4.723533,-74.068874,d2g6feb,42.7,2026-09-20 13:35,sim_pred,7,0,3,18,4.32,100.0,100.0,87.7,50.4,46.1,9.81,20.5,37.1,20.3,54.0,muy_malo,0.645,0.965,2.04,28.45,84.96,36.27,56.6,50.18,62.8,alta,3834.0,0,382.0,32,59.3,0.0,28.66,"Segmento de 43 m en estado muy malo: índice de condición 37/100 (intervalo 90 %: 20–54). Detecciones: 7 grietas longitudinales, 3 piel de cocodrilo, 18 baches. Rugosidad IRI 9.8 m/km. Contexto: hospital a 382 m, 32 siniestros a 250 m. Prioridad alta (63/100).",rehabilitacion,inmediata_30_dias,plantilla,det=detector_cpu;fusion=ensamble10,20260930-2219,,,Daño dominante: baches; acción según estado muy malo.
236,TR-IN-0192,test,India,10,7006930,4.601921,-74.18929,d2g4pvc,46.1,2026-08-12 13:13,sim_gt,6,0,0,19,0.94,100.0,100.0,93.6,76.7,74.5,3.31,66.0,71.5,54.7,88.4,satisfactorio,0.428,0.077,3.74,84.59,100.0,81.64,1.18,89.25,62.78,alta,196.0,11,166.0,56,13.0,2.2,46.37,"Segmento de 46 m en estado satisfactorio: índice de condición 72/100 (intervalo 90 %: 55–88). Detecciones: 6 grietas longitudinales, 19 baches. Rugosidad IRI 3.3 m/km. Contexto: colegio a 196 m, hospital a 166 m, 56 siniestros a 250 m. Prioridad alta (63/100).",sellado_de_fisuras,inmediata_30_dias,plantilla,det=detector_cpu;fusion=ensamble10,20260930-2219,70.8,regular,Daño dominante: baches; acción según estado satisfactorio.
237,T2-JA-0046,despliegue,Japan,10,5002897,4.509596,-74.106594,d2g39sv,61.1,2026-08-11 14:29,sim_pred,40,0,28,9,19.97,100.0,100.0,69.7,66.3,55.6,9.69,20.9,43.5,26.7,60.3,malo,0.48,0.886,2.01,52.22,71.73,54.44,55.2,59.6,62.75,alta,7184.0,0,498.0,30,58.1,14.7,25.13,"Segmento de 61 m en estado malo: índice de condición 44/100 (intervalo 90 %: 27–60). Detecciones: 40 grietas longitudinales, 28 piel de cocodrilo, 9 baches. Rugosidad IRI 9.7 m/km. Contexto: hospital a 498 m, 30 siniestros a 250 m. Prioridad alta (63/100).",bacheo,inmediata_30_dias,plantilla,det=detector_cpu;fusion=ensamble10,20260930-2219,,,Daño dominante: baches; acción según estado malo.
238,T2-JA-0098,despliegue,Japan,10,10009554,4.670812,-74.1055,d2g69dq,109.7,2026-06-02 14:23,sim_pred,16,0,17,9,16.05,100.0,100.0,70.5,75.5,61.9,5.65,43.3,55.4,38.6,72.2,malo,0.44,0.523,2.07,57.95,84.96,96.32,54.21,77.0,62.56,alta,605.0,0,338.0,146,56.8,0.0,30.21,"Segmento de 110 m en estado malo: índice de condición 55/100 (intervalo 90 %: 39–72). Detecciones: 16 grietas longitudinales, 17 piel de cocodrilo, 9 baches. Rugosidad IRI 5.7 m/km. Contexto: hospital a 338 m, 146 siniestros a 250 m. Prioridad alta (63/100).",rehabilitacion,inmediata_30_dias,plantilla,det=detector_cpu;fusion=ensamble10,20260930-2219,,,Daño dominante: piel de cocodrilo; acción según estado malo.
239,T1-IN-0061,despliegue,India,10,11002140,4.750161,-74.078034,d2g742d,42.7,2026-08-10 08:40,sim_pred,2,0,19,10,11.1,100.0,100.0,72.5,61.0,51.4,9.61,21.2,40.9,24.0,57.7,muy_malo,0.506,0.927,2.23,52.22,71.73,6.68,94.23,47.66,62.55,alta,2575.0,0,747.0,10,127.5,0.0,25.13,"Segmento de 43 m en estado muy malo: índice de condición 41/100 (intervalo 90 %: 24–58). Detecciones: 2 grietas longitudinales, 19 piel de cocodrilo, 10 baches. Rugosidad IRI 9.6 m/km. Contexto: hospital a 747 m, 10 siniestros a 250 m. Prioridad alta (62/100).",rehabilitacion,inmediata_30_dias,plantilla,det=detector_cpu;fusion=ensamble10,20260930-2219,,,Daño dominante: baches; acción según estado muy malo.
240,T2-JA-0055,despliegue,Japan,10,8013364,4.609179,-74.177134,d2g60p1,44.9,2026-09-04 07:40,sim_pred,58,0,58,15,26.95,100.0,100.0,63.9,65.8,51.9,11.35,15.5,39.2,22.3,56.0,muy_malo,0.568,0.943,3.11,14.92,71.73,35.36,10.39,39.91,62.46,alta,129.0,4,602.0,16,24.3,0.0,23.42,"Segmento de 45 m en estado muy malo: índice de condición 39/100 (intervalo 90 %: 22–56). Detecciones: 58 grietas longitudinales, 58 piel de cocodrilo, 15 baches. Rugosidad IRI 11.3 m/km. Contexto: colegio a 129 m, hospital a 602 m, 16 siniestros a 250 m. Prioridad alta (62/100).",reconstruccion,inmediata_30_dias,plantilla,det=detector_cpu;fusion=ensamble10,20260930-2219,,,Daño dominante: piel de cocodrilo; acción según estado muy malo.
241,T2-JA-0010,despliegue,Japan,10,11009249,4.720341,-74.053565,d2g6fg7,108.2,2026-08-25 16:47,sim_pred,27,0,27,0,11.04,100.0,100.0,66.3,71.6,56.4,6.53,36.9,49.6,32.7,66.4,malo,0.522,0.729,2.55,52.22,71.73,87.75,67.79,67.93,62.43,alta,5513.0,0,721.0,113,71.3,0.0,25.71,"Segmento de 108 m en estado malo: índice de condición 50/100 (intervalo 90 %: 33–66). Detecciones: 27 grietas longitudinales, 27 piel de cocodrilo. Rugosidad IRI 6.5 m/km. Contexto: hospital a 721 m, 113 siniestros a 250 m. Prioridad alta (62/100).",rehabilitacion,inmediata_30_dias,plantilla,det=detector_cpu;fusion=ensamble10,20260930-2219,,,Daño dominante: piel de cocodrilo; acción según estado malo.
242,TR-IN-0508,test,India,10,11004380,4.742295,-74.130064,d2g6cpk,76.3,2026-07-05 12:44,sim_gt,0,0,3,37,3.9,100.0,100.0,92.6,56.7,54.1,4.99,48.8,52.2,35.4,69.0,malo,0.478,0.634,4.28,89.21,71.73,14.49,94.88,64.41,62.43,alta,269.0,7,2197.0,8,128.9,5.2,39.55,"Segmento de 76 m en estado malo: índice de condición 52/100 (intervalo 90 %: 35–69). Detecciones: 3 piel de cocodrilo, 37 baches. Rugosidad IRI 5.0 m/km. Contexto: colegio a 269 m, 8 siniestros a 250 m. Prioridad alta (62/100).",bacheo,inmediata_30_dias,plantilla,det=detector_cpu;fusion=ensamble10,20260930-2219,60.4,regular,Daño dominante: baches; acción según estado malo.
243,T2-JA-0008,despliegue,Japan,10,19000694,4.591007,-74.177838,d2g605c,41.4,2026-07-17 12:17,sim_pred,34,0,38,7,25.76,100.0,100.0,60.8,66.8,49.2,12.24,13.2,36.6,19.8,53.4,muy_malo,0.663,0.968,2.35,14.92,71.73,18.85,5.58,35.78,62.36,alta,155.0,15,201.0,13,19.8,0.0,23.42,"Segmento de 41 m en estado muy malo: índice de condición 37/100 (intervalo 90 %: 20–53). Detecciones: 34 grietas longitudinales, 38 piel de cocodrilo, 7 baches. Rugosidad IRI 12.2 m/km. Contexto: colegio a 155 m, hospital a 201 m, 13 siniestros a 250 m. Prioridad alta (62/100).",reconstruccion,inmediata_30_dias,plantilla,det=detector_cpu;fusion=ensamble10,20260930-2219,,,Daño dominante: piel de cocodrilo; acción según estado muy malo.
244,T1-JA-0130,despliegue,Japan,10,5005623,4.498051,-74.110756,d2g39df,95.0,2026-07-29 13:57,sim_pred,33,0,19,12,12.54,100.0,100.0,69.0,60.7,49.9,7.93,28.8,42.5,25.7,59.3,malo,0.451,0.896,3.28,52.22,100.0,4.51,70.52,57.02,62.32,alta,7136.0,0,536.0,5,73.8,15.8,41.55,"Segmento de 95 m en estado malo: índice de condición 42/100 (intervalo 90 %: 26–59). Detecciones: 33 grietas longitudinales, 19 piel de cocodrilo, 12 baches. Rugosidad IRI 7.9 m/km. Contexto: hospital a 536 m, 5 siniestros a 250 m. Prioridad alta (62/100).",bacheo,inmediata_30_dias,plantilla,det=detector_cpu;fusion=ensamble10,20260930-2219,,,Daño dominante: baches; acción según estado malo.
245,T1-JA-0029,despliegue,Japan,10,12000084,4.686902,-74.072381,d2g6dmn,59.8,2026-09-09 09:22,sim_pred,56,0,31,8,18.8,100.0,100.0,65.6,73.9,56.5,8.31,26.8,46.1,29.3,62.9,malo,0.505,0.822,3.3,43.88,84.96,60.28,50.04,62.36,62.28,alta,3271.0,0,218.0,52,52.2,3.3,28.88,"Segmento de 60 m en estado malo: índice de condición 46/100 (intervalo 90 %: 29–63). Detecciones: 56 grietas longitudinales, 31 piel de cocodrilo, 8 baches. Rugosidad IRI 8.3 m/km. Contexto: hospital a 218 m, 52 siniestros a 250 m. Prioridad alta (62/100).",rehabilitacion,inmediata_30_dias,plantilla,det=detector_cpu;fusion=ensamble10,20260930-2219,,,Daño dominante: piel de cocodrilo; acción según estado malo.
246,T2-JA-0072,despliegue,Japan,10,16000598,4.62415,-74.120358,d2g633g,150.0,2026-07-05 08:17,sim_pred,12,0,20,7,20.93,100.0,100.0,72.6,80.5,65.7,5.48,44.6,58.4,41.5,75.2,regular,0.474,0.411,2.54,98.84,71.73,64.42,65.44,80.74,62.28,alta,2705.0,0,194.0,41,69.6,0.0,43.85,"Segmento de 150 m en estado regular: índice de condición 58/100 (intervalo 90 %: 42–75). Detecciones: 12 grietas longitudinales, 20 piel de cocodrilo, 7 baches. Rugosidad IRI 5.5 m/km. Contexto: hospital a 194 m, 41 siniestros a 250 m. Prioridad alta (62/100).",parcheo,inmediata_30_dias,plantilla,det=detector_cpu;fusion=ensamble10,20260930-2219,,,Daño dominante: piel de cocodrilo; acción según estado regular.
247,T2-JA-0004,despliegue,Japan,10,7001600,4.626044,-74.185595,d2g4rf5,41.0,2026-09-23 09:52,sim_pred,71,0,50,3,17.12,100.0,100.0,67.6,74.0,58.5,8.56,25.6,47.0,30.2,63.8,malo,0.513,0.8,3.17,25.98,71.73,62.59,4.97,51.14,62.25,alta,215.0,1,329.0,33,18.7,0.0,24.14,"Segmento de 41 m en estado malo: índice de condición 47/100 (intervalo 90 %: 30–64). Detecciones: 71 grietas longitudinales, 50 piel de cocodrilo, 3 baches. Rugosidad IRI 8.6 m/km. Contexto: colegio a 215 m, hospital a 329 m, 33 siniestros a 250 m. Prioridad alta (62/100).",rehabilitacion,inmediata_30_dias,plantilla,det=detector_cpu;fusion=ensamble10,20260930-2219,,,Daño dominante: piel de cocodrilo; acción según estado malo.
248,T2-JA-0061,despliegue,Japan,10,18000070,4.588388,-74.120068,d2g6177,53.8,2026-08-27 08:25,sim_pred,47,0,39,10,23.32,100.0,100.0,59.6,67.8,48.4,10.79,17.2,37.4,20.6,54.3,muy_malo,0.63,0.958,3.33,2.49,71.73,92.34,33.19,49.18,62.21,alta,1457.0,0,522.0,76,42.0,0.0,20.66,"Segmento de 54 m en estado muy malo: índice de condición 37/100 (intervalo 90 %: 21–54). Detecciones: 47 grietas longitudinales, 39 piel de cocodrilo, 10 baches. Rugosidad IRI 10.8 m/km. Contexto: hospital a 522 m, 76 siniestros a 250 m. Prioridad alta (62/100).",reconstruccion,inmediata_30_dias,plantilla,det=detector_cpu;fusion=ensamble10,20260930-2219,,,Daño dominante: piel de cocodrilo; acción según estado muy malo.
249,TR-IN-0111,test,India,10,11000221,4.765631,-74.051967,d2g74gt,108.9,2026-08-07 10:23,sim_gt,7,0,1,80,6.33,100.0,100.0,82.2,36.5,30.3,12.38,12.9,24.2,7.4,41.0,muy_malo,0.948,0.999,1.5,21.12,71.73,2.96,95.52,34.29,62.19,alta,5875.0,0,1364.0,4,136.6,4.6,23.71,"Segmento de 109 m en estado muy malo: índice de condición 24/100 (intervalo 90 %: 7–41). Detecciones: 7 grietas longitudinales, 1 piel de cocodrilo, 80 baches. Rugosidad IRI 12.4 m/km. Contexto: 4 siniestros a 250 m. Prioridad alta (62/100).",rehabilitacion,inmediata_30_dias,plantilla,det=detector_cpu;fusion=ensamble10,20260930-2219,15.5,muy_malo,Daño dominante: baches; acción según estado muy malo.
250,T2-IN-0012,despliegue,India,10,4004249,4.548452,-74.084616,d2g3fhj,90.2,2026-06-17 13:42,sim_pred,3,0,0,32,2.05,100.0,100.0,92.2,44.0,41.3,9.46,21.8,34.4,17.6,51.3,muy_malo,0.737,0.981,1.74,6.56,71.73,36.27,85.13,36.79,62.05,alta,5057.0,0,382.0,24,90.7,11.1,23.01,"Segmento de 90 m en estado muy malo: índice de condición 34/100 (intervalo 90 %: 18–51). Detecciones: 3 grietas longitudinales, 32 baches. Rugosidad IRI 9.5 m/km. Contexto: hospital a 382 m, 24 siniestros a 250 m. Prioridad alta (62/100).",rehabilitacion,inmediata_30_dias,plantilla,det=detector_cpu;fusion=ensamble10,20260930-2219,,,Daño dominante: baches; acción según estado muy malo.
251,T1-IN-0027,despliegue,India,10,8000379,4.651388,-74.142911,d2g62yf,104.6,2026-07-31 13:34,sim_pred,2,0,12,8,12.81,100.0,100.0,75.1,64.4,55.7,6.08,40.1,50.2,33.4,67.0,malo,0.523,0.711,2.06,21.12,71.73,87.44,10.66,55.41,62.04,alta,173.0,4,645.0,100,24.5,1.0,24.29,"Segmento de 105 m en estado malo: índice de condición 50/100 (intervalo 90 %: 33–67). Detecciones: 2 grietas longitudinales, 12 piel de cocodrilo, 8 baches. Rugosidad IRI 6.1 m/km. Contexto: colegio a 173 m, hospital a 645 m, 100 siniestros a 250 m. Prioridad alta (62/100).",bacheo,inmediata_30_dias,plantilla,det=detector_cpu;fusion=ensamble10,20260930-2219,,,Daño dominante: baches; acción según estado malo.
252,T2-JA-0121,despliegue,Japan,10,7005280,4.609641,-74.180238,d2g4pzp,68.4,2026-08-16 11:51,sim_pred,16,0,34,13,20.6,100.0,100.0,63.9,67.5,52.5,9.24,22.7,42.1,25.3,58.9,malo,0.442,0.901,3.47,0.62,88.17,97.88,5.12,55.58,61.97,alta,358.0,5,552.0,162,18.8,0.0,25.0,"Segmento de 68 m en estado malo: índice de condición 42/100 (intervalo 90 %: 25–59). Detecciones: 16 grietas longitudinales, 34 piel de cocodrilo, 13 baches. Rugosidad IRI 9.2 m/km. Contexto: colegio a 358 m, hospital a 552 m, 162 siniestros a 250 m. Prioridad alta (62/100).",rehabilitacion,inmediata_30_dias,plantilla,det=detector_cpu;fusion=ensamble10,20260930-2219,,,Daño dominante: piel de cocodrilo; acción según estado malo.
253,T1-JA-0038,despliegue,Japan,10,8006471,4.622136,-74.171416,d2g621q,41.8,2026-07-23 15:39,sim_pred,16,0,15,10,7.1,100.0,100.0,69.0,70.9,58.8,7.82,29.3,48.5,31.6,65.3,malo,0.514,0.757,3.45,63.85,71.73,57.25,13.51,64.96,61.9,alta,449.0,1,45.0,37,28.4,0.0,26.92,"Segmento de 42 m en estado malo: índice de condición 48/100 (intervalo 90 %: 32–65). Detecciones: 16 grietas longitudinales, 15 piel de cocodrilo, 10 baches. Rugosidad IRI 7.8 m/km. Contexto: colegio a 449 m, hospital a 45 m, 37 siniestros a 250 m. Prioridad alta (62/100).",rehabilitacion,inmediata_30_dias,plantilla,det=detector_cpu;fusion=ensamble10,20260930-2219,,,Daño dominante: piel de cocodrilo; acción según estado malo.
254,T2-IN-0035,despliegue,India,10,4006602,4.526085,-74.092074,d2g39zz,44.0,2026-08-02 14:36,sim_pred,0,0,5,11,7.27,100.0,100.0,89.3,58.3,54.5,8.45,26.1,44.6,27.8,61.4,malo,0.494,0.86,2.62,87.02,100.0,7.17,59.83,71.6,61.88,alta,7092.0,0,1129.0,5,62.5,0.0,54.98,"Segmento de 44 m en estado malo: índice de condición 45/100 (intervalo 90 %: 28–61). Detecciones: 5 piel de cocodrilo, 11 baches. Rugosidad IRI 8.4 m/km. Contexto: 5 siniestros a 250 m. Prioridad alta (62/100).",bacheo,inmediata_30_dias,plantilla,det=detector_cpu;fusion=ensamble10,20260930-2219,,,Daño dominante: baches; acción según estado malo.
255,TR-JA-0345,test,Japan,10,10009414,4.672195,-74.095339,d2g69ft,66.9,2026-07-05 07:30,sim_gt,23,0,49,15,23.12,100.0,100.0,66.8,87.9,62.5,4.67,51.7,58.7,41.9,75.6,regular,0.48,0.398,2.7,88.41,100.0,39.76,65.44,80.3,61.88,alta,1091.0,0,812.0,28,69.6,0.0,55.68,"Segmento de 67 m en estado regular: índice de condición 59/100 (intervalo 90 %: 42–76). Detecciones: 23 grietas longitudinales, 49 piel de cocodrilo, 15 baches. Rugosidad IRI 4.7 m/km. Contexto: hospital a 812 m, 28 siniestros a 250 m. Prioridad alta (62/100).",parcheo,inmediata_30_dias,plantilla,det=detector_cpu;fusion=ensamble10,20260930-2219,50.0,malo,Daño dominante: piel de cocodrilo; acción según estado regular.
256,T2-JA-0060,despliegue,Japan,10,14001813,4.609472,-74.078057,d2g64r4,50.4,2026-08-18 15:03,sim_pred,43,0,34,13,23.21,100.0,100.0,65.0,64.7,52.4,11.02,16.5,39.9,23.0,56.7,muy_malo,0.543,0.935,3.11,6.56,71.73,96.93,72.8,51.96,61.87,alta,3984.0,0,298.0,113,76.3,0.0,23.71,"Segmento de 50 m en estado muy malo: índice de condición 40/100 (intervalo 90 %: 23–57). Detecciones: 43 grietas longitudinales, 34 piel de cocodrilo, 13 baches. Rugosidad IRI 11.0 m/km. Contexto: hospital a 298 m, 113 siniestros a 250 m. Prioridad alta (62/100).",rehabilitacion,inmediata_30_dias,plantilla,det=detector_cpu;fusion=ensamble10,20260930-2219,,,Daño dominante: baches; acción según estado muy malo.
257,T2-IN-0002,despliegue,India,10,10003329,4.708761,-74.124275,d2g6c30,81.7,2026-08-19 08:20,sim_pred,9,0,15,8,11.64,100.0,100.0,76.3,73.2,64.9,7.07,33.5,53.9,37.1,70.8,malo,0.456,0.574,3.96,92.61,71.73,43.02,69.04,72.9,61.79,alta,611.0,0,449.0,34,72.0,1.2,40.68,"Segmento de 82 m en estado malo: índice de condición 54/100 (intervalo 90 %: 37–71). Detecciones: 9 grietas longitudinales, 15 piel de cocodrilo, 8 baches. Rugosidad IRI 7.1 m/km. Contexto: hospital a 449 m, 34 siniestros a 250 m. Prioridad alta (62/100).",bacheo,inmediata_30_dias,plantilla,det=detector_cpu;fusion=ensamble10,20260930-2219,,,Daño dominante: baches; acción según estado malo.
258,T2-JA-0017,despliegue,Japan,10,7010093,4.597177,-74.167926,d2g60kb,103.2,2026-06-26 12:13,sim_pred,38,0,25,5,19.71,100.0,100.0,68.9,89.3,65.1,6.65,36.2,55.0,38.2,71.8,malo,0.443,0.538,3.06,28.47,84.96,83.12,63.16,61.9,61.77,alta,142.0,3,436.0,87,67.0,1.0,29.96,"Segmento de 103 m en estado malo: índice de condición 55/100 (intervalo 90 %: 38–72). Detecciones: 38 grietas longitudinales, 25 piel de cocodrilo, 5 baches. Rugosidad IRI 6.7 m/km. Contexto: colegio a 142 m, hospital a 436 m, 87 siniestros a 250 m. Prioridad alta (62/100).",rehabilitacion,inmediata_30_dias,plantilla,det=detector_cpu;fusion=ensamble10,20260930-2219,,,Daño dominante: piel de cocodrilo; acción según estado malo.
259,T2-JA-0103,despliegue,Japan,10,13002334,4.619492,-74.072581,d2g662v,142.6,2026-07-24 16:59,sim_pred,44,0,22,3,14.99,100.0,100.0,71.2,84.4,65.7,5.71,42.9,57.7,40.9,74.6,regular,0.449,0.437,4.09,94.7,71.73,61.15,52.73,78.27,61.67,alta,5163.0,0,129.0,42,55.8,2.8,42.77,"Segmento de 143 m en estado regular: índice de condición 58/100 (intervalo 90 %: 41–75). Detecciones: 44 grietas longitudinales, 22 piel de cocodrilo, 3 baches. Rugosidad IRI 5.7 m/km. Contexto: hospital a 129 m, 42 siniestros a 250 m. Prioridad alta (62/100).",parcheo,inmediata_30_dias,plantilla,det=detector_cpu;fusion=ensamble10,20260930-2219,,,Daño dominante: piel de cocodrilo; acción según estado regular.
260,TR-IN-0524,test,India,10,9004989,4.664796,-74.149907,d2g689j,52.6,2026-07-21 10:10,sim_gt,3,0,26,32,16.87,100.0,100.0,76.2,39.5,31.2,14.45,8.9,23.4,6.5,40.2,muy_malo,0.955,0.999,1.96,1.98,71.73,2.62,12.75,26.55,61.6,alta,359.0,4,873.0,5,28.0,1.9,19.82,"Segmento de 53 m en estado muy malo: índice de condición 23/100 (intervalo 90 %: 6–40). Detecciones: 3 grietas longitudinales, 26 piel de cocodrilo, 32 baches. Rugosidad IRI 14.4 m/km. Contexto: colegio a 359 m, hospital a 873 m, 5 siniestros a 250 m. Prioridad alta (62/100).",rehabilitacion,inmediata_30_dias,plantilla,det=detector_cpu;fusion=ensamble10,20260930-2219,29.2,muy_malo,Daño dominante: baches; acción según estado muy malo.
261,T1-IN-0066,despliegue,India,10,8003520,4.635389,-74.144424,d2g62gc,55.7,2026-08-13 07:32,sim_pred,2,0,5,13,4.28,100.0,100.0,89.9,67.5,64.0,6.59,36.6,54.4,37.6,71.2,malo,0.463,0.561,1.87,52.22,71.73,57.97,2.96,60.48,61.55,alta,53.0,3,694.0,45,16.7,0.0,25.13,"Segmento de 56 m en estado malo: índice de condición 54/100 (intervalo 90 %: 38–71). Detecciones: 2 grietas longitudinales, 5 piel de cocodrilo, 13 baches. Rugosidad IRI 6.6 m/km. Contexto: colegio a 53 m, hospital a 694 m, 45 siniestros a 250 m. Prioridad alta (62/100).",bacheo,inmediata_30_dias,plantilla,det=detector_cpu;fusion=ensamble10,20260930-2219,,,Daño dominante: baches; acción según estado malo.
262,TR-JA-0501,test,Japan,10,18004967,4.554961,-74.112301,d2g3ct1,58.6,2026-06-08 16:25,sim_gt,20,0,16,6,11.95,100.0,100.0,78.8,61.3,53.9,6.2,39.2,48.8,32.0,65.6,malo,0.503,0.743,4.24,52.22,100.0,34.64,59.07,64.55,61.55,alta,3735.0,0,303.0,20,61.6,,53.05,"Segmento de 59 m en estado malo: índice de condición 49/100 (intervalo 90 %: 32–66). Detecciones: 20 grietas longitudinales, 16 piel de cocodrilo, 6 baches. Rugosidad IRI 6.2 m/km. Contexto: hospital a 303 m, 20 siniestros a 250 m. Prioridad alta (62/100).",bacheo,inmediata_30_dias,plantilla,det=detector_cpu;fusion=ensamble10,20260930-2219,36.4,muy_malo,Daño dominante: baches; acción según estado malo.
263,T1-JA-0064,despliegue,Japan,10,15000818,4.588011,-74.098795,d2g61g4,42.3,2026-09-24 11:01,sim_pred,16,0,22,0,12.81,99.7,100.0,65.4,82.6,59.2,7.9,28.9,48.6,31.8,65.4,malo,0.516,0.755,3.25,27.98,100.0,72.34,16.43,64.28,61.54,alta,901.0,0,223.0,64,29.6,0.0,42.5,"Segmento de 42 m en estado malo: índice de condición 49/100 (intervalo 90 %: 32–65). Detecciones: 16 grietas longitudinales, 22 piel de cocodrilo. Rugosidad IRI 7.9 m/km. Contexto: hospital a 223 m, 64 siniestros a 250 m. Prioridad alta (62/100).",rehabilitacion,inmediata_30_dias,plantilla,det=detector_cpu;fusion=ensamble10,20260930-2219,,,Daño dominante: piel de cocodrilo; acción según estado malo.
264,T2-IN-0033,despliegue,India,10,18002599,4.569801,-74.115905,d2g3cry,50.5,2026-08-30 13:15,sim_pred,2,0,9,16,8.56,100.0,100.0,76.5,61.2,53.0,10.32,18.7,41.0,24.2,57.8,muy_malo,0.5,0.915,3.87,43.88,71.73,40.63,40.86,52.81,61.53,alta,2267.0,0,594.0,25,46.5,37.6,24.84,"Segmento de 50 m en estado muy malo: índice de condición 41/100 (intervalo 90 %: 24–58). Detecciones: 2 grietas longitudinales, 9 piel de cocodrilo, 16 baches. Rugosidad IRI 10.3 m/km. Contexto: hospital a 594 m, 25 siniestros a 250 m. Prioridad alta (62/100).",rehabilitacion,inmediata_30_dias,plantilla,det=detector_cpu;fusion=ensamble10,20260930-2219,,,Daño dominante: baches; acción según estado muy malo.
265,T1-IN-0090,despliegue,India,10,1005437,4.69033,-74.03768,d2g6ejz,59.7,2026-06-29 09:47,sim_pred,2,0,15,22,7.47,100.0,100.0,77.4,60.0,52.1,8.89,24.2,42.3,25.5,59.2,malo,0.45,0.9,3.06,29.05,84.96,23.18,88.09,47.15,61.46,alta,7124.0,0,627.0,22,100.1,6.7,30.4,"Segmento de 60 m en estado malo: índice de condición 42/100 (intervalo 90 %: 26–59). Detecciones: 2 grietas longitudinales, 15 piel de cocodrilo, 22 baches. Rugosidad IRI 8.9 m/km. Contexto: hospital a 627 m, 22 siniestros a 250 m. Prioridad alta (62/100).",bacheo,inmediata_30_dias,plantilla,det=detector_cpu;fusion=ensamble10,20260930-2219,,,Daño dominante: baches; acción según estado malo.
266,T1-JA-0058,despliegue,Japan,10,14000870,4.602282,-74.100942,d2g61vc,56.8,2026-06-07 12:03,sim_pred,19,0,33,9,19.67,100.0,100.0,68.3,78.8,60.8,7.28,32.3,50.9,34.0,67.7,malo,0.481,0.674,5.06,43.88,71.73,98.75,53.72,67.34,61.43,alta,1708.0,0,120.0,184,56.6,1.8,25.54,"Segmento de 57 m en estado malo: índice de condición 51/100 (intervalo 90 %: 34–68). Detecciones: 19 grietas longitudinales, 33 piel de cocodrilo, 9 baches. Rugosidad IRI 7.3 m/km. Contexto: hospital a 120 m, 184 siniestros a 250 m. Prioridad alta (61/100).",rehabilitacion,inmediata_30_dias,plantilla,det=detector_cpu;fusion=ensamble10,20260930-2219,,,Daño dominante: piel de cocodrilo; acción según estado malo.
267,T1-JA-0001,despliegue,Japan,10,18000881,4.581206,-74.114999,d2g613z,83.1,2026-06-21 10:27,sim_pred,57,0,36,7,24.21,100.0,100.0,62.3,68.9,51.4,11.77,14.4,38.5,21.6,55.3,muy_malo,0.594,0.951,2.91,3.09,84.96,71.09,48.33,48.75,61.42,alta,1180.0,0,630.0,42,51.4,1.2,26.93,"Segmento de 83 m en estado muy malo: índice de condición 38/100 (intervalo 90 %: 22–55). Detecciones: 57 grietas longitudinales, 36 piel de cocodrilo, 7 baches. Rugosidad IRI 11.8 m/km. Contexto: hospital a 630 m, 42 siniestros a 250 m. Prioridad alta (61/100).",reconstruccion,inmediata_30_dias,plantilla,det=detector_cpu;fusion=ensamble10,20260930-2219,,,Daño dominante: piel de cocodrilo; acción según estado muy malo.
268,T2-IN-0040,despliegue,India,10,8007055,4.619261,-74.138119,d2g62by,150.0,2026-09-03 09:33,sim_pred,6,0,5,22,5.48,100.0,100.0,93.2,53.7,51.4,6.85,34.9,45.6,28.8,62.4,malo,0.51,0.84,2.27,23.2,71.73,99.7,15.17,59.31,61.36,alta,1118.0,0,275.0,164,29.1,0.7,25.7,"Segmento de 150 m en estado malo: índice de condición 46/100 (intervalo 90 %: 29–62). Detecciones: 6 grietas longitudinales, 5 piel de cocodrilo, 22 baches. Rugosidad IRI 6.8 m/km. Contexto: hospital a 275 m, 164 siniestros a 250 m. Prioridad alta (61/100).",bacheo,inmediata_30_dias,plantilla,det=detector_cpu;fusion=ensamble10,20260930-2219,,,Daño dominante: baches; acción según estado malo.
269,T1-IN-0088,despliegue,India,10,17000164,4.597365,-74.07033,d2g64kz,122.4,2026-06-03 15:58,sim_pred,2,0,15,9,7.03,100.0,100.0,77.9,66.4,58.6,7.52,30.9,48.9,32.1,65.7,malo,0.517,0.747,3.16,52.33,71.73,42.45,82.97,56.65,61.31,alta,4184.0,0,281.0,33,82.9,4.9,25.84,"Segmento de 122 m en estado malo: índice de condición 49/100 (intervalo 90 %: 32–66). Detecciones: 2 grietas longitudinales, 15 piel de cocodrilo, 9 baches. Rugosidad IRI 7.5 m/km. Contexto: hospital a 281 m, 33 siniestros a 250 m. Prioridad alta (61/100).",bacheo,inmediata_30_dias,plantilla,det=detector_cpu;fusion=ensamble10,20260930-2219,,,Daño dominante: baches; acción según estado malo.
270,T1-JA-0048,despliegue,Japan,10,2001866,4.633713,-74.057643,d2g66g8,41.4,2026-09-21 16:57,sim_pred,54,0,56,13,27.08,100.0,100.0,63.3,66.7,51.7,12.38,12.9,38.1,21.3,54.9,muy_malo,0.606,0.952,3.47,52.22,71.73,6.68,21.51,47.66,61.21,alta,7004.0,0,545.0,10,35.0,0.0,25.13,"Segmento de 41 m en estado muy malo: índice de condición 38/100 (intervalo 90 %: 21–55). Detecciones: 54 grietas longitudinales, 56 piel de cocodrilo, 13 baches. Rugosidad IRI 12.4 m/km. Contexto: hospital a 545 m, 10 siniestros a 250 m. Prioridad alta (61/100).",reconstruccion,inmediata_30_dias,plantilla,det=detector_cpu;fusion=ensamble10,20260930-2219,,,Daño dominante: piel de cocodrilo; acción según estado muy malo.
271,T2-JA-0122,despliegue,Japan,10,11006625,4.732781,-74.099656,d2g6cvd,97.7,2026-09-22 10:31,sim_pred,45,0,32,16,17.84,100.0,100.0,65.3,69.1,54.5,9.55,21.5,42.9,26.1,59.8,malo,0.463,0.891,2.91,61.96,71.73,70.07,52.96,67.41,61.2,alta,570.0,0,1039.0,45,55.9,1.0,25.76,"Segmento de 98 m en estado malo: índice de condición 43/100 (intervalo 90 %: 26–60). Detecciones: 45 grietas longitudinales, 32 piel de cocodrilo, 16 baches. Rugosidad IRI 9.6 m/km. Contexto: 45 siniestros a 250 m. Prioridad alta (61/100).",rehabilitacion,inmediata_30_dias,plantilla,det=detector_cpu;fusion=ensamble10,20260930-2219,,,Daño dominante: piel de cocodrilo; acción según estado malo.
272,T2-JA-0033,despliegue,Japan,10,6000524,4.588168,-74.135962,d2g60gr,105.0,2026-07-15 16:02,sim_pred,8,0,12,3,12.27,100.0,100.0,71.0,88.7,67.0,5.24,46.6,59.9,43.0,76.7,regular,0.486,0.361,3.75,98.78,71.73,62.18,5.58,80.16,61.15,alta,1426.0,0,360.0,35,19.8,0.0,43.71,"Segmento de 105 m en estado regular: índice de condición 60/100 (intervalo 90 %: 43–77). Detecciones: 8 grietas longitudinales, 12 piel de cocodrilo, 3 baches. Rugosidad IRI 5.2 m/km. Contexto: hospital a 360 m, 35 siniestros a 250 m. Prioridad alta (61/100).",parcheo,inmediata_30_dias,plantilla,det=detector_cpu;fusion=ensamble10,20260930-2219,,,Daño dominante: piel de cocodrilo; acción según estado regular.
273,TR-JA-0227,test,Japan,10,1008259,4.734529,-74.021079,d2g6gtg,111.1,2026-08-29 09:48,sim_gt,11,0,43,12,20.3,100.0,100.0,68.8,72.1,59.0,6.73,35.6,50.8,34.0,67.7,malo,0.525,0.693,0.81,52.22,100.0,12.71,90.9,59.06,61.13,alta,8668.0,0,386.0,12,113.2,0.0,41.55,"Segmento de 111 m en estado malo: índice de condición 51/100 (intervalo 90 %: 34–68). Detecciones: 11 grietas longitudinales, 43 piel de cocodrilo, 12 baches. Rugosidad IRI 6.7 m/km. Contexto: hospital a 386 m, 12 siniestros a 250 m. Prioridad alta (61/100).",rehabilitacion,inmediata_30_dias,plantilla,det=detector_cpu;fusion=ensamble10,20260930-2219,42.8,malo,Daño dominante: piel de cocodrilo; acción según estado malo.
274,T1-JA-0105,despliegue,Japan,10,16001148,4.618952,-74.112493,d2g638b,47.3,2026-06-04 12:07,sim_pred,31,0,42,2,22.25,100.0,100.0,69.3,75.6,60.8,9.35,22.2,47.3,30.4,64.1,malo,0.507,0.789,3.71,43.88,100.0,33.99,53.15,61.05,61.05,alta,3483.0,0,974.0,25,56.0,0.0,41.26,"Segmento de 47 m en estado malo: índice de condición 47/100 (intervalo 90 %: 30–64). Detecciones: 31 grietas longitudinales, 42 piel de cocodrilo, 2 baches. Rugosidad IRI 9.3 m/km. Contexto: hospital a 974 m, 25 siniestros a 250 m. Prioridad alta (61/100).",rehabilitacion,inmediata_30_dias,plantilla,det=detector_cpu;fusion=ensamble10,20260930-2219,,,Daño dominante: piel de cocodrilo; acción según estado malo.
275,T1-IN-0010,despliegue,India,10,10004854,4.703069,-74.123501,d2g6c20,99.3,2026-08-07 16:05,sim_pred,1,0,4,12,3.16,100.0,100.0,92.6,64.5,61.9,4.86,49.9,57.7,40.9,74.5,regular,0.463,0.435,2.18,80.29,71.73,27.28,77.24,64.04,61.0,alta,163.0,3,542.0,21,79.1,1.0,27.87,"Segmento de 99 m en estado regular: índice de condición 58/100 (intervalo 90 %: 41–74). Detecciones: 1 grietas longitudinales, 4 piel de cocodrilo, 12 baches. Rugosidad IRI 4.9 m/km. Contexto: colegio a 163 m, hospital a 542 m, 21 siniestros a 250 m. Prioridad alta (61/100).",bacheo,inmediata_30_dias,plantilla,det=detector_cpu;fusion=ensamble10,20260930-2219,,,Daño dominante: baches; acción según estado regular.
276,TR-IN-0295,test,India,10,14001441,4.596463,-74.101314,d2g61uc,55.6,2026-09-04 14:30,sim_gt,9,0,27,7,12.62,100.0,100.0,77.0,74.6,66.5,6.32,38.3,56.7,39.8,73.5,regular,0.438,0.475,2.62,43.88,100.0,88.28,41.16,74.62,60.86,alta,1117.0,0,501.0,93,47.4,0.0,41.26,"Segmento de 56 m en estado regular: índice de condición 57/100 (intervalo 90 %: 40–74). Detecciones: 9 grietas longitudinales, 27 piel de cocodrilo, 7 baches. Rugosidad IRI 6.3 m/km. Contexto: hospital a 501 m, 93 siniestros a 250 m. Prioridad alta (61/100).",bacheo,inmediata_30_dias,plantilla,det=detector_cpu;fusion=ensamble10,20260930-2219,63.0,regular,Daño dominante: baches; acción según estado regular.
277,T1-JA-0019,despliegue,Japan,10,19003225,4.575773,-74.157864,d2g602z,45.3,2026-08-09 14:54,sim_pred,19,0,23,8,18.61,100.0,100.0,69.2,72.7,59.7,9.25,22.7,46.7,29.9,63.5,malo,0.494,0.798,4.42,43.88,71.73,17.87,0.23,47.12,60.82,alta,168.0,1,344.0,14,11.7,72.9,24.84,"Segmento de 45 m en estado malo: índice de condición 47/100 (intervalo 90 %: 30–64). Detecciones: 19 grietas longitudinales, 23 piel de cocodrilo, 8 baches. Rugosidad IRI 9.2 m/km. Contexto: colegio a 168 m, hospital a 344 m, 14 siniestros a 250 m. Prioridad alta (61/100).",rehabilitacion,inmediata_30_dias,plantilla,det=detector_cpu;fusion=ensamble10,20260930-2219,,,Daño dominante: piel de cocodrilo; acción según estado malo.
278,T1-IN-0052,despliegue,India,10,10004893,4.702957,-74.133441,d2g6c01,73.9,2026-09-21 10:18,sim_pred,0,0,6,17,5.46,100.0,100.0,85.2,61.7,56.5,5.96,40.9,51.1,34.3,67.9,malo,0.502,0.676,3.38,80.29,71.73,84.98,52.28,78.47,60.74,alta,761.0,0,1568.0,74,55.6,0.0,28.57,"Segmento de 74 m en estado malo: índice de condición 51/100 (intervalo 90 %: 34–68). Detecciones: 6 piel de cocodrilo, 17 baches. Rugosidad IRI 6.0 m/km. Contexto: 74 siniestros a 250 m. Prioridad alta (61/100).",bacheo,inmediata_30_dias,plantilla,det=detector_cpu;fusion=ensamble10,20260930-2219,,,Daño dominante: baches; acción según estado malo.
279,T1-IN-0043,despliegue,India,10,13000419,4.648408,-74.066738,d2g66w4,51.9,2026-07-29 08:28,sim_pred,2,0,1,11,2.32,100.0,100.0,88.1,63.0,58.8,5.88,41.5,52.8,36.0,69.6,malo,0.489,0.62,2.56,52.33,71.73,89.04,50.19,68.29,60.64,alta,5185.0,0,301.0,85,52.5,5.8,25.84,"Segmento de 52 m en estado malo: índice de condición 53/100 (intervalo 90 %: 36–70). Detecciones: 2 grietas longitudinales, 1 piel de cocodrilo, 11 baches. Rugosidad IRI 5.9 m/km. Contexto: hospital a 301 m, 85 siniestros a 250 m. Prioridad alta (61/100).",bacheo,inmediata_30_dias,plantilla,det=detector_cpu;fusion=ensamble10,20260930-2219,,,Daño dominante: baches; acción según estado malo.
280,T1-JA-0115,despliegue,Japan,10,16000578,4.623805,-74.113233,d2g6398,45.2,2026-07-12 09:19,sim_pred,15,0,9,6,4.48,100.0,100.0,83.7,57.6,51.9,6.35,38.2,47.1,30.3,63.9,malo,0.525,0.804,2.01,66.98,71.73,30.69,44.84,59.57,60.57,alta,3441.0,0,827.0,25,49.6,0.0,26.5,"Segmento de 45 m en estado malo: índice de condición 47/100 (intervalo 90 %: 30–64). Detecciones: 15 grietas longitudinales, 9 piel de cocodrilo, 6 baches. Rugosidad IRI 6.3 m/km. Contexto: hospital a 827 m, 25 siniestros a 250 m. Prioridad alta (61/100).",bacheo,inmediata_30_dias,plantilla,det=detector_cpu;fusion=ensamble10,20260930-2219,,,Daño dominante: baches; acción según estado malo.
281,T1-JA-0078,despliegue,Japan,10,15000878,4.587686,-74.097064,d2g61gh,131.1,2026-07-23 16:14,sim_pred,29,0,28,1,20.49,98.5,100.0,71.8,91.7,68.4,4.16,56.6,64.3,47.4,81.1,regular,0.513,0.221,3.43,83.6,100.0,66.88,34.67,85.16,60.5,alta,1094.0,0,275.0,54,43.2,0.0,44.92,"Segmento de 131 m en estado regular: índice de condición 64/100 (intervalo 90 %: 47–81). Detecciones: 29 grietas longitudinales, 28 piel de cocodrilo, 1 baches. Rugosidad IRI 4.2 m/km. Contexto: hospital a 275 m, 54 siniestros a 250 m. Prioridad alta (60/100).",parcheo,inmediata_30_dias,plantilla,det=detector_cpu;fusion=ensamble10,20260930-2219,,,Daño dominante: piel de cocodrilo; acción según estado regular.
282,T2-IN-0053,despliegue,India,10,8004366,4.631685,-74.128203,d2g635j,61.4,2026-06-25 07:08,sim_pred,13,0,18,8,9.64,100.0,100.0,77.6,67.0,59.1,8.38,26.5,47.7,30.9,64.6,malo,0.517,0.781,3.11,43.88,71.73,70.07,60.77,60.17,60.44,alta,1588.0,0,300.0,54,63.2,1.6,24.84,"Segmento de 61 m en estado malo: índice de condición 48/100 (intervalo 90 %: 31–65). Detecciones: 13 grietas longitudinales, 18 piel de cocodrilo, 8 baches. Rugosidad IRI 8.4 m/km. Contexto: hospital a 300 m, 54 siniestros a 250 m. Prioridad alta (60/100).",bacheo,inmediata_30_dias,plantilla,det=detector_cpu;fusion=ensamble10,20260930-2219,,,Daño dominante: baches; acción según estado malo.
283,T1-JA-0112,despliegue,Japan,10,19000063,4.594891,-74.155194,d2g60s3,50.1,2026-06-30 11:14,sim_pred,13,0,18,8,14.34,100.0,100.0,75.4,71.0,62.4,6.84,35.0,52.8,35.9,69.6,malo,0.485,0.619,3.04,21.12,71.73,86.57,64.15,55.2,60.42,alta,246.0,8,254.0,88,68.5,2.0,24.41,"Segmento de 50 m en estado malo: índice de condición 53/100 (intervalo 90 %: 36–70). Detecciones: 13 grietas longitudinales, 18 piel de cocodrilo, 8 baches. Rugosidad IRI 6.8 m/km. Contexto: colegio a 246 m, hospital a 254 m, 88 siniestros a 250 m. Prioridad alta (60/100).",bacheo,inmediata_30_dias,plantilla,det=detector_cpu;fusion=ensamble10,20260930-2219,,,Daño dominante: baches; acción según estado malo.
284,T1-JA-0003,despliegue,Japan,10,7009750,4.621729,-74.195601,d2g4r9k,143.5,2026-06-29 07:04,sim_pred,39,0,6,0,8.39,100.0,100.0,73.9,90.0,70.4,4.52,53.1,64.4,47.5,81.2,regular,0.53,0.21,1.74,80.29,71.73,61.15,61.76,72.51,60.39,alta,130.0,9,646.0,36,65.0,0.7,27.87,"Segmento de 144 m en estado regular: índice de condición 64/100 (intervalo 90 %: 48–81). Detecciones: 39 grietas longitudinales, 6 piel de cocodrilo. Rugosidad IRI 4.5 m/km. Contexto: colegio a 130 m, hospital a 646 m, 36 siniestros a 250 m. Prioridad alta (60/100).",parcheo,inmediata_30_dias,plantilla,det=detector_cpu;fusion=ensamble10,20260930-2219,,,Daño dominante: piel de cocodrilo; acción según estado regular.
285,TR-JA-0349,test,Japan,10,19003157,4.576043,-74.162933,d2g603h,53.2,2026-07-07 13:05,sim_gt,5,0,17,2,12.95,100.0,100.0,67.2,69.6,56.6,5.85,41.8,51.4,34.6,68.2,malo,0.495,0.664,3.69,43.88,71.73,40.63,50.04,52.81,60.28,alta,97.0,5,416.0,20,52.2,0.0,24.84,"Segmento de 53 m en estado malo: índice de condición 51/100 (intervalo 90 %: 35–68). Detecciones: 5 grietas longitudinales, 17 piel de cocodrilo, 2 baches. Rugosidad IRI 5.8 m/km. Contexto: colegio a 97 m, hospital a 416 m, 20 siniestros a 250 m. Prioridad alta (60/100).",rehabilitacion,inmediata_30_dias,plantilla,det=detector_cpu;fusion=ensamble10,20260930-2219,52.2,malo,Daño dominante: piel de cocodrilo; acción según estado malo.
286,T1-JA-0096,despliegue,Japan,10,2000810,4.665627,-74.050987,d2g6dcm,127.7,2026-07-14 12:00,sim_pred,24,0,12,13,11.52,100.0,100.0,79.9,72.5,65.5,5.59,43.8,57.9,41.1,74.7,regular,0.454,0.431,3.9,60.61,100.0,61.61,43.66,74.65,60.11,alta,5812.0,0,438.0,60,48.9,2.3,42.82,"Segmento de 128 m en estado regular: índice de condición 58/100 (intervalo 90 %: 41–75). Detecciones: 24 grietas longitudinales, 12 piel de cocodrilo, 13 baches. Rugosidad IRI 5.6 m/km. Contexto: hospital a 438 m, 60 siniestros a 250 m. Prioridad alta (60/100).",bacheo,inmediata_30_dias,plantilla,det=detector_cpu;fusion=ensamble10,20260930-2219,,,Daño dominante: baches; acción según estado regular.
287,T2-JA-0105,despliegue,Japan,10,9004210,4.679939,-74.149429,d2g68ey,79.7,2026-08-22 14:46,sim_pred,33,0,32,0,22.45,100.0,100.0,71.8,88.7,67.8,4.91,49.5,61.4,44.6,78.2,regular,0.501,0.31,3.83,94.46,84.96,49.24,11.19,79.83,60.09,alta,412.0,2,637.0,36,25.5,0.0,45.29,"Segmento de 80 m en estado regular: índice de condición 61/100 (intervalo 90 %: 45–78). Detecciones: 33 grietas longitudinales, 32 piel de cocodrilo. Rugosidad IRI 4.9 m/km. Contexto: colegio a 412 m, hospital a 637 m, 36 siniestros a 250 m. Prioridad alta (60/100).",parcheo,inmediata_30_dias,plantilla,det=detector_cpu;fusion=ensamble10,20260930-2219,,,Daño dominante: piel de cocodrilo; acción según estado regular.
288,TR-IN-0714,test,India,10,7001373,4.627358,-74.185225,d2g4rf7,72.6,2026-08-07 13:54,sim_gt,3,0,3,4,2.4,100.0,100.0,96.1,74.0,72.7,3.91,59.2,67.9,51.1,84.8,regular,0.49,0.126,2.09,93.75,71.73,57.25,5.12,76.91,60.0,media,98.0,1,334.0,32,18.8,1.4,40.97,"Segmento de 73 m en estado regular: índice de condición 68/100 (intervalo 90 %: 51–85). Detecciones: 3 grietas longitudinales, 3 piel de cocodrilo, 4 baches. Rugosidad IRI 3.9 m/km. Contexto: colegio a 98 m, hospital a 334 m, 32 siniestros a 250 m. Prioridad media (60/100).",bacheo,programada_6_meses,plantilla,det=detector_cpu;fusion=ensamble10,20260930-2219,65.6,regular,Daño dominante: baches; acción según estado regular.
289,TR-JA-1019,test,Japan,10,4002319,4.560381,-74.08333,d2g3fnn,72.1,2026-06-21 08:32,sim_gt,21,0,16,14,21.33,100.0,100.0,68.4,72.4,58.7,6.06,40.2,52.2,35.4,69.1,malo,0.493,0.638,2.99,43.88,71.73,62.18,80.77,58.2,59.94,media,4044.0,0,721.0,33,81.2,,24.84,"Segmento de 72 m en estado malo: índice de condición 52/100 (intervalo 90 %: 35–69). Detecciones: 21 grietas longitudinales, 16 piel de cocodrilo, 14 baches. Rugosidad IRI 6.1 m/km. Contexto: hospital a 721 m, 33 siniestros a 250 m. Prioridad media (60/100).",rehabilitacion,programada_6_meses,plantilla,det=detector_cpu;fusion=ensamble10,20260930-2219,39.8,muy_malo,Daño dominante: piel de cocodrilo; acción según estado malo.
290,T1-IN-0045,despliegue,India,10,8007229,4.61819,-74.152262,d2g628e,45.4,2026-08-24 13:00,sim_pred,29,0,10,5,10.79,100.0,100.0,79.9,77.2,70.2,5.41,45.2,61.5,44.6,78.3,regular,0.517,0.301,2.44,43.88,71.73,96.55,10.85,66.79,59.84,media,240.0,1,85.0,122,24.9,0.0,25.54,"Segmento de 45 m en estado regular: índice de condición 62/100 (intervalo 90 %: 45–78). Detecciones: 29 grietas longitudinales, 10 piel de cocodrilo, 5 baches. Rugosidad IRI 5.4 m/km. Contexto: colegio a 240 m, hospital a 85 m, 122 siniestros a 250 m. Prioridad media (60/100).",bacheo,programada_6_meses,plantilla,det=detector_cpu;fusion=ensamble10,20260930-2219,,,Daño dominante: baches; acción según estado regular.
291,TR-IN-0725,test,India,10,16003572,4.599939,-74.115957,d2g61mq,83.4,2026-06-22 15:58,sim_gt,2,0,3,33,4.23,100.0,100.0,86.5,53.2,48.5,8.47,26.0,40.6,23.8,57.5,muy_malo,0.514,0.923,3.46,25.98,71.73,50.04,46.59,48.01,59.83,media,1652.0,0,516.0,31,50.8,1.2,24.14,"Segmento de 83 m en estado muy malo: índice de condición 41/100 (intervalo 90 %: 24–58). Detecciones: 2 grietas longitudinales, 3 piel de cocodrilo, 33 baches. Rugosidad IRI 8.5 m/km. Contexto: hospital a 516 m, 31 siniestros a 250 m. Prioridad media (60/100).",rehabilitacion,programada_6_meses,plantilla,det=detector_cpu;fusion=ensamble10,20260930-2219,31.5,muy_malo,Daño dominante: baches; acción según estado muy malo.
292,T2-JA-0040,despliegue,Japan,10,19002394,4.578758,-74.178107,d2g6019,40.4,2026-09-04 12:40,sim_pred,25,0,40,7,22.96,100.0,100.0,67.5,71.5,57.5,10.35,18.6,43.9,27.0,60.7,malo,0.478,0.872,3.16,52.22,71.73,27.28,10.39,52.81,59.8,media,51.0,16,1351.0,16,24.3,0.0,25.13,"Segmento de 40 m en estado malo: índice de condición 44/100 (intervalo 90 %: 27–61). Detecciones: 25 grietas longitudinales, 40 piel de cocodrilo, 7 baches. Rugosidad IRI 10.3 m/km. Contexto: colegio a 51 m, 16 siniestros a 250 m. Prioridad media (60/100).",rehabilitacion,programada_6_meses,plantilla,det=detector_cpu;fusion=ensamble10,20260930-2219,,,Daño dominante: piel de cocodrilo; acción según estado malo.
293,T1-JA-0107,despliegue,Japan,10,9003035,4.668331,-74.145912,d2g68cb,146.3,2026-07-06 12:28,sim_pred,40,0,30,4,15.36,100.0,100.0,69.4,80.5,62.6,4.93,49.3,57.9,41.1,74.8,regular,0.464,0.428,2.86,80.29,71.73,16.39,66.16,61.32,59.77,media,247.0,5,377.0,12,69.9,0.7,28.57,"Segmento de 146 m en estado regular: índice de condición 58/100 (intervalo 90 %: 41–75). Detecciones: 40 grietas longitudinales, 30 piel de cocodrilo, 4 baches. Rugosidad IRI 4.9 m/km. Contexto: colegio a 247 m, hospital a 377 m, 12 siniestros a 250 m. Prioridad media (60/100).",parcheo,programada_6_meses,plantilla,det=detector_cpu;fusion=ensamble10,20260930-2219,,,Daño dominante: piel de cocodrilo; acción según estado regular.
294,T2-IN-0006,despliegue,India,10,18000498,4.584306,-74.124325,d2g6168,56.9,2026-08-10 10:39,sim_pred,10,0,23,7,14.22,100.0,100.0,74.0,66.3,57.2,9.97,19.9,44.1,27.3,61.0,malo,0.478,0.864,3.55,25.98,71.73,70.07,16.92,53.01,59.73,media,1975.0,0,473.0,45,29.8,3.5,24.14,"Segmento de 57 m en estado malo: índice de condición 44/100 (intervalo 90 %: 27–61). Detecciones: 10 grietas longitudinales, 23 piel de cocodrilo, 7 baches. Rugosidad IRI 10.0 m/km. Contexto: hospital a 473 m, 45 siniestros a 250 m. Prioridad media (60/100).",bacheo,programada_6_meses,plantilla,det=detector_cpu;fusion=ensamble10,20260930-2219,,,Daño dominante: baches; acción según estado malo.
295,T2-JA-0011,despliegue,Japan,10,12002404,4.657615,-74.075973,d2g66rg,81.7,2026-09-02 13:33,sim_pred,14,0,33,9,20.09,100.0,100.0,66.2,68.3,55.1,8.93,24.0,44.2,27.4,61.0,malo,0.48,0.864,3.44,7.03,84.96,82.21,47.99,53.1,59.73,media,3760.0,0,640.0,89,51.3,1.2,27.39,"Segmento de 82 m en estado malo: índice de condición 44/100 (intervalo 90 %: 27–61). Detecciones: 14 grietas longitudinales, 33 piel de cocodrilo, 9 baches. Rugosidad IRI 8.9 m/km. Contexto: hospital a 640 m, 89 siniestros a 250 m. Prioridad media (60/100).",rehabilitacion,programada_6_meses,plantilla,det=detector_cpu;fusion=ensamble10,20260930-2219,,,Daño dominante: piel de cocodrilo; acción según estado malo.
296,T1-JA-0066,despliegue,Japan,10,8012931,4.650845,-74.160732,d2g62qt,42.8,2026-07-06 07:20,sim_pred,17,0,33,12,27.05,100.0,100.0,63.8,68.4,52.8,12.24,13.2,38.9,22.1,55.8,muy_malo,0.575,0.941,3.94,14.92,84.96,38.01,66.16,45.21,59.72,media,448.0,1,880.0,17,69.9,2.3,27.46,"Segmento de 43 m en estado muy malo: índice de condición 39/100 (intervalo 90 %: 22–56). Detecciones: 17 grietas longitudinales, 33 piel de cocodrilo, 12 baches. Rugosidad IRI 12.2 m/km. Contexto: colegio a 448 m, hospital a 880 m, 17 siniestros a 250 m. Prioridad media (60/100).",reconstruccion,programada_6_meses,plantilla,det=detector_cpu;fusion=ensamble10,20260930-2219,,,Daño dominante: piel de cocodrilo; acción según estado muy malo.
297,T1-IN-0072,despliegue,India,10,19009968,4.546232,-74.149209,d2g3bew,46.5,2026-08-25 15:04,sim_pred,3,0,5,4,2.97,100.0,100.0,85.7,68.8,63.8,7.78,29.5,51.8,34.9,68.6,malo,0.498,0.654,3.1,57.95,71.73,64.42,27.69,64.39,59.69,media,1589.0,0,380.0,41,39.0,15.1,25.47,"Segmento de 46 m en estado malo: índice de condición 52/100 (intervalo 90 %: 35–69). Detecciones: 3 grietas longitudinales, 5 piel de cocodrilo, 4 baches. Rugosidad IRI 7.8 m/km. Contexto: hospital a 380 m, 41 siniestros a 250 m. Prioridad media (60/100).",bacheo,programada_6_meses,plantilla,det=detector_cpu;fusion=ensamble10,20260930-2219,,,Daño dominante: baches; acción según estado malo.
298,T2-IN-0090,despliegue,India,10,8006964,4.619716,-74.128347,d2g630v,41.1,2026-06-23 15:32,sim_pred,2,0,6,13,4.56,100.0,100.0,85.3,64.6,59.4,5.28,46.3,54.8,38.0,71.7,malo,0.45,0.544,2.45,80.29,71.73,47.08,63.16,68.99,59.69,media,2156.0,0,797.0,27,67.0,0.0,27.87,"Segmento de 41 m en estado malo: índice de condición 55/100 (intervalo 90 %: 38–72). Detecciones: 2 grietas longitudinales, 6 piel de cocodrilo, 13 baches. Rugosidad IRI 5.3 m/km. Contexto: hospital a 797 m, 27 siniestros a 250 m. Prioridad media (60/100).",bacheo,programada_6_meses,plantilla,det=detector_cpu;fusion=ensamble10,20260930-2219,,,Daño dominante: baches; acción según estado malo.
299,T2-JA-0128,despliegue,Japan,10,16001443,4.616292,-74.113243,d2g6382,61.5,2026-08-26 11:20,sim_pred,13,0,25,15,13.98,100.0,100.0,69.3,65.9,55.2,8.17,27.5,45.5,28.7,62.3,malo,0.513,0.845,1.76,43.88,71.73,98.33,37.33,67.24,59.6,media,3210.0,0,1059.0,171,44.6,1.6,24.84,"Segmento de 62 m en estado malo: índice de condición 46/100 (intervalo 90 %: 29–62). Detecciones: 13 grietas longitudinales, 25 piel de cocodrilo, 15 baches. Rugosidad IRI 8.2 m/km. Contexto: 171 siniestros a 250 m. Prioridad media (60/100).",bacheo,programada_6_meses,plantilla,det=detector_cpu;fusion=ensamble10,20260930-2219,,,Daño dominante: baches; acción según estado malo.
300,T2-JA-0030,despliegue,Japan,10,3000627,4.604874,-74.069178,d2g64w2,150.0,2026-09-25 12:21,sim_pred,54,0,20,8,18.68,100.0,100.0,77.2,80.8,70.5,5.25,46.5,62.1,45.3,79.0,regular,0.521,0.28,2.51,84.13,71.73,83.69,54.48,79.68,59.59,media,4580.0,0,569.0,99,57.0,2.4,30.26,"Segmento de 150 m en estado regular: índice de condición 62/100 (intervalo 90 %: 45–79). Detecciones: 54 grietas longitudinales, 20 piel de cocodrilo, 8 baches. Rugosidad IRI 5.2 m/km. Contexto: hospital a 569 m, 99 siniestros a 250 m. Prioridad media (60/100).",parcheo,programada_6_meses,plantilla,det=detector_cpu;fusion=ensamble10,20260930-2219,,,Daño dominante: piel de cocodrilo; acción según estado regular.
301,T2-JA-0006,despliegue,Japan,10,8001801,4.642399,-74.174214,d2g62j5,89.1,2026-06-22 13:40,sim_pred,17,0,41,1,27.98,100.0,100.0,57.4,83.1,51.5,8.02,28.3,43.4,26.5,60.2,malo,0.444,0.863,5.41,43.88,71.73,35.36,65.25,51.49,59.58,media,621.0,0,413.0,21,69.4,1.1,24.84,"Segmento de 89 m en estado malo: índice de condición 43/100 (intervalo 90 %: 26–60). Detecciones: 17 grietas longitudinales, 41 piel de cocodrilo, 1 baches. Rugosidad IRI 8.0 m/km. Contexto: hospital a 413 m, 21 siniestros a 250 m. Prioridad media (60/100).",rehabilitacion,programada_6_meses,plantilla,det=detector_cpu;fusion=ensamble10,20260930-2219,,,Daño dominante: piel de cocodrilo; acción según estado malo.
302,T2-JA-0052,despliegue,Japan,10,6000262,4.590366,-74.155824,d2g60e9,76.6,2026-07-03 11:20,sim_pred,46,0,27,2,17.01,100.0,100.0,76.1,82.8,70.1,5.96,40.9,59.9,43.0,76.7,regular,0.496,0.358,2.84,80.29,71.73,25.64,66.01,63.63,59.54,media,82.0,3,599.0,21,69.8,0.0,27.87,"Segmento de 77 m en estado regular: índice de condición 60/100 (intervalo 90 %: 43–77). Detecciones: 46 grietas longitudinales, 27 piel de cocodrilo, 2 baches. Rugosidad IRI 6.0 m/km. Contexto: colegio a 82 m, hospital a 599 m, 21 siniestros a 250 m. Prioridad media (60/100).",parcheo,programada_6_meses,plantilla,det=detector_cpu;fusion=ensamble10,20260930-2219,,,Daño dominante: piel de cocodrilo; acción según estado regular.
303,T1-IN-0028,despliegue,India,10,10011696,4.677544,-74.117117,d2g697t,150.0,2026-09-04 15:08,sim_pred,14,0,0,39,2.87,100.0,100.0,82.4,46.7,40.5,8.14,27.6,36.0,19.2,52.8,muy_malo,0.679,0.969,3.28,2.11,84.96,39.04,46.81,40.34,59.53,media,550.0,0,969.0,39,50.9,1.4,24.55,"Segmento de 150 m en estado muy malo: índice de condición 36/100 (intervalo 90 %: 19–53). Detecciones: 14 grietas longitudinales, 39 baches. Rugosidad IRI 8.1 m/km. Contexto: hospital a 969 m, 39 siniestros a 250 m. Prioridad media (60/100).",rehabilitacion,programada_6_meses,plantilla,det=detector_cpu;fusion=ensamble10,20260930-2219,,,Daño dominante: baches; acción según estado muy malo.
304,T1-IN-0030,despliegue,India,10,2000835,4.664351,-74.04711,d2g6e10,113.0,2026-07-24 10:00,sim_pred,3,0,19,14,5.86,100.0,100.0,77.5,72.7,64.9,6.59,36.6,55.0,38.1,71.8,malo,0.448,0.54,2.44,22.69,88.17,85.28,90.59,61.26,59.53,media,6265.0,0,180.0,111,111.7,2.7,37.07,"Segmento de 113 m en estado malo: índice de condición 55/100 (intervalo 90 %: 38–72). Detecciones: 3 grietas longitudinales, 19 piel de cocodrilo, 14 baches. Rugosidad IRI 6.6 m/km. Contexto: hospital a 180 m, 111 siniestros a 250 m. Prioridad media (60/100).",bacheo,programada_6_meses,plantilla,det=detector_cpu;fusion=ensamble10,20260930-2219,,,Daño dominante: baches; acción según estado malo.
305,TR-JA-0534,test,Japan,10,7005779,4.607016,-74.192399,d2g4pww,50.8,2026-08-12 14:16,sim_gt,32,0,18,6,11.58,100.0,100.0,85.9,72.0,67.1,3.64,62.1,65.3,48.5,82.2,regular,0.516,0.188,2.73,72.45,71.73,70.07,1.18,71.6,59.43,media,16.0,11,476.0,46,13.0,,27.96,"Segmento de 51 m en estado regular: índice de condición 65/100 (intervalo 90 %: 48–82). Detecciones: 32 grietas longitudinales, 18 piel de cocodrilo, 6 baches. Rugosidad IRI 3.6 m/km. Contexto: colegio a 16 m, hospital a 476 m, 46 siniestros a 250 m. Prioridad media (59/100).",bacheo,programada_6_meses,plantilla,det=detector_cpu;fusion=ensamble10,20260930-2219,59.2,regular,Daño dominante: baches; acción según estado regular.
306,T1-CZ-0012,despliegue,Czech,10,6000951,4.581667,-74.131978,d2g6144,53.2,2026-09-24 14:12,sim_pred,20,0,7,5,4.03,100.0,100.0,90.5,75.8,72.5,4.14,56.8,67.0,50.2,83.8,regular,0.475,0.164,4.73,85.91,88.17,85.28,16.43,86.54,59.42,media,2186.0,0,211.0,67,29.6,0.0,43.61,"Segmento de 53 m en estado regular: índice de condición 67/100 (intervalo 90 %: 50–84). Detecciones: 20 grietas longitudinales, 7 piel de cocodrilo, 5 baches. Rugosidad IRI 4.1 m/km. Contexto: hospital a 211 m, 67 siniestros a 250 m. Prioridad media (59/100).",bacheo,programada_6_meses,plantilla,det=detector_cpu;fusion=ensamble10,20260930-2219,,,Daño dominante: baches; acción según estado regular.
307,T2-IN-0088,despliegue,India,10,8013488,4.597788,-74.140793,d2g60vh,144.3,2026-09-04 11:26,sim_pred,3,0,8,3,4.91,100.0,100.0,85.1,72.2,66.9,7.08,33.5,55.2,38.4,72.1,malo,0.438,0.529,3.01,68.17,84.96,47.08,10.39,68.78,59.37,media,766.0,0,331.0,26,24.3,0.7,32.27,"Segmento de 144 m en estado malo: índice de condición 55/100 (intervalo 90 %: 38–72). Detecciones: 3 grietas longitudinales, 8 piel de cocodrilo, 3 baches. Rugosidad IRI 7.1 m/km. Contexto: hospital a 331 m, 26 siniestros a 250 m. Prioridad media (59/100).",bacheo,programada_6_meses,plantilla,det=detector_cpu;fusion=ensamble10,20260930-2219,,,Daño dominante: baches; acción según estado malo.
308,TR-JA-0573,test,Japan,10,19003651,4.574368,-74.152634,d2g608e,72.6,2026-07-09 10:31,sim_gt,30,0,14,2,12.31,100.0,100.0,75.1,90.9,71.9,4.67,51.6,64.8,48.0,81.6,regular,0.519,0.202,2.72,52.22,71.73,96.97,9.37,70.23,59.21,media,141.0,1,431.0,98,24.1,,25.13,"Segmento de 73 m en estado regular: índice de condición 65/100 (intervalo 90 %: 48–82). Detecciones: 30 grietas longitudinales, 14 piel de cocodrilo, 2 baches. Rugosidad IRI 4.7 m/km. Contexto: colegio a 141 m, hospital a 431 m, 98 siniestros a 250 m. Prioridad media (59/100).",parcheo,programada_6_meses,plantilla,det=detector_cpu;fusion=ensamble10,20260930-2219,58.4,regular,Daño dominante: piel de cocodrilo; acción según estado regular.
309,T2-JA-0043,despliegue,Japan,10,18003054,4.567037,-74.118812,d2g3crk,53.8,2026-07-30 07:25,sim_pred,48,0,33,15,20.29,100.0,100.0,66.7,68.7,55.8,9.87,20.2,43.3,26.5,60.2,malo,0.464,0.879,3.64,52.22,71.73,17.87,24.24,50.46,59.18,media,2689.0,0,585.0,12,37.3,0.0,25.13,"Segmento de 54 m en estado malo: índice de condición 43/100 (intervalo 90 %: 26–60). Detecciones: 48 grietas longitudinales, 33 piel de cocodrilo, 15 baches. Rugosidad IRI 9.9 m/km. Contexto: hospital a 585 m, 12 siniestros a 250 m. Prioridad media (59/100).",rehabilitacion,programada_6_meses,plantilla,det=detector_cpu;fusion=ensamble10,20260930-2219,,,Daño dominante: piel de cocodrilo; acción según estado malo.
310,T1-JA-0077,despliegue,Japan,10,19003670,4.574103,-74.162837,d2g602s,76.8,2026-09-21 13:45,sim_pred,26,0,26,5,19.55,100.0,100.0,68.7,79.5,61.5,6.11,39.9,53.9,37.1,70.8,malo,0.468,0.577,2.63,43.88,71.73,44.8,0.34,53.86,59.18,media,89.0,5,206.0,23,12.1,3.9,24.84,"Segmento de 77 m en estado malo: índice de condición 54/100 (intervalo 90 %: 37–71). Detecciones: 26 grietas longitudinales, 26 piel de cocodrilo, 5 baches. Rugosidad IRI 6.1 m/km. Contexto: colegio a 89 m, hospital a 206 m, 23 siniestros a 250 m. Prioridad media (59/100).",rehabilitacion,programada_6_meses,plantilla,det=detector_cpu;fusion=ensamble10,20260930-2219,,,Daño dominante: piel de cocodrilo; acción según estado malo.
311,TR-IN-0711,test,India,10,6001056,4.58042,-74.139659,d2g60cv,105.7,2026-06-14 10:53,sim_gt,5,0,14,10,8.16,100.0,100.0,79.1,63.2,55.9,7.01,33.9,48.2,31.4,65.0,malo,0.527,0.773,2.21,5.58,71.73,91.46,80.12,50.2,59.17,media,1634.0,0,700.0,85,81.0,0.0,22.72,"Segmento de 106 m en estado malo: índice de condición 48/100 (intervalo 90 %: 31–65). Detecciones: 5 grietas longitudinales, 14 piel de cocodrilo, 10 baches. Rugosidad IRI 7.0 m/km. Contexto: hospital a 700 m, 85 siniestros a 250 m. Prioridad media (59/100).",bacheo,programada_6_meses,plantilla,det=detector_cpu;fusion=ensamble10,20260930-2219,44.2,malo,Daño dominante: baches; acción según estado malo.
312,T1-JA-0100,despliegue,Japan,10,2000886,4.663682,-74.058217,d2g6dbb,76.3,2026-07-17 15:30,sim_pred,34,0,30,5,18.61,100.0,100.0,73.4,88.8,69.5,6.54,36.9,58.1,41.3,74.9,regular,0.46,0.424,3.59,58.33,84.96,77.77,43.66,72.51,59.15,media,5126.0,0,181.0,80,48.9,1.3,36.43,"Segmento de 76 m en estado regular: índice de condición 58/100 (intervalo 90 %: 41–75). Detecciones: 34 grietas longitudinales, 30 piel de cocodrilo, 5 baches. Rugosidad IRI 6.5 m/km. Contexto: hospital a 181 m, 80 siniestros a 250 m. Prioridad media (59/100).",parcheo,programada_6_meses,plantilla,det=detector_cpu;fusion=ensamble10,20260930-2219,,,Daño dominante: piel de cocodrilo; acción según estado regular.
313,TR-JA-0569,test,Japan,10,16003363,4.600834,-74.106336,d2g61tt,48.8,2026-08-18 08:53,sim_gt,4,0,12,1,3.62,100.0,100.0,75.8,87.3,71.4,4.14,56.8,66.3,49.4,83.1,regular,0.514,0.161,1.93,80.29,84.96,90.59,32.85,84.5,59.04,media,1415.0,0,304.0,105,41.5,,37.98,"Segmento de 49 m en estado regular: índice de condición 66/100 (intervalo 90 %: 49–83). Detecciones: 4 grietas longitudinales, 12 piel de cocodrilo, 1 baches. Rugosidad IRI 4.1 m/km. Contexto: hospital a 304 m, 105 siniestros a 250 m. Prioridad media (59/100).",parcheo,programada_6_meses,plantilla,det=detector_cpu;fusion=ensamble10,20260930-2219,67.7,regular,Daño dominante: piel de cocodrilo; acción según estado regular.
314,T1-JA-0056,despliegue,Japan,10,15001132,4.584038,-74.099663,d2g61f6,48.8,2026-09-19 12:50,sim_pred,15,0,51,0,30.53,100.0,100.0,64.3,82.1,58.1,10.15,19.3,44.5,27.6,61.3,malo,0.468,0.847,4.78,6.69,71.73,95.94,20.18,51.77,59.02,media,924.0,0,101.0,116,33.3,0.0,24.91,"Segmento de 49 m en estado malo: índice de condición 44/100 (intervalo 90 %: 28–61). Detecciones: 15 grietas longitudinales, 51 piel de cocodrilo. Rugosidad IRI 10.2 m/km. Contexto: hospital a 101 m, 116 siniestros a 250 m. Prioridad media (59/100).",rehabilitacion,programada_6_meses,plantilla,det=detector_cpu;fusion=ensamble10,20260930-2219,,,Daño dominante: piel de cocodrilo; acción según estado malo.
315,TR-JA-0530,test,Japan,10,8002087,4.641187,-74.144619,d2g62uc,103.3,2026-08-27 10:20,sim_gt,59,0,34,9,27.01,100.0,100.0,68.3,83.3,62.5,4.82,50.3,58.2,41.4,75.1,regular,0.477,0.415,1.75,93.75,71.73,39.04,10.96,72.36,59.01,media,450.0,1,430.0,29,25.0,,40.97,"Segmento de 103 m en estado regular: índice de condición 58/100 (intervalo 90 %: 41–75). Detecciones: 59 grietas longitudinales, 34 piel de cocodrilo, 9 baches. Rugosidad IRI 4.8 m/km. Contexto: colegio a 450 m, hospital a 430 m, 29 siniestros a 250 m. Prioridad media (59/100).",parcheo,programada_6_meses,plantilla,det=detector_cpu;fusion=ensamble10,20260930-2219,60.4,regular,Daño dominante: piel de cocodrilo; acción según estado regular.
316,T2-IN-0028,despliegue,India,10,18000746,4.582174,-74.104417,d2g61dn,150.0,2026-08-17 12:27,sim_pred,3,0,10,1,7.3,100.0,100.0,87.6,84.3,79.9,5.41,45.2,67.8,50.9,84.6,regular,0.475,0.141,3.98,68.5,100.0,96.55,38.24,86.54,58.95,media,717.0,0,110.0,120,44.8,3.1,43.3,"Segmento de 150 m en estado regular: índice de condición 68/100 (intervalo 90 %: 51–85). Detecciones: 3 grietas longitudinales, 10 piel de cocodrilo, 1 baches. Rugosidad IRI 5.4 m/km. Contexto: hospital a 110 m, 120 siniestros a 250 m. Prioridad media (59/100).",bacheo,programada_6_meses,plantilla,det=detector_cpu;fusion=ensamble10,20260930-2219,,,Daño dominante: baches; acción según estado regular.
317,T2-JA-0038,despliegue,Japan,10,10007875,4.685209,-74.100493,d2g69uc,49.6,2026-07-25 08:22,sim_pred,33,0,39,3,21.89,100.0,100.0,75.5,84.8,70.2,8.83,24.4,54.1,37.3,71.0,malo,0.449,0.566,4.27,85.91,71.73,26.48,52.39,66.09,58.95,media,515.0,0,162.0,22,55.8,0.0,30.47,"Segmento de 50 m en estado malo: índice de condición 54/100 (intervalo 90 %: 37–71). Detecciones: 33 grietas longitudinales, 39 piel de cocodrilo, 3 baches. Rugosidad IRI 8.8 m/km. Contexto: hospital a 162 m, 22 siniestros a 250 m. Prioridad media (59/100).",rehabilitacion,programada_6_meses,plantilla,det=detector_cpu;fusion=ensamble10,20260930-2219,,,Daño dominante: piel de cocodrilo; acción según estado malo.
318,T1-IN-0063,despliegue,India,10,11005199,4.739531,-74.085332,d2g6fnu,41.0,2026-09-01 10:08,sim_pred,10,0,6,4,7.06,100.0,100.0,84.4,83.4,77.9,5.2,47.0,67.1,50.2,83.9,regular,0.498,0.147,2.66,66.89,100.0,94.88,70.98,85.48,58.94,media,1526.0,0,318.0,128,74.3,0.0,44.54,"Segmento de 41 m en estado regular: índice de condición 67/100 (intervalo 90 %: 50–84). Detecciones: 10 grietas longitudinales, 6 piel de cocodrilo, 4 baches. Rugosidad IRI 5.2 m/km. Contexto: hospital a 318 m, 128 siniestros a 250 m. Prioridad media (59/100).",bacheo,programada_6_meses,plantilla,det=detector_cpu;fusion=ensamble10,20260930-2219,,,Daño dominante: baches; acción según estado regular.
319,T1-JA-0080,despliegue,Japan,10,1001226,4.756921,-74.03767,d2g751z,48.1,2026-09-16 12:24,sim_pred,9,0,26,1,11.53,100.0,100.0,63.4,79.9,56.4,5.83,41.9,51.3,34.5,68.1,malo,0.508,0.672,2.67,89.21,84.96,5.24,90.14,66.73,58.91,media,7050.0,0,1039.0,4,109.1,6.2,43.59,"Segmento de 48 m en estado malo: índice de condición 51/100 (intervalo 90 %: 34–68). Detecciones: 9 grietas longitudinales, 26 piel de cocodrilo, 1 baches. Rugosidad IRI 5.8 m/km. Contexto: 4 siniestros a 250 m. Prioridad media (59/100).",rehabilitacion,programada_6_meses,plantilla,det=detector_cpu;fusion=ensamble10,20260930-2219,,,Daño dominante: piel de cocodrilo; acción según estado malo.
320,TR-JA-0293,test,Japan,10,4000748,4.570254,-74.082077,d2g3fpz,68.6,2026-06-06 16:06,sim_gt,41,0,20,6,12.59,100.0,100.0,74.1,79.6,67.0,4.56,52.7,62.0,45.1,78.8,regular,0.508,0.29,3.53,80.29,100.0,42.45,73.29,77.73,58.91,media,3396.0,0,157.0,31,76.8,0.0,44.29,"Segmento de 69 m en estado regular: índice de condición 62/100 (intervalo 90 %: 45–79). Detecciones: 41 grietas longitudinales, 20 piel de cocodrilo, 6 baches. Rugosidad IRI 4.6 m/km. Contexto: hospital a 157 m, 31 siniestros a 250 m. Prioridad media (59/100).",parcheo,programada_6_meses,plantilla,det=detector_cpu;fusion=ensamble10,20260930-2219,39.5,muy_malo,Daño dominante: piel de cocodrilo; acción según estado regular.
321,TR-JA-0787,test,Japan,10,18004990,4.554651,-74.109861,d2g3ct4,58.7,2026-08-30 12:33,sim_gt,27,0,21,14,21.72,100.0,100.0,73.6,73.3,64.1,4.99,48.8,58.7,41.9,75.5,regular,0.479,0.399,2.7,93.75,71.73,40.63,40.86,72.76,58.88,media,3736.0,0,427.0,25,46.5,,40.97,"Segmento de 59 m en estado regular: índice de condición 59/100 (intervalo 90 %: 42–76). Detecciones: 27 grietas longitudinales, 21 piel de cocodrilo, 14 baches. Rugosidad IRI 5.0 m/km. Contexto: hospital a 427 m, 25 siniestros a 250 m. Prioridad media (59/100).",bacheo,programada_6_meses,plantilla,det=detector_cpu;fusion=ensamble10,20260930-2219,56.5,regular,Daño dominante: baches; acción según estado regular.
322,T1-JA-0124,despliegue,Japan,10,12000631,4.677531,-74.085297,d2g6d5s,94.0,2026-09-03 09:27,sim_pred,35,0,16,8,10.61,100.0,100.0,76.1,64.1,55.7,6.54,36.9,49.1,32.3,66.0,malo,0.525,0.744,2.43,14.92,88.17,86.04,48.9,58.34,58.86,media,1799.0,0,588.0,94,51.7,1.1,37.08,"Segmento de 94 m en estado malo: índice de condición 49/100 (intervalo 90 %: 32–66). Detecciones: 35 grietas longitudinales, 16 piel de cocodrilo, 8 baches. Rugosidad IRI 6.5 m/km. Contexto: hospital a 588 m, 94 siniestros a 250 m. Prioridad media (59/100).",bacheo,programada_6_meses,plantilla,det=detector_cpu;fusion=ensamble10,20260930-2219,,,Daño dominante: baches; acción según estado malo.
323,T1-JA-0121,despliegue,Japan,10,12002221,4.661247,-74.06521,d2g6d8e,117.7,2026-09-17 10:28,sim_pred,35,0,20,13,11.44,100.0,100.0,78.5,81.1,71.9,4.98,48.8,63.8,47.0,80.7,regular,0.532,0.224,1.62,92.61,71.73,72.8,22.57,80.35,58.84,media,4536.0,0,250.0,54,36.1,0.0,41.38,"Segmento de 118 m en estado regular: índice de condición 64/100 (intervalo 90 %: 47–81). Detecciones: 35 grietas longitudinales, 20 piel de cocodrilo, 13 baches. Rugosidad IRI 5.0 m/km. Contexto: hospital a 250 m, 54 siniestros a 250 m. Prioridad media (59/100).",parcheo,programada_6_meses,plantilla,det=detector_cpu;fusion=ensamble10,20260930-2219,,,Daño dominante: piel de cocodrilo; acción según estado regular.
324,T1-JA-0097,despliegue,Japan,10,18005203,4.55199,-74.118155,d2g3cks,47.9,2026-08-07 07:24,sim_pred,34,0,63,8,26.92,100.0,100.0,66.0,68.6,55.0,8.69,25.1,44.5,27.7,61.4,malo,0.488,0.858,3.2,21.12,100.0,31.71,20.9,51.38,58.83,media,3946.0,0,912.0,19,34.0,0.0,40.13,"Segmento de 48 m en estado malo: índice de condición 44/100 (intervalo 90 %: 28–61). Detecciones: 34 grietas longitudinales, 63 piel de cocodrilo, 8 baches. Rugosidad IRI 8.7 m/km. Contexto: hospital a 912 m, 19 siniestros a 250 m. Prioridad media (59/100).",rehabilitacion,programada_6_meses,plantilla,det=detector_cpu;fusion=ensamble10,20260930-2219,,,Daño dominante: piel de cocodrilo; acción según estado malo.
325,TR-JA-0786,test,Japan,10,16000097,4.634937,-74.117853,d2g637v,109.1,2026-06-02 16:43,sim_gt,48,0,48,14,25.87,100.0,100.0,68.6,79.6,61.4,5.39,45.3,55.8,39.0,72.6,malo,0.43,0.507,1.94,80.38,71.73,93.93,54.21,80.74,58.81,media,2459.0,0,1425.0,114,56.8,,29.2,"Segmento de 109 m en estado malo: índice de condición 56/100 (intervalo 90 %: 39–73). Detecciones: 48 grietas longitudinales, 48 piel de cocodrilo, 14 baches. Rugosidad IRI 5.4 m/km. Contexto: 114 siniestros a 250 m. Prioridad media (59/100).",rehabilitacion,programada_6_meses,plantilla,det=detector_cpu;fusion=ensamble10,20260930-2219,42.8,malo,Daño dominante: piel de cocodrilo; acción según estado malo.
326,T2-IN-0021,despliegue,India,10,6000028,4.594276,-74.13662,d2g60ur,53.6,2026-07-29 11:56,sim_pred,12,0,1,7,3.43,100.0,100.0,94.4,62.3,60.3,5.57,44.0,54.6,37.7,71.4,malo,0.454,0.553,2.84,28.29,88.17,96.43,4.86,66.29,58.77,media,1183.0,0,122.0,113,18.6,1.9,38.41,"Segmento de 54 m en estado malo: índice de condición 55/100 (intervalo 90 %: 38–71). Detecciones: 12 grietas longitudinales, 1 piel de cocodrilo, 7 baches. Rugosidad IRI 5.6 m/km. Contexto: hospital a 122 m, 113 siniestros a 250 m. Prioridad media (59/100).",bacheo,programada_6_meses,plantilla,det=detector_cpu;fusion=ensamble10,20260930-2219,,,Daño dominante: baches; acción según estado malo.
327,T2-IN-0097,despliegue,India,10,4000888,4.569337,-74.082891,d2g3fpy,57.2,2026-08-08 07:14,sim_pred,1,0,5,4,6.43,100.0,100.0,89.4,82.1,78.4,6.11,39.9,64.9,48.1,81.8,regular,0.481,0.219,5.4,84.28,100.0,52.31,56.71,81.79,58.75,media,3385.0,0,66.0,35,59.6,10.5,45.33,"Segmento de 57 m en estado regular: índice de condición 65/100 (intervalo 90 %: 48–82). Detecciones: 1 grietas longitudinales, 5 piel de cocodrilo, 4 baches. Rugosidad IRI 6.1 m/km. Contexto: hospital a 66 m, 35 siniestros a 250 m. Prioridad media (59/100).",bacheo,programada_6_meses,plantilla,det=detector_cpu;fusion=ensamble10,20260930-2219,,,Daño dominante: baches; acción según estado regular.
328,T1-JA-0007,despliegue,Japan,10,2001876,4.633275,-74.066846,d2g66e6,120.9,2026-08-16 16:00,sim_pred,5,0,14,4,9.44,99.0,100.0,71.6,64.8,54.5,3.75,61.0,56.8,39.9,73.6,regular,0.43,0.472,4.14,52.33,84.96,75.19,38.24,69.47,58.73,media,6324.0,0,347.0,71,44.8,3.3,29.88,"Segmento de 121 m en estado regular: índice de condición 57/100 (intervalo 90 %: 40–74). Detecciones: 5 grietas longitudinales, 14 piel de cocodrilo, 4 baches. Rugosidad IRI 3.8 m/km. Contexto: hospital a 347 m, 71 siniestros a 250 m. Prioridad media (59/100).",bacheo,programada_6_meses,plantilla,det=detector_cpu;fusion=ensamble10,20260930-2219,,,Daño dominante: baches; acción según estado regular.
329,T2-JA-0094,despliegue,Japan,10,3002835,4.584786,-74.068165,d2g64d9,90.7,2026-07-01 09:16,sim_pred,51,0,22,13,12.34,100.0,100.0,71.5,75.9,63.1,7.77,29.6,51.4,34.5,68.2,malo,0.483,0.661,4.6,61.96,71.73,13.54,76.75,53.27,58.5,media,4312.0,0,157.0,10,78.9,12.1,25.76,"Segmento de 91 m en estado malo: índice de condición 51/100 (intervalo 90 %: 34–68). Detecciones: 51 grietas longitudinales, 22 piel de cocodrilo, 13 baches. Rugosidad IRI 7.8 m/km. Contexto: hospital a 157 m, 10 siniestros a 250 m. Prioridad media (58/100).",rehabilitacion,programada_6_meses,plantilla,det=detector_cpu;fusion=ensamble10,20260930-2219,,,Daño dominante: piel de cocodrilo; acción según estado malo.
330,T2-JA-0111,despliegue,Japan,10,11009650,4.716843,-74.064805,d2g6fde,51.9,2026-06-27 15:29,sim_pred,55,0,23,2,15.39,100.0,100.0,73.6,76.4,65.3,7.79,29.5,52.8,35.9,69.6,malo,0.484,0.619,3.1,25.98,100.0,39.76,89.45,55.33,58.48,media,4576.0,0,538.0,23,107.2,3.9,41.26,"Segmento de 52 m en estado malo: índice de condición 53/100 (intervalo 90 %: 36–70). Detecciones: 55 grietas longitudinales, 23 piel de cocodrilo, 2 baches. Rugosidad IRI 7.8 m/km. Contexto: hospital a 538 m, 23 siniestros a 250 m. Prioridad media (58/100).",rehabilitacion,programada_6_meses,plantilla,det=detector_cpu;fusion=ensamble10,20260930-2219,,,Daño dominante: piel de cocodrilo; acción según estado malo.
331,TR-JA-0155,test,Japan,10,8008488,4.613466,-74.166055,d2g60rc,47.8,2026-06-07 08:41,sim_gt,25,0,26,8,19.38,100.0,100.0,65.5,82.9,59.5,6.4,37.8,51.9,35.1,68.8,malo,0.504,0.652,2.19,43.88,71.73,75.8,44.92,61.6,58.48,media,314.0,3,475.0,53,49.8,0.0,24.84,"Segmento de 48 m en estado malo: índice de condición 52/100 (intervalo 90 %: 35–69). Detecciones: 25 grietas longitudinales, 26 piel de cocodrilo, 8 baches. Rugosidad IRI 6.4 m/km. Contexto: colegio a 314 m, hospital a 475 m, 53 siniestros a 250 m. Prioridad media (58/100).",rehabilitacion,programada_6_meses,plantilla,det=detector_cpu;fusion=ensamble10,20260930-2219,43.7,malo,Daño dominante: piel de cocodrilo; acción según estado malo.
332,T1-JA-0103,despliegue,Japan,10,1005088,4.695692,-74.051745,d2g6dyv,52.8,2026-08-31 11:53,sim_pred,18,0,21,1,14.52,100.0,100.0,68.4,70.3,58.0,5.55,44.1,53.1,36.3,70.0,malo,0.473,0.605,3.62,68.5,84.96,24.81,47.23,63.34,58.46,media,5733.0,0,393.0,26,51.0,0.0,31.62,"Segmento de 53 m en estado malo: índice de condición 53/100 (intervalo 90 %: 36–70). Detecciones: 18 grietas longitudinales, 21 piel de cocodrilo, 1 baches. Rugosidad IRI 5.5 m/km. Contexto: hospital a 393 m, 26 siniestros a 250 m. Prioridad media (58/100).",rehabilitacion,programada_6_meses,plantilla,det=detector_cpu;fusion=ensamble10,20260930-2219,,,Daño dominante: piel de cocodrilo; acción según estado malo.
333,T2-IN-0005,despliegue,India,10,7005292,4.609452,-74.178678,d2g60p0,66.9,2026-07-03 13:56,sim_pred,0,0,7,10,6.96,100.0,100.0,86.9,80.5,75.9,4.06,57.7,69.5,52.7,86.3,regular,0.453,0.103,3.09,80.29,71.73,72.34,66.01,75.31,58.42,media,278.0,5,549.0,52,69.8,0.0,27.87,"Segmento de 67 m en estado regular: índice de condición 70/100 (intervalo 90 %: 53–86). Detecciones: 7 piel de cocodrilo, 10 baches. Rugosidad IRI 4.1 m/km. Contexto: colegio a 278 m, hospital a 549 m, 52 siniestros a 250 m. Prioridad media (58/100).",bacheo,programada_6_meses,plantilla,det=detector_cpu;fusion=ensamble10,20260930-2219,,,Daño dominante: baches; acción según estado regular.
334,T2-JA-0058,despliegue,Japan,10,6000894,4.582722,-74.140063,d2g60fk,41.9,2026-07-23 11:23,sim_pred,39,1,53,10,24.73,100.0,100.0,70.5,70.7,60.3,10.86,16.9,45.1,28.3,61.9,malo,0.482,0.838,4.27,5.58,71.73,95.26,6.64,51.15,58.39,media,1478.0,0,583.0,97,21.0,0.0,22.72,"Segmento de 42 m en estado malo: índice de condición 45/100 (intervalo 90 %: 28–62). Detecciones: 39 grietas longitudinales, 1 grietas transversales, 53 piel de cocodrilo, 10 baches. Rugosidad IRI 10.9 m/km. Contexto: hospital a 583 m, 97 siniestros a 250 m. Prioridad media (58/100).",rehabilitacion,programada_6_meses,plantilla,det=detector_cpu;fusion=ensamble10,20260930-2219,,,Daño dominante: piel de cocodrilo; acción según estado malo.
335,T1-JA-0039,despliegue,Japan,10,8004568,4.630364,-74.145677,d2g62fb,47.5,2026-07-29 16:31,sim_pred,19,0,1,10,4.12,98.3,100.0,67.9,77.8,59.5,7.44,31.4,49.7,32.8,66.5,malo,0.522,0.726,2.54,21.12,71.73,97.76,11.53,57.99,58.39,media,469.0,1,308.0,127,26.1,0.0,23.71,"Segmento de 48 m en estado malo: índice de condición 50/100 (intervalo 90 %: 33–66). Detecciones: 19 grietas longitudinales, 1 piel de cocodrilo, 10 baches. Rugosidad IRI 7.4 m/km. Contexto: colegio a 469 m, hospital a 308 m, 127 siniestros a 250 m. Prioridad media (58/100).",rehabilitacion,programada_6_meses,plantilla,det=detector_cpu;fusion=ensamble10,20260930-2219,,,Daño dominante: piel de cocodrilo; acción según estado malo.
336,T2-JA-0007,despliegue,Japan,10,14000971,4.60134,-74.086192,d2g64js,100.0,2026-06-28 09:23,sim_pred,42,0,24,5,13.38,100.0,100.0,71.5,78.0,63.8,5.37,45.5,57.4,40.5,74.2,regular,0.454,0.448,2.6,58.9,84.96,64.83,71.05,69.5,58.38,media,2728.0,0,223.0,53,74.3,0.0,31.16,"Segmento de 100 m en estado regular: índice de condición 57/100 (intervalo 90 %: 40–74). Detecciones: 42 grietas longitudinales, 24 piel de cocodrilo, 5 baches. Rugosidad IRI 5.4 m/km. Contexto: hospital a 223 m, 53 siniestros a 250 m. Prioridad media (58/100).",parcheo,programada_6_meses,plantilla,det=detector_cpu;fusion=ensamble10,20260930-2219,,,Daño dominante: piel de cocodrilo; acción según estado regular.
337,T1-JA-0025,despliegue,Japan,10,7005163,4.609918,-74.188017,d2g4pz1,74.2,2026-06-02 07:52,sim_pred,23,0,47,3,19.74,100.0,100.0,70.1,81.8,63.7,7.24,32.5,52.8,36.0,69.6,malo,0.472,0.614,4.18,25.98,100.0,18.85,23.14,50.11,58.36,media,249.0,5,265.0,15,36.6,0.0,42.05,"Segmento de 74 m en estado malo: índice de condición 53/100 (intervalo 90 %: 36–70). Detecciones: 23 grietas longitudinales, 47 piel de cocodrilo, 3 baches. Rugosidad IRI 7.2 m/km. Contexto: colegio a 249 m, hospital a 265 m, 15 siniestros a 250 m. Prioridad media (58/100).",rehabilitacion,programada_6_meses,plantilla,det=detector_cpu;fusion=ensamble10,20260930-2219,,,Daño dominante: piel de cocodrilo; acción según estado malo.
338,T1-JA-0033,despliegue,Japan,10,13001104,4.640517,-74.071433,d2g66ky,55.4,2026-08-26 16:04,sim_pred,40,0,27,9,15.1,100.0,100.0,74.4,77.9,66.7,6.87,34.8,55.5,38.7,72.3,malo,0.424,0.518,4.16,52.33,88.17,59.33,37.33,66.63,58.34,media,5385.0,0,379.0,48,44.6,0.0,38.22,"Segmento de 55 m en estado malo: índice de condición 56/100 (intervalo 90 %: 39–72). Detecciones: 40 grietas longitudinales, 27 piel de cocodrilo, 9 baches. Rugosidad IRI 6.9 m/km. Contexto: hospital a 379 m, 48 siniestros a 250 m. Prioridad media (58/100).",rehabilitacion,programada_6_meses,plantilla,det=detector_cpu;fusion=ensamble10,20260930-2219,,,Daño dominante: piel de cocodrilo; acción según estado malo.
339,T1-JA-0075,despliegue,Japan,10,11006811,4.731942,-74.104559,d2g6ctq,79.1,2026-07-17 13:44,sim_pred,25,0,47,6,26.81,100.0,100.0,57.0,75.2,48.3,10.23,19.0,38.1,21.2,54.9,muy_malo,0.604,0.946,4.45,43.88,71.73,10.81,88.66,45.36,58.3,media,431.0,2,1181.0,14,102.8,0.0,24.84,"Segmento de 79 m en estado muy malo: índice de condición 38/100 (intervalo 90 %: 21–55). Detecciones: 25 grietas longitudinales, 47 piel de cocodrilo, 6 baches. Rugosidad IRI 10.2 m/km. Contexto: colegio a 431 m, 14 siniestros a 250 m. Prioridad media (58/100).",reconstruccion,programada_6_meses,plantilla,det=detector_cpu;fusion=ensamble10,20260930-2219,,,Daño dominante: piel de cocodrilo; acción según estado muy malo.
340,T2-JA-0066,despliegue,Japan,10,11008692,4.724274,-74.062138,d2g6fsj,150.0,2026-09-11 13:09,sim_pred,41,0,17,5,17.68,100.0,100.0,73.7,69.4,60.2,5.45,44.9,54.8,38.0,71.7,malo,0.443,0.543,3.59,80.29,84.96,14.49,74.43,65.48,58.3,media,4467.0,0,829.0,16,77.5,2.6,33.56,"Segmento de 150 m en estado malo: índice de condición 55/100 (intervalo 90 %: 38–72). Detecciones: 41 grietas longitudinales, 17 piel de cocodrilo, 5 baches. Rugosidad IRI 5.5 m/km. Contexto: hospital a 829 m, 16 siniestros a 250 m. Prioridad media (58/100).",bacheo,programada_6_meses,plantilla,det=detector_cpu;fusion=ensamble10,20260930-2219,,,Daño dominante: baches; acción según estado malo.
341,T1-JA-0081,despliegue,Japan,10,11011170,4.696281,-74.076527,d2g6dqg,115.0,2026-06-26 14:32,sim_pred,10,0,9,7,6.81,100.0,100.0,64.3,84.2,58.8,4.32,55.0,57.4,40.6,74.3,regular,0.448,0.447,3.6,98.78,71.73,17.87,58.19,69.08,58.17,media,3243.0,0,111.0,13,61.1,0.9,43.71,"Segmento de 115 m en estado regular: índice de condición 57/100 (intervalo 90 %: 41–74). Detecciones: 10 grietas longitudinales, 9 piel de cocodrilo, 7 baches. Rugosidad IRI 4.3 m/km. Contexto: hospital a 111 m, 13 siniestros a 250 m. Prioridad media (58/100).",parcheo,programada_6_meses,plantilla,det=detector_cpu;fusion=ensamble10,20260930-2219,,,Daño dominante: piel de cocodrilo; acción según estado regular.
342,TR-JA-0566,test,Japan,10,10005808,4.699199,-74.126608,d2g69pq,100.4,2026-07-28 07:00,sim_gt,17,0,32,7,18.4,100.0,100.0,75.0,80.6,68.2,5.11,47.7,61.1,44.2,77.9,regular,0.515,0.314,2.23,80.29,71.73,68.7,51.18,74.4,58.13,media,391.0,2,777.0,55,54.0,,27.87,"Segmento de 100 m en estado regular: índice de condición 61/100 (intervalo 90 %: 44–78). Detecciones: 17 grietas longitudinales, 32 piel de cocodrilo, 7 baches. Rugosidad IRI 5.1 m/km. Contexto: colegio a 391 m, hospital a 777 m, 55 siniestros a 250 m. Prioridad media (58/100).",parcheo,programada_6_meses,plantilla,det=detector_cpu;fusion=ensamble10,20260930-2219,50.5,malo,Daño dominante: piel de cocodrilo; acción según estado regular.
343,TR-JA-0988,test,Japan,10,14000216,4.614913,-74.07831,d2g6621,87.4,2026-06-20 08:16,sim_gt,77,0,39,0,20.87,100.0,100.0,72.7,80.3,65.8,5.53,44.2,58.3,41.4,75.1,regular,0.473,0.414,2.51,60.61,84.96,64.83,72.19,70.19,58.11,media,4351.0,0,381.0,45,75.6,,29.74,"Segmento de 87 m en estado regular: índice de condición 58/100 (intervalo 90 %: 41–75). Detecciones: 77 grietas longitudinales, 39 piel de cocodrilo. Rugosidad IRI 5.5 m/km. Contexto: hospital a 381 m, 45 siniestros a 250 m. Prioridad media (58/100).",parcheo,programada_6_meses,plantilla,det=detector_cpu;fusion=ensamble10,20260930-2219,41.5,malo,Daño dominante: piel de cocodrilo; acción según estado regular.
344,T2-IN-0096,despliegue,India,10,12001613,4.668451,-74.077956,d2g6d3f,51.4,2026-09-04 10:58,sim_pred,3,0,13,7,11.47,100.0,100.0,79.5,65.6,58.5,8.53,25.8,47.0,30.2,63.8,malo,0.523,0.805,2.16,28.07,84.96,48.44,46.81,53.08,58.02,media,2913.0,0,245.0,37,50.9,1.9,28.52,"Segmento de 51 m en estado malo: índice de condición 47/100 (intervalo 90 %: 30–64). Detecciones: 3 grietas longitudinales, 13 piel de cocodrilo, 7 baches. Rugosidad IRI 8.5 m/km. Contexto: hospital a 245 m, 37 siniestros a 250 m. Prioridad media (58/100).",bacheo,programada_6_meses,plantilla,det=detector_cpu;fusion=ensamble10,20260930-2219,,,Daño dominante: baches; acción según estado malo.
345,T1-IN-0009,despliegue,India,10,16001208,4.618683,-74.094732,d2g63bv,107.4,2026-06-06 15:23,sim_pred,15,0,12,5,8.07,100.0,100.0,86.8,79.3,74.6,5.63,43.5,63.7,46.9,80.6,regular,0.499,0.244,4.45,84.85,71.73,76.44,55.5,78.15,58.02,media,3657.0,0,577.0,60,58.2,0.0,30.75,"Segmento de 107 m en estado regular: índice de condición 64/100 (intervalo 90 %: 47–81). Detecciones: 15 grietas longitudinales, 12 piel de cocodrilo, 5 baches. Rugosidad IRI 5.6 m/km. Contexto: hospital a 577 m, 60 siniestros a 250 m. Prioridad media (58/100).",bacheo,programada_6_meses,plantilla,det=detector_cpu;fusion=ensamble10,20260930-2219,,,Daño dominante: baches; acción según estado regular.
346,T1-JA-0047,despliegue,Japan,10,10008607,4.679648,-74.105511,d2g69ey,80.9,2026-09-17 15:22,sim_pred,44,0,36,5,19.44,100.0,100.0,73.7,81.0,67.0,7.15,33.1,55.1,38.3,72.0,malo,0.44,0.532,3.09,92.61,71.73,12.03,22.57,65.15,57.98,media,324.0,4,335.0,13,36.1,0.0,40.68,"Segmento de 81 m en estado malo: índice de condición 55/100 (intervalo 90 %: 38–72). Detecciones: 44 grietas longitudinales, 36 piel de cocodrilo, 5 baches. Rugosidad IRI 7.2 m/km. Contexto: colegio a 324 m, hospital a 335 m, 13 siniestros a 250 m. Prioridad media (58/100).",rehabilitacion,programada_6_meses,plantilla,det=detector_cpu;fusion=ensamble10,20260930-2219,,,Daño dominante: piel de cocodrilo; acción según estado malo.
347,T2-JA-0031,despliegue,Japan,10,3000667,4.603631,-74.076494,d2g64q5,107.5,2026-08-21 14:08,sim_pred,30,0,12,17,13.17,100.0,100.0,75.2,78.4,67.7,5.1,47.8,60.7,43.9,77.5,regular,0.512,0.326,2.17,62.02,71.73,93.82,73.18,73.36,57.92,media,3788.0,0,477.0,101,76.7,2.8,27.23,"Segmento de 108 m en estado regular: índice de condición 61/100 (intervalo 90 %: 44–78). Detecciones: 30 grietas longitudinales, 12 piel de cocodrilo, 17 baches. Rugosidad IRI 5.1 m/km. Contexto: hospital a 477 m, 101 siniestros a 250 m. Prioridad media (58/100).",parcheo,programada_6_meses,plantilla,det=detector_cpu;fusion=ensamble10,20260930-2219,,,Daño dominante: piel de cocodrilo; acción según estado regular.
348,TR-IN-0085,test,India,10,19001810,4.583627,-74.163281,d2g6067,54.3,2026-08-22 16:53,sim_gt,31,0,25,3,22.91,100.0,100.0,73.7,68.0,58.8,9.38,22.1,45.9,29.1,62.8,malo,0.502,0.825,3.44,1.56,71.73,51.75,6.71,38.66,57.9,media,177.0,6,481.0,26,21.2,11.1,17.09,"Segmento de 54 m en estado malo: índice de condición 46/100 (intervalo 90 %: 29–63). Detecciones: 31 grietas longitudinales, 25 piel de cocodrilo, 3 baches. Rugosidad IRI 9.4 m/km. Contexto: colegio a 177 m, hospital a 481 m, 26 siniestros a 250 m. Prioridad media (58/100).",bacheo,programada_6_meses,plantilla,det=detector_cpu;fusion=ensamble10,20260930-2219,37.6,muy_malo,Daño dominante: baches; acción según estado malo.
349,T2-JA-0049,despliegue,Japan,10,16004196,4.596011,-74.119111,d2g61ks,44.8,2026-06-16 12:16,sim_pred,33,0,49,6,24.85,100.0,100.0,59.9,70.8,49.7,12.21,13.3,37.0,20.1,53.8,muy_malo,0.648,0.963,3.02,52.22,71.73,16.39,58.31,50.09,57.86,media,1611.0,0,1053.0,11,61.2,2.2,25.13,"Segmento de 45 m en estado muy malo: índice de condición 37/100 (intervalo 90 %: 20–54). Detecciones: 33 grietas longitudinales, 49 piel de cocodrilo, 6 baches. Rugosidad IRI 12.2 m/km. Contexto: 11 siniestros a 250 m. Prioridad media (58/100).",reconstruccion,programada_6_meses,plantilla,det=detector_cpu;fusion=ensamble10,20260930-2219,,,Daño dominante: piel de cocodrilo; acción según estado muy malo.
350,T2-IN-0051,despliegue,India,10,4002317,4.560499,-74.094126,d2g3cyn,111.0,2026-06-29 11:00,sim_pred,9,0,5,0,5.61,100.0,100.0,78.1,79.0,70.7,7.27,32.3,57.3,40.4,74.1,regular,0.441,0.454,4.06,74.83,71.73,51.75,32.28,67.97,57.82,media,3383.0,0,182.0,32,41.4,15.3,27.58,"Segmento de 111 m en estado regular: índice de condición 57/100 (intervalo 90 %: 40–74). Detecciones: 9 grietas longitudinales, 5 piel de cocodrilo. Rugosidad IRI 7.3 m/km. Contexto: hospital a 182 m, 32 siniestros a 250 m. Prioridad media (58/100).",parcheo,programada_6_meses,plantilla,det=detector_cpu;fusion=ensamble10,20260930-2219,,,Daño dominante: piel de cocodrilo; acción según estado regular.
351,T1-JA-0079,despliegue,Japan,10,4002330,4.560078,-74.082382,d2g3fnn,73.2,2026-06-13 10:57,sim_pred,18,0,15,2,15.32,99.8,100.0,73.0,80.1,65.9,6.71,35.8,55.4,38.5,72.2,malo,0.435,0.523,2.99,43.88,88.17,36.27,84.18,57.48,57.76,media,4138.0,0,701.0,24,86.7,5.5,37.22,"Segmento de 73 m en estado malo: índice de condición 55/100 (intervalo 90 %: 38–72). Detecciones: 18 grietas longitudinales, 15 piel de cocodrilo, 2 baches. Rugosidad IRI 6.7 m/km. Contexto: hospital a 701 m, 24 siniestros a 250 m. Prioridad media (58/100).",rehabilitacion,programada_6_meses,plantilla,det=detector_cpu;fusion=ensamble10,20260930-2219,,,Daño dominante: piel de cocodrilo; acción según estado malo.
352,TR-IN-0509,test,India,10,3002956,4.607947,-74.066055,d2g64wf,77.2,2026-06-10 12:55,sim_gt,4,0,2,56,6.56,100.0,100.0,80.4,52.7,45.9,6.74,35.6,42.3,25.4,59.1,malo,0.447,0.9,3.26,1.45,71.73,48.44,88.43,37.79,57.76,media,5038.0,0,989.0,41,102.0,0.0,16.99,"Segmento de 77 m en estado malo: índice de condición 42/100 (intervalo 90 %: 25–59). Detecciones: 4 grietas longitudinales, 2 piel de cocodrilo, 56 baches. Rugosidad IRI 6.7 m/km. Contexto: hospital a 989 m, 41 siniestros a 250 m. Prioridad media (58/100).",bacheo,programada_6_meses,plantilla,det=detector_cpu;fusion=ensamble10,20260930-2219,42.9,malo,Daño dominante: baches; acción según estado malo.
353,T1-JA-0084,despliegue,Japan,10,8004448,4.631367,-74.167407,d2g6270,79.3,2026-09-15 10:38,sim_pred,4,0,10,4,11.44,100.0,100.0,69.4,67.2,56.5,3.95,58.8,57.3,40.5,74.1,regular,0.46,0.449,0.95,2.8,84.96,97.69,8.42,55.28,57.73,media,83.0,4,583.0,143,23.1,2.5,25.99,"Segmento de 79 m en estado regular: índice de condición 57/100 (intervalo 90 %: 40–74). Detecciones: 4 grietas longitudinales, 10 piel de cocodrilo, 4 baches. Rugosidad IRI 4.0 m/km. Contexto: colegio a 83 m, hospital a 583 m, 143 siniestros a 250 m. Prioridad media (58/100).",bacheo,programada_6_meses,plantilla,det=detector_cpu;fusion=ensamble10,20260930-2219,,,Daño dominante: baches; acción según estado regular.
354,T2-JA-0101,despliegue,Japan,10,4007926,4.551492,-74.086524,d2g3fhe,41.3,2026-09-18 10:44,sim_pred,38,0,37,3,24.92,100.0,100.0,66.7,75.5,58.1,10.14,19.3,44.5,27.7,61.4,malo,0.48,0.853,3.92,23.2,71.73,56.3,57.4,48.46,57.66,media,4659.0,0,413.0,36,60.4,29.1,24.63,"Segmento de 41 m en estado malo: índice de condición 44/100 (intervalo 90 %: 28–61). Detecciones: 38 grietas longitudinales, 37 piel de cocodrilo, 3 baches. Rugosidad IRI 10.1 m/km. Contexto: hospital a 413 m, 36 siniestros a 250 m. Prioridad media (58/100).",rehabilitacion,programada_6_meses,plantilla,det=detector_cpu;fusion=ensamble10,20260930-2219,,,Daño dominante: piel de cocodrilo; acción según estado malo.
355,TR-IN-0628,test,India,10,19011125,4.541007,-74.143176,d2g3bfd,49.9,2026-08-10 08:14,sim_gt,2,0,8,3,7.88,100.0,100.0,82.6,58.7,52.6,7.86,29.1,44.3,27.5,61.2,malo,0.493,0.868,2.26,43.88,71.73,20.6,16.92,47.8,57.52,media,2341.0,0,539.0,7,29.8,16.0,24.84,"Segmento de 50 m en estado malo: índice de condición 44/100 (intervalo 90 %: 28–61). Detecciones: 2 grietas longitudinales, 8 piel de cocodrilo, 3 baches. Rugosidad IRI 7.9 m/km. Contexto: hospital a 539 m, 7 siniestros a 250 m. Prioridad media (58/100).",bacheo,programada_6_meses,plantilla,det=detector_cpu;fusion=ensamble10,20260930-2219,41.2,malo,Daño dominante: baches; acción según estado malo.
356,TR-IN-0664,test,India,10,11003821,4.74401,-74.123572,d2g6cr8,108.5,2026-06-25 08:54,sim_gt,1,0,6,15,6.71,100.0,100.0,79.5,76.9,69.7,5.12,47.6,62.0,45.2,78.8,regular,0.507,0.29,3.66,85.16,71.73,60.28,94.54,74.24,57.5,media,172.0,5,1513.0,35,127.7,0.0,29.91,"Segmento de 108 m en estado regular: índice de condición 62/100 (intervalo 90 %: 45–79). Detecciones: 1 grietas longitudinales, 6 piel de cocodrilo, 15 baches. Rugosidad IRI 5.1 m/km. Contexto: colegio a 172 m, 35 siniestros a 250 m. Prioridad media (58/100).",bacheo,programada_6_meses,plantilla,det=detector_cpu;fusion=ensamble10,20260930-2219,76.5,satisfactorio,Daño dominante: baches; acción según estado regular.
357,T2-IN-0014,despliegue,India,10,16001385,4.616878,-74.107209,d2g638k,54.2,2026-07-22 13:30,sim_pred,0,0,0,28,1.73,100.0,100.0,92.7,48.3,45.7,8.04,28.2,39.6,22.8,56.4,muy_malo,0.553,0.94,2.72,14.92,71.73,87.67,49.05,52.99,57.44,media,3198.0,0,1545.0,91,51.7,0.0,23.42,Segmento de 54 m en estado muy malo: índice de condición 40/100 (intervalo 90 %: 23–56). Detecciones: 28 baches. Rugosidad IRI 8.0 m/km. Contexto: 91 siniestros a 250 m. Prioridad media (57/100).,rehabilitacion,programada_6_meses,plantilla,det=detector_cpu;fusion=ensamble10,20260930-2219,,,Daño dominante: baches; acción según estado muy malo.
358,T2-IN-0041,despliegue,India,10,9000498,4.689634,-74.147209,d2g68tx,48.8,2026-08-03 09:18,sim_pred,32,0,21,8,10.61,100.0,100.0,75.7,71.2,62.7,8.74,24.8,49.4,32.6,66.3,malo,0.51,0.728,3.61,14.92,71.73,46.4,5.24,42.67,57.4,media,97.0,6,395.0,34,18.9,0.0,23.42,"Segmento de 49 m en estado malo: índice de condición 49/100 (intervalo 90 %: 33–66). Detecciones: 32 grietas longitudinales, 21 piel de cocodrilo, 8 baches. Rugosidad IRI 8.7 m/km. Contexto: colegio a 97 m, hospital a 395 m, 34 siniestros a 250 m. Prioridad media (57/100).",bacheo,programada_6_meses,plantilla,det=detector_cpu;fusion=ensamble10,20260930-2219,,,Daño dominante: baches; acción según estado malo.
359,T2-JA-0080,despliegue,Japan,10,17000366,4.591366,-74.073216,d2g647v,44.9,2026-09-01 11:43,sim_pred,27,0,20,4,16.92,100.0,100.0,70.0,82.8,64.0,7.24,32.5,53.0,36.2,69.8,malo,0.484,0.612,2.71,29.05,71.73,64.83,84.26,52.93,57.38,media,3753.0,0,402.0,42,86.8,0.0,24.71,"Segmento de 45 m en estado malo: índice de condición 53/100 (intervalo 90 %: 36–70). Detecciones: 27 grietas longitudinales, 20 piel de cocodrilo, 4 baches. Rugosidad IRI 7.2 m/km. Contexto: hospital a 402 m, 42 siniestros a 250 m. Prioridad media (57/100).",rehabilitacion,programada_6_meses,plantilla,det=detector_cpu;fusion=ensamble10,20260930-2219,,,Daño dominante: piel de cocodrilo; acción según estado malo.
360,TR-IN-0663,test,India,10,10000952,4.716195,-74.103573,d2g6cdx,54.9,2026-06-16 12:44,sim_gt,3,0,4,10,6.04,100.0,100.0,80.2,70.1,63.1,5.5,44.5,56.6,39.8,73.4,regular,0.436,0.477,2.77,86.3,71.73,24.01,97.5,65.63,57.29,media,840.0,0,28.0,19,158.3,0.0,32.0,"Segmento de 55 m en estado regular: índice de condición 57/100 (intervalo 90 %: 40–73). Detecciones: 3 grietas longitudinales, 4 piel de cocodrilo, 10 baches. Rugosidad IRI 5.5 m/km. Contexto: hospital a 28 m, 19 siniestros a 250 m. Prioridad media (57/100).",bacheo,programada_6_meses,plantilla,det=detector_cpu;fusion=ensamble10,20260930-2219,51.5,malo,Daño dominante: baches; acción según estado regular.
361,T1-JA-0053,despliegue,Japan,10,10004042,4.706056,-74.135926,d2g6bbx,116.6,2026-07-27 11:39,sim_pred,13,0,25,7,12.58,100.0,100.0,70.9,71.1,60.8,6.09,40.0,53.5,36.7,70.4,malo,0.467,0.59,3.52,89.49,71.73,50.04,63.35,73.41,57.24,media,745.0,0,1143.0,28,67.8,0.9,40.53,"Segmento de 117 m en estado malo: índice de condición 54/100 (intervalo 90 %: 37–70). Detecciones: 13 grietas longitudinales, 25 piel de cocodrilo, 7 baches. Rugosidad IRI 6.1 m/km. Contexto: 28 siniestros a 250 m. Prioridad media (57/100).",rehabilitacion,programada_6_meses,plantilla,det=detector_cpu;fusion=ensamble10,20260930-2219,,,Daño dominante: piel de cocodrilo; acción según estado malo.
362,T1-IN-0047,despliegue,India,10,13000852,4.643996,-74.090988,d2g66j2,59.0,2026-07-04 15:46,sim_pred,0,0,12,16,6.03,100.0,100.0,84.9,59.6,54.3,8.66,25.2,44.1,27.3,60.9,malo,0.483,0.868,3.03,14.92,84.96,43.78,64.07,46.65,57.2,media,3868.0,0,621.0,34,68.2,1.7,27.46,"Segmento de 59 m en estado malo: índice de condición 44/100 (intervalo 90 %: 27–61). Detecciones: 12 piel de cocodrilo, 16 baches. Rugosidad IRI 8.7 m/km. Contexto: hospital a 621 m, 34 siniestros a 250 m. Prioridad media (57/100).",bacheo,programada_6_meses,plantilla,det=detector_cpu;fusion=ensamble10,20260930-2219,,,Daño dominante: baches; acción según estado malo.
363,TR-IN-0310,test,India,10,10008300,4.681914,-74.111199,d2g69s3,86.5,2026-07-19 15:47,sim_gt,3,0,8,9,8.47,100.0,100.0,78.5,68.5,60.9,6.42,37.7,52.8,36.0,69.6,malo,0.483,0.618,3.19,14.92,71.73,64.42,47.23,47.17,57.2,media,266.0,1,354.0,66,51.0,0.0,23.42,"Segmento de 86 m en estado malo: índice de condición 53/100 (intervalo 90 %: 36–70). Detecciones: 3 grietas longitudinales, 8 piel de cocodrilo, 9 baches. Rugosidad IRI 6.4 m/km. Contexto: colegio a 266 m, hospital a 354 m, 66 siniestros a 250 m. Prioridad media (57/100).",bacheo,programada_6_meses,plantilla,det=detector_cpu;fusion=ensamble10,20260930-2219,44.0,malo,Daño dominante: baches; acción según estado malo.
364,T1-JA-0072,despliegue,Japan,10,2000973,4.661317,-74.049383,d2g6dbw,89.8,2026-07-03 14:55,sim_pred,15,1,61,2,26.17,100.0,100.0,70.5,78.5,62.9,8.38,26.5,50.2,33.3,67.0,malo,0.502,0.703,3.93,27.09,71.73,79.17,59.67,55.73,57.19,media,6134.0,0,241.0,78,61.8,13.4,25.12,"Segmento de 90 m en estado malo: índice de condición 50/100 (intervalo 90 %: 33–67). Detecciones: 15 grietas longitudinales, 1 grietas transversales, 61 piel de cocodrilo, 2 baches. Rugosidad IRI 8.4 m/km. Contexto: hospital a 241 m, 78 siniestros a 250 m. Prioridad media (57/100).",rehabilitacion,programada_6_meses,plantilla,det=detector_cpu;fusion=ensamble10,20260930-2219,,,Daño dominante: piel de cocodrilo; acción según estado malo.
365,T1-JA-0023,despliegue,Japan,10,8007660,4.6165,-74.147614,d2g628r,74.3,2026-09-10 16:19,sim_pred,28,0,6,2,5.91,100.0,100.0,81.2,89.7,77.6,3.49,63.9,72.8,55.9,89.6,satisfactorio,0.455,0.06,3.56,56.13,100.0,78.53,17.64,77.09,57.17,media,162.0,1,402.0,64,30.3,1.3,47.2,"Segmento de 74 m en estado satisfactorio: índice de condición 73/100 (intervalo 90 %: 56–90). Detecciones: 28 grietas longitudinales, 6 piel de cocodrilo, 2 baches. Rugosidad IRI 3.5 m/km. Contexto: colegio a 162 m, hospital a 402 m, 64 siniestros a 250 m. Prioridad media (57/100).",sellado_de_fisuras,programada_6_meses,plantilla,det=detector_cpu;fusion=ensamble10,20260930-2219,,,Daño dominante: piel de cocodrilo; acción según estado satisfactorio.
366,TR-JA-0105,test,Japan,10,13001265,4.637261,-74.069955,d2g66kp,59.3,2026-09-10 15:37,sim_gt,25,0,69,3,26.64,100.0,100.0,71.6,90.8,68.4,3.76,60.9,65.8,48.9,82.6,regular,0.508,0.18,3.11,64.25,100.0,73.48,49.51,79.07,57.16,media,5764.0,0,277.0,58,52.0,3.4,42.73,"Segmento de 59 m en estado regular: índice de condición 66/100 (intervalo 90 %: 49–83). Detecciones: 25 grietas longitudinales, 69 piel de cocodrilo, 3 baches. Rugosidad IRI 3.8 m/km. Contexto: hospital a 277 m, 58 siniestros a 250 m. Prioridad media (57/100).",parcheo,programada_6_meses,plantilla,det=detector_cpu;fusion=ensamble10,20260930-2219,47.1,malo,Daño dominante: piel de cocodrilo; acción según estado regular.
367,T2-JA-0107,despliegue,Japan,10,11006285,4.734575,-74.101862,d2g6cvb,60.5,2026-06-01 12:23,sim_pred,17,0,32,5,14.59,100.0,100.0,75.4,67.3,58.7,6.51,37.1,51.1,34.3,68.0,malo,0.488,0.669,4.43,52.22,71.73,64.42,94.88,62.09,57.16,media,388.0,1,1169.0,45,128.9,0.0,25.13,"Segmento de 60 m en estado malo: índice de condición 51/100 (intervalo 90 %: 34–68). Detecciones: 17 grietas longitudinales, 32 piel de cocodrilo, 5 baches. Rugosidad IRI 6.5 m/km. Contexto: colegio a 388 m, 45 siniestros a 250 m. Prioridad media (57/100).",bacheo,programada_6_meses,plantilla,det=detector_cpu;fusion=ensamble10,20260930-2219,,,Daño dominante: baches; acción según estado malo.
368,TR-JA-0838,test,Japan,10,8009900,4.608156,-74.134363,d2g61nc,62.6,2026-07-18 12:56,sim_gt,35,0,35,11,28.26,100.0,100.0,72.1,81.8,65.8,5.75,42.5,57.6,40.8,74.5,regular,0.455,0.439,3.25,87.15,84.96,8.5,24.47,66.72,57.11,media,1762.0,0,427.0,9,37.7,,42.89,"Segmento de 63 m en estado regular: índice de condición 58/100 (intervalo 90 %: 41–74). Detecciones: 35 grietas longitudinales, 35 piel de cocodrilo, 11 baches. Rugosidad IRI 5.8 m/km. Contexto: hospital a 427 m, 9 siniestros a 250 m. Prioridad media (57/100).",parcheo,programada_6_meses,plantilla,det=detector_cpu;fusion=ensamble10,20260930-2219,50.7,malo,Daño dominante: piel de cocodrilo; acción según estado regular.
369,T1-IN-0074,despliegue,India,10,4002295,4.560488,-74.090605,d2g3fn0,50.8,2026-08-13 13:04,sim_pred,0,0,0,11,0.61,100.0,100.0,88.8,69.1,65.2,5.76,42.4,57.2,40.4,74.1,regular,0.447,0.455,3.12,26.92,100.0,80.84,59.98,65.98,57.06,media,3566.0,0,237.0,58,62.7,0.0,46.13,"Segmento de 51 m en estado regular: índice de condición 57/100 (intervalo 90 %: 40–74). Detecciones: 11 baches. Rugosidad IRI 5.8 m/km. Contexto: hospital a 237 m, 58 siniestros a 250 m. Prioridad media (57/100).",bacheo,programada_6_meses,plantilla,det=detector_cpu;fusion=ensamble10,20260930-2219,,,Daño dominante: baches; acción según estado regular.
370,TR-JA-0989,test,Japan,10,11002340,4.748618,-74.100775,d2g71b3,72.4,2026-07-13 11:47,sim_gt,16,0,4,11,8.26,100.0,100.0,74.2,81.1,67.6,4.84,50.1,61.5,44.6,78.3,regular,0.506,0.306,3.47,43.88,71.73,68.7,87.18,59.83,57.05,media,159.0,1,588.0,41,98.2,,24.84,"Segmento de 72 m en estado regular: índice de condición 62/100 (intervalo 90 %: 45–78). Detecciones: 16 grietas longitudinales, 4 piel de cocodrilo, 11 baches. Rugosidad IRI 4.8 m/km. Contexto: colegio a 159 m, hospital a 588 m, 41 siniestros a 250 m. Prioridad media (57/100).",parcheo,programada_6_meses,plantilla,det=detector_cpu;fusion=ensamble10,20260930-2219,44.9,malo,Daño dominante: piel de cocodrilo; acción según estado regular.
371,TR-IN-0625,test,India,10,10011686,4.695218,-74.122301,d2g69q9,100.9,2026-09-01 14:55,sim_gt,2,0,0,11,0.98,100.0,100.0,98.0,69.1,68.4,4.42,54.1,63.4,46.5,80.2,regular,0.514,0.247,3.42,83.78,71.73,65.67,46.24,75.03,57.0,media,541.0,0,187.0,48,50.6,2.0,28.62,"Segmento de 101 m en estado regular: índice de condición 63/100 (intervalo 90 %: 46–80). Detecciones: 2 grietas longitudinales, 11 baches. Rugosidad IRI 4.4 m/km. Contexto: hospital a 187 m, 48 siniestros a 250 m. Prioridad media (57/100).",bacheo,programada_6_meses,plantilla,det=detector_cpu;fusion=ensamble10,20260930-2219,73.6,satisfactorio,Daño dominante: baches; acción según estado regular.
372,T2-JA-0112,despliegue,Japan,10,19005142,4.56905,-74.160773,d2g3brv,76.3,2026-06-11 07:32,sim_pred,8,0,14,1,11.07,100.0,100.0,60.7,70.2,50.3,5.8,42.2,47.4,30.6,64.3,malo,0.515,0.789,3.18,43.88,71.73,33.27,61.53,50.97,56.93,media,665.0,0,437.0,18,64.9,3.9,24.84,"Segmento de 76 m en estado malo: índice de condición 47/100 (intervalo 90 %: 31–64). Detecciones: 8 grietas longitudinales, 14 piel de cocodrilo, 1 baches. Rugosidad IRI 5.8 m/km. Contexto: hospital a 437 m, 18 siniestros a 250 m. Prioridad media (57/100).",rehabilitacion,programada_6_meses,plantilla,det=detector_cpu;fusion=ensamble10,20260930-2219,,,Daño dominante: piel de cocodrilo; acción según estado malo.
373,TR-JA-0987,test,Japan,10,18003307,4.565793,-74.113046,d2g3cx0,64.6,2026-07-17 15:13,sim_gt,31,0,35,9,15.73,100.0,100.0,81.4,59.6,53.1,5.2,47.0,50.9,34.1,67.8,malo,0.498,0.679,3.82,68.17,71.73,14.49,23.48,56.0,56.84,media,2574.0,0,730.0,10,36.9,,26.74,"Segmento de 65 m en estado malo: índice de condición 51/100 (intervalo 90 %: 34–68). Detecciones: 31 grietas longitudinales, 35 piel de cocodrilo, 9 baches. Rugosidad IRI 5.2 m/km. Contexto: hospital a 730 m, 10 siniestros a 250 m. Prioridad media (57/100).",bacheo,programada_6_meses,plantilla,det=detector_cpu;fusion=ensamble10,20260930-2219,47.5,malo,Daño dominante: baches; acción según estado malo.
374,TR-JA-0986,test,Japan,10,3001506,4.585491,-74.068853,d2g64db,77.8,2026-09-16 15:19,sim_gt,40,0,58,5,27.45,100.0,100.0,60.7,80.2,53.7,4.96,49.0,52.1,35.3,68.9,malo,0.483,0.639,4.04,61.96,84.96,12.71,61.8,57.7,56.83,media,4230.0,0,199.0,9,65.1,,31.14,"Segmento de 78 m en estado malo: índice de condición 52/100 (intervalo 90 %: 35–69). Detecciones: 40 grietas longitudinales, 58 piel de cocodrilo, 5 baches. Rugosidad IRI 5.0 m/km. Contexto: hospital a 199 m, 9 siniestros a 250 m. Prioridad media (57/100).",rehabilitacion,programada_6_meses,plantilla,det=detector_cpu;fusion=ensamble10,20260930-2219,43.6,malo,Daño dominante: piel de cocodrilo; acción según estado malo.
375,T2-JA-0092,despliegue,Japan,10,8006780,4.620746,-74.137233,d2g62cn,61.8,2026-08-23 07:40,sim_pred,9,0,20,0,10.52,100.0,100.0,74.7,67.8,58.9,7.24,32.5,49.7,32.9,66.5,malo,0.501,0.716,4.21,14.92,100.0,52.31,11.31,54.05,56.8,media,1166.0,0,451.0,41,25.7,1.6,40.54,"Segmento de 62 m en estado malo: índice de condición 50/100 (intervalo 90 %: 33–66). Detecciones: 9 grietas longitudinales, 20 piel de cocodrilo. Rugosidad IRI 7.2 m/km. Contexto: hospital a 451 m, 41 siniestros a 250 m. Prioridad media (57/100).",bacheo,programada_6_meses,plantilla,det=detector_cpu;fusion=ensamble10,20260930-2219,,,Daño dominante: baches; acción según estado malo.
376,TR-JA-0170,test,Japan,10,19010503,4.544321,-74.143058,d2g3bg6,68.0,2026-08-03 09:21,sim_gt,17,0,48,3,22.6,100.0,100.0,64.6,78.8,57.2,6.43,37.7,50.4,33.5,67.2,malo,0.504,0.699,3.67,43.88,71.73,49.24,18.66,54.96,56.77,media,2284.0,0,336.0,22,31.4,4.4,24.84,"Segmento de 68 m en estado malo: índice de condición 50/100 (intervalo 90 %: 34–67). Detecciones: 17 grietas longitudinales, 48 piel de cocodrilo, 3 baches. Rugosidad IRI 6.4 m/km. Contexto: hospital a 336 m, 22 siniestros a 250 m. Prioridad media (57/100).",rehabilitacion,programada_6_meses,plantilla,det=detector_cpu;fusion=ensamble10,20260930-2219,44.8,malo,Daño dominante: piel de cocodrilo; acción según estado malo.
377,T2-IN-0004,despliegue,India,10,11010530,4.706332,-74.062033,d2g6f8v,66.9,2026-08-23 13:06,sim_pred,7,0,20,8,20.52,100.0,100.0,71.0,62.4,52.2,11.57,14.9,39.2,22.3,56.0,muy_malo,0.566,0.936,4.19,14.92,84.96,9.83,68.29,38.16,56.76,media,4804.0,0,828.0,9,71.5,0.0,27.46,"Segmento de 67 m en estado muy malo: índice de condición 39/100 (intervalo 90 %: 22–56). Detecciones: 7 grietas longitudinales, 20 piel de cocodrilo, 8 baches. Rugosidad IRI 11.6 m/km. Contexto: hospital a 828 m, 9 siniestros a 250 m. Prioridad media (57/100).",rehabilitacion,programada_6_meses,plantilla,det=detector_cpu;fusion=ensamble10,20260930-2219,,,Daño dominante: baches; acción según estado muy malo.
378,T2-IN-0071,despliegue,India,10,9000090,4.696711,-74.169409,d2g68pp,81.1,2026-07-20 16:56,sim_pred,0,0,0,13,1.02,100.0,100.0,88.8,65.0,61.0,4.9,49.5,57.0,40.2,73.8,regular,0.442,0.463,3.25,43.88,71.73,89.04,12.9,64.91,56.76,media,151.0,3,1663.0,88,28.1,0.0,24.84,"Segmento de 81 m en estado regular: índice de condición 57/100 (intervalo 90 %: 40–74). Detecciones: 13 baches. Rugosidad IRI 4.9 m/km. Contexto: colegio a 151 m, 88 siniestros a 250 m. Prioridad media (57/100).",bacheo,programada_6_meses,plantilla,det=detector_cpu;fusion=ensamble10,20260930-2219,,,Daño dominante: baches; acción según estado regular.
379,TR-IN-0712,test,India,10,15001448,4.593827,-74.107747,d2g61sk,42.7,2026-09-19 11:34,sim_gt,0,0,0,9,0.6,100.0,100.0,89.2,58.3,54.5,8.68,25.1,44.2,27.4,61.1,malo,0.48,0.862,3.53,22.69,71.73,45.45,20.18,45.54,56.67,media,641.0,0,517.0,29,33.3,0.0,23.99,"Segmento de 43 m en estado malo: índice de condición 44/100 (intervalo 90 %: 27–61). Detecciones: 9 baches. Rugosidad IRI 8.7 m/km. Contexto: hospital a 517 m, 29 siniestros a 250 m. Prioridad media (57/100).",bacheo,programada_6_meses,plantilla,det=detector_cpu;fusion=ensamble10,20260930-2219,34.6,muy_malo,Daño dominante: baches; acción según estado malo.
380,TR-JA-0319,test,Japan,10,8013907,4.64982,-74.16084,d2g62qm,137.5,2026-07-08 08:34,sim_gt,20,0,12,4,7.44,100.0,100.0,71.2,84.1,65.6,4.64,51.9,60.8,44.0,77.6,regular,0.51,0.324,2.52,66.76,100.0,34.64,39.11,70.36,56.67,media,406.0,1,765.0,17,45.2,0.7,42.87,"Segmento de 138 m en estado regular: índice de condición 61/100 (intervalo 90 %: 44–78). Detecciones: 20 grietas longitudinales, 12 piel de cocodrilo, 4 baches. Rugosidad IRI 4.6 m/km. Contexto: colegio a 406 m, hospital a 765 m, 17 siniestros a 250 m. Prioridad media (57/100).",parcheo,programada_6_meses,plantilla,det=detector_cpu;fusion=ensamble10,20260930-2219,52.2,malo,Daño dominante: piel de cocodrilo; acción según estado regular.
381,T2-IN-0098,despliegue,India,10,19000663,4.591297,-74.179768,d2g4pgz,56.3,2026-09-10 16:29,sim_pred,1,0,0,1,0.3,100.0,100.0,89.5,77.8,74.1,6.5,37.2,61.2,44.4,78.0,regular,0.505,0.314,3.39,58.9,71.73,39.04,9.83,58.42,56.65,media,110.0,12,23.0,21,24.1,0.0,25.59,"Segmento de 56 m en estado regular: índice de condición 61/100 (intervalo 90 %: 44–78). Detecciones: 1 grietas longitudinales, 1 baches. Rugosidad IRI 6.5 m/km. Contexto: colegio a 110 m, hospital a 23 m, 21 siniestros a 250 m. Prioridad media (57/100).",bacheo,programada_6_meses,plantilla,det=detector_cpu;fusion=ensamble10,20260930-2219,,,Daño dominante: baches; acción según estado regular.
382,T1-IN-0039,despliegue,India,10,1003543,4.72545,-74.028779,d2g6gkj,116.1,2026-08-24 10:27,sim_pred,0,0,24,0,12.52,100.0,100.0,82.5,72.0,65.9,7.1,33.4,54.5,37.7,71.3,malo,0.453,0.556,3.15,66.76,71.73,5.99,91.62,53.3,56.62,media,7965.0,0,981.0,7,115.3,2.6,27.21,"Segmento de 116 m en estado malo: índice de condición 54/100 (intervalo 90 %: 38–71). Detecciones: 24 piel de cocodrilo. Rugosidad IRI 7.1 m/km. Contexto: hospital a 981 m, 7 siniestros a 250 m. Prioridad media (57/100).",bacheo,programada_6_meses,plantilla,det=detector_cpu;fusion=ensamble10,20260930-2219,,,Daño dominante: baches; acción según estado malo.
383,T1-IN-0070,despliegue,India,10,18002121,4.573252,-74.100922,d2g61b9,54.1,2026-06-22 15:00,sim_pred,4,0,4,14,2.76,100.0,100.0,93.7,62.7,60.5,7.68,30.1,49.8,33.0,66.7,malo,0.527,0.724,1.87,14.92,84.96,72.34,46.59,53.79,56.61,media,1782.0,0,718.0,49,50.8,5.5,27.46,"Segmento de 54 m en estado malo: índice de condición 50/100 (intervalo 90 %: 33–67). Detecciones: 4 grietas longitudinales, 4 piel de cocodrilo, 14 baches. Rugosidad IRI 7.7 m/km. Contexto: hospital a 718 m, 49 siniestros a 250 m. Prioridad media (57/100).",bacheo,programada_6_meses,plantilla,det=detector_cpu;fusion=ensamble10,20260930-2219,,,Daño dominante: baches; acción según estado malo.
384,TR-JA-0730,test,Japan,10,13000483,4.648106,-74.070988,d2g66qp,117.4,2026-06-29 12:23,sim_gt,31,0,27,4,17.55,100.0,100.0,57.3,71.7,47.4,4.88,49.8,48.2,31.4,65.1,malo,0.52,0.768,2.92,53.13,71.73,19.69,55.01,51.28,56.58,media,4836.0,0,412.0,18,57.9,,25.34,"Segmento de 117 m en estado malo: índice de condición 48/100 (intervalo 90 %: 31–65). Detecciones: 31 grietas longitudinales, 27 piel de cocodrilo, 4 baches. Rugosidad IRI 4.9 m/km. Contexto: hospital a 412 m, 18 siniestros a 250 m. Prioridad media (57/100).",rehabilitacion,programada_6_meses,plantilla,det=detector_cpu;fusion=ensamble10,20260930-2219,39.7,muy_malo,Daño dominante: piel de cocodrilo; acción según estado malo.
385,T1-CZ-0033,despliegue,Czech,10,10005469,4.70113,-74.110985,d2g69xf,150.0,2026-09-14 14:51,sim_pred,34,0,1,7,2.32,100.0,100.0,97.7,83.3,82.5,4.06,57.6,73.8,57.0,90.6,satisfactorio,0.48,0.046,2.81,98.78,71.73,50.04,46.43,77.13,56.57,media,186.0,2,526.0,43,50.8,0.5,43.71,"Segmento de 150 m en estado satisfactorio: índice de condición 74/100 (intervalo 90 %: 57–91). Detecciones: 34 grietas longitudinales, 1 piel de cocodrilo, 7 baches. Rugosidad IRI 4.1 m/km. Contexto: colegio a 186 m, hospital a 526 m, 43 siniestros a 250 m. Prioridad media (57/100).",sellado_de_fisuras,programada_6_meses,plantilla,det=detector_cpu;fusion=ensamble10,20260930-2219,,,Daño dominante: baches; acción según estado satisfactorio.
386,TR-IN-0104,test,India,10,10004805,4.70319,-74.113272,d2g6c80,41.2,2026-07-02 08:37,sim_gt,0,0,0,7,0.31,100.0,100.0,85.2,69.6,64.4,5.82,42.0,56.6,39.7,73.4,regular,0.429,0.479,3.76,52.22,71.73,70.07,90.74,63.51,56.46,media,495.0,1,299.0,60,111.9,0.0,25.89,"Segmento de 41 m en estado regular: índice de condición 57/100 (intervalo 90 %: 40–73). Detecciones: 7 baches. Rugosidad IRI 5.8 m/km. Contexto: colegio a 495 m, hospital a 299 m, 60 siniestros a 250 m. Prioridad media (56/100).",bacheo,programada_6_meses,plantilla,det=detector_cpu;fusion=ensamble10,20260930-2219,35.7,muy_malo,Daño dominante: baches; acción según estado regular.
387,TR-JA-0503,test,Japan,10,19009109,4.549597,-74.14183,d2g3bu5,44.5,2026-08-28 11:55,sim_gt,28,0,25,7,16.41,100.0,100.0,67.2,78.3,59.6,5.37,45.6,54.7,37.9,71.5,malo,0.455,0.55,2.07,25.98,100.0,61.15,34.56,60.68,56.45,media,2157.0,0,201.0,30,43.1,,40.56,"Segmento de 44 m en estado malo: índice de condición 55/100 (intervalo 90 %: 38–72). Detecciones: 28 grietas longitudinales, 25 piel de cocodrilo, 7 baches. Rugosidad IRI 5.4 m/km. Contexto: hospital a 201 m, 30 siniestros a 250 m. Prioridad media (56/100).",rehabilitacion,programada_6_meses,plantilla,det=detector_cpu;fusion=ensamble10,20260930-2219,52.0,malo,Daño dominante: piel de cocodrilo; acción según estado malo.
388,T2-IN-0015,despliegue,India,10,11003338,4.745293,-74.101978,d2g6czb,60.7,2026-07-09 15:59,sim_pred,2,0,8,18,7.26,100.0,100.0,89.0,62.8,58.9,6.54,36.9,51.2,34.4,68.0,malo,0.502,0.673,3.26,52.22,71.73,7.66,86.08,47.91,56.44,media,304.0,3,568.0,8,94.5,0.0,25.13,"Segmento de 61 m en estado malo: índice de condición 51/100 (intervalo 90 %: 34–68). Detecciones: 2 grietas longitudinales, 8 piel de cocodrilo, 18 baches. Rugosidad IRI 6.5 m/km. Contexto: colegio a 304 m, hospital a 568 m, 8 siniestros a 250 m. Prioridad media (56/100).",bacheo,programada_6_meses,plantilla,det=detector_cpu;fusion=ensamble10,20260930-2219,,,Daño dominante: baches; acción según estado malo.
389,T2-JA-0097,despliegue,Japan,10,5004204,4.502872,-74.104515,d2g39ew,148.0,2026-07-12 11:37,sim_pred,12,0,29,7,19.03,100.0,100.0,71.0,65.4,55.3,5.98,40.8,50.2,33.4,67.1,malo,0.518,0.708,2.63,26.66,71.73,42.45,78.76,46.38,56.42,media,7622.0,0,338.0,24,80.6,4.1,24.86,"Segmento de 148 m en estado malo: índice de condición 50/100 (intervalo 90 %: 33–67). Detecciones: 12 grietas longitudinales, 29 piel de cocodrilo, 7 baches. Rugosidad IRI 6.0 m/km. Contexto: hospital a 338 m, 24 siniestros a 250 m. Prioridad media (56/100).",bacheo,programada_6_meses,plantilla,det=detector_cpu;fusion=ensamble10,20260930-2219,,,Daño dominante: baches; acción según estado malo.
390,T2-JA-0062,despliegue,Japan,10,18001994,4.574246,-74.102409,d2g61b8,126.9,2026-07-29 07:33,sim_pred,45,0,23,0,13.63,100.0,100.0,80.9,90.5,77.6,4.85,50.0,67.9,51.1,84.8,regular,0.482,0.131,3.06,86.3,71.73,82.93,27.85,80.36,56.39,media,1622.0,0,778.0,65,39.1,0.8,36.64,"Segmento de 127 m en estado regular: índice de condición 68/100 (intervalo 90 %: 51–85). Detecciones: 45 grietas longitudinales, 23 piel de cocodrilo. Rugosidad IRI 4.8 m/km. Contexto: hospital a 778 m, 65 siniestros a 250 m. Prioridad media (56/100).",parcheo,programada_6_meses,plantilla,det=detector_cpu;fusion=ensamble10,20260930-2219,,,Daño dominante: piel de cocodrilo; acción según estado regular.
391,T1-IN-0050,despliegue,India,10,8001981,4.641504,-74.176296,d2g62hf,76.5,2026-08-30 15:56,sim_pred,4,0,46,7,20.32,100.0,100.0,73.2,68.9,59.5,8.23,27.2,48.2,31.4,65.0,malo,0.504,0.761,4.16,43.88,71.73,31.71,15.33,50.58,56.32,media,381.0,2,509.0,20,29.2,0.0,24.84,"Segmento de 76 m en estado malo: índice de condición 48/100 (intervalo 90 %: 31–65). Detecciones: 4 grietas longitudinales, 46 piel de cocodrilo, 7 baches. Rugosidad IRI 8.2 m/km. Contexto: colegio a 381 m, hospital a 509 m, 20 siniestros a 250 m. Prioridad media (56/100).",bacheo,programada_6_meses,plantilla,det=detector_cpu;fusion=ensamble10,20260930-2219,,,Daño dominante: baches; acción según estado malo.
392,TR-IN-0627,test,India,10,18001353,4.57801,-74.115882,d2g613q,76.0,2026-06-09 16:08,sim_gt,22,0,8,6,4.32,100.0,100.0,87.5,67.4,63.0,4.55,52.8,59.4,42.6,76.2,regular,0.488,0.374,2.95,52.22,71.73,84.33,61.91,67.07,56.18,media,1500.0,0,786.0,74,65.1,1.3,25.13,"Segmento de 76 m en estado regular: índice de condición 59/100 (intervalo 90 %: 43–76). Detecciones: 22 grietas longitudinales, 8 piel de cocodrilo, 6 baches. Rugosidad IRI 4.5 m/km. Contexto: hospital a 786 m, 74 siniestros a 250 m. Prioridad media (56/100).",bacheo,programada_6_meses,plantilla,det=detector_cpu;fusion=ensamble10,20260930-2219,62.7,regular,Daño dominante: baches; acción según estado regular.
393,T1-JA-0088,despliegue,Japan,10,2000883,4.663985,-74.045975,d2g6e11,142.1,2026-07-14 11:27,sim_pred,14,0,30,10,17.39,100.0,100.0,69.0,76.2,60.6,5.78,42.3,54.2,37.4,71.1,malo,0.466,0.568,2.06,14.92,71.73,80.84,88.09,51.28,55.98,media,6397.0,0,252.0,96,100.1,7.7,24.12,"Segmento de 142 m en estado malo: índice de condición 54/100 (intervalo 90 %: 37–71). Detecciones: 14 grietas longitudinales, 30 piel de cocodrilo, 10 baches. Rugosidad IRI 5.8 m/km. Contexto: hospital a 252 m, 96 siniestros a 250 m. Prioridad media (56/100).",rehabilitacion,programada_6_meses,plantilla,det=detector_cpu;fusion=ensamble10,20260930-2219,,,Daño dominante: piel de cocodrilo; acción según estado malo.
394,TR-IN-0635,test,India,10,19000581,4.591631,-74.174223,d2g605g,53.0,2026-07-23 11:13,sim_gt,5,0,0,22,1.42,100.0,100.0,87.2,68.4,64.0,4.43,53.9,60.5,43.6,77.3,regular,0.513,0.333,1.64,43.88,71.73,51.75,6.64,55.59,55.97,media,66.0,8,603.0,27,21.0,3.8,24.84,"Segmento de 53 m en estado regular: índice de condición 60/100 (intervalo 90 %: 44–77). Detecciones: 5 grietas longitudinales, 22 baches. Rugosidad IRI 4.4 m/km. Contexto: colegio a 66 m, hospital a 603 m, 27 siniestros a 250 m. Prioridad media (56/100).",bacheo,programada_6_meses,plantilla,det=detector_cpu;fusion=ensamble10,20260930-2219,84.6,satisfactorio,Daño dominante: baches; acción según estado regular.
395,T2-JA-0013,despliegue,Japan,10,4005168,4.542612,-74.091953,d2g3cfz,68.4,2026-07-09 13:23,sim_pred,8,0,50,3,28.89,100.0,100.0,65.2,74.1,56.1,10.76,17.3,42.5,25.7,59.4,malo,0.445,0.89,4.08,25.98,71.73,22.27,23.14,41.06,55.91,media,5326.0,0,816.0,13,36.6,4.4,24.14,"Segmento de 68 m en estado malo: índice de condición 42/100 (intervalo 90 %: 26–59). Detecciones: 8 grietas longitudinales, 50 piel de cocodrilo, 3 baches. Rugosidad IRI 10.8 m/km. Contexto: hospital a 816 m, 13 siniestros a 250 m. Prioridad media (56/100).",rehabilitacion,programada_6_meses,plantilla,det=detector_cpu;fusion=ensamble10,20260930-2219,,,Daño dominante: piel de cocodrilo; acción según estado malo.
396,T2-IN-0043,despliegue,India,10,7001875,4.624998,-74.192809,d2g4r9y,102.1,2026-07-05 12:10,sim_pred,0,0,6,2,8.32,100.0,100.0,93.6,83.8,81.5,3.39,65.0,75.7,58.9,92.6,satisfactorio,0.489,0.037,4.27,83.6,71.73,79.17,66.96,78.34,55.89,media,153.0,5,189.0,59,70.5,2.0,28.5,"Segmento de 102 m en estado satisfactorio: índice de condición 76/100 (intervalo 90 %: 59–93). Detecciones: 6 piel de cocodrilo, 2 baches. Rugosidad IRI 3.4 m/km. Contexto: colegio a 153 m, hospital a 189 m, 59 siniestros a 250 m. Prioridad media (56/100).",sellado_de_fisuras,programada_6_meses,plantilla,det=detector_cpu;fusion=ensamble10,20260930-2219,,,Daño dominante: baches; acción según estado satisfactorio.
397,TR-JA-0348,test,Japan,10,1004431,4.704916,-74.051168,d2g6fbt,117.5,2026-08-14 10:54,sim_gt,35,0,35,7,26.98,100.0,100.0,70.3,93.3,67.9,3.97,58.6,64.6,47.8,81.5,regular,0.523,0.205,2.37,70.35,84.96,65.21,62.52,74.18,55.88,media,6016.0,0,91.0,66,65.9,0.0,43.25,"Segmento de 118 m en estado regular: índice de condición 65/100 (intervalo 90 %: 48–82). Detecciones: 35 grietas longitudinales, 35 piel de cocodrilo, 7 baches. Rugosidad IRI 4.0 m/km. Contexto: hospital a 91 m, 66 siniestros a 250 m. Prioridad media (56/100).",parcheo,programada_6_meses,plantilla,det=detector_cpu;fusion=ensamble10,20260930-2219,46.9,malo,Daño dominante: piel de cocodrilo; acción según estado regular.
398,TR-IN-0626,test,India,10,11004877,4.740705,-74.09652,d2g6czh,49.4,2026-08-27 07:28,sim_gt,14,0,20,4,8.45,100.0,100.0,98.4,88.3,87.8,3.23,66.9,80.5,63.6,97.3,satisfactorio,0.482,0.016,5.16,98.78,71.73,82.93,70.68,85.35,55.85,media,287.0,1,462.0,75,73.8,2.0,43.71,"Segmento de 49 m en estado satisfactorio: índice de condición 80/100 (intervalo 90 %: 64–97). Detecciones: 14 grietas longitudinales, 20 piel de cocodrilo, 4 baches. Rugosidad IRI 3.2 m/km. Contexto: colegio a 287 m, hospital a 462 m, 75 siniestros a 250 m. Prioridad media (56/100).",sellado_de_fisuras,programada_6_meses,plantilla,det=detector_cpu;fusion=ensamble10,20260930-2219,84.1,satisfactorio,Daño dominante: baches; acción según estado satisfactorio.
399,T1-JA-0041,despliegue,Japan,10,14001008,4.601067,-74.084871,d2g64jt,108.1,2026-07-15 11:24,sim_pred,64,1,33,17,25.27,100.0,100.0,66.5,71.1,56.4,8.28,27.0,46.1,29.3,62.9,malo,0.494,0.816,4.16,3.02,71.73,49.24,81.34,38.62,55.8,media,2837.0,0,302.0,38,81.5,2.8,22.82,"Segmento de 108 m en estado malo: índice de condición 46/100 (intervalo 90 %: 29–63). Detecciones: 64 grietas longitudinales, 1 grietas transversales, 33 piel de cocodrilo, 17 baches. Rugosidad IRI 8.3 m/km. Contexto: hospital a 302 m, 38 siniestros a 250 m. Prioridad media (56/100).",rehabilitacion,programada_6_meses,plantilla,det=detector_cpu;fusion=ensamble10,20260930-2219,,,Daño dominante: piel de cocodrilo; acción según estado malo.
400,TR-JA-0662,test,Japan,10,17000368,4.591392,-74.076722,d2g647f,56.7,2026-08-14 10:20,sim_gt,24,0,27,9,12.73,100.0,100.0,83.6,91.9,80.8,3.35,65.5,75.4,58.6,92.3,satisfactorio,0.507,0.032,2.37,99.63,88.17,77.43,66.01,90.07,55.77,media,3367.0,0,609.0,56,69.8,14.1,57.38,"Segmento de 57 m en estado satisfactorio: índice de condición 75/100 (intervalo 90 %: 59–92). Detecciones: 24 grietas longitudinales, 27 piel de cocodrilo, 9 baches. Rugosidad IRI 3.4 m/km. Contexto: hospital a 609 m, 56 siniestros a 250 m. Prioridad media (56/100).",sellado_de_fisuras,programada_6_meses,plantilla,det=detector_cpu;fusion=ensamble10,20260930-2219,70.9,regular,Daño dominante: piel de cocodrilo; acción según estado satisfactorio.
401,T2-JA-0117,despliegue,Japan,10,19012319,4.533285,-74.148895,d2g3b9q,99.1,2026-07-12 11:03,sim_pred,44,0,32,2,19.87,100.0,100.0,66.9,76.0,58.5,7.12,33.2,49.6,32.8,66.5,malo,0.515,0.724,3.17,52.22,84.96,2.62,26.97,51.28,55.73,media,1922.0,0,562.0,3,38.8,24.2,29.17,"Segmento de 99 m en estado malo: índice de condición 50/100 (intervalo 90 %: 33–66). Detecciones: 44 grietas longitudinales, 32 piel de cocodrilo, 2 baches. Rugosidad IRI 7.1 m/km. Contexto: hospital a 562 m, 3 siniestros a 250 m. Prioridad media (56/100).",rehabilitacion,programada_6_meses,plantilla,det=detector_cpu;fusion=ensamble10,20260930-2219,,,Daño dominante: piel de cocodrilo; acción según estado malo.
402,T1-JA-0046,despliegue,Japan,10,11011240,4.695098,-74.069714,d2g6dw8,76.3,2026-06-08 16:39,sim_pred,8,0,2,5,3.47,97.5,100.0,67.1,82.6,60.2,3.8,60.5,60.3,43.4,77.1,regular,0.497,0.345,3.26,89.21,71.73,25.64,69.61,67.2,55.72,media,3844.0,0,338.0,27,72.3,0.0,41.01,"Segmento de 76 m en estado regular: índice de condición 60/100 (intervalo 90 %: 43–77). Detecciones: 8 grietas longitudinales, 2 piel de cocodrilo, 5 baches. Rugosidad IRI 3.8 m/km. Contexto: hospital a 338 m, 27 siniestros a 250 m. Prioridad media (56/100).",parcheo,programada_6_meses,plantilla,det=detector_cpu;fusion=ensamble10,20260930-2219,,,Daño dominante: piel de cocodrilo; acción según estado regular.
403,T2-JA-0027,despliegue,Japan,10,19009061,4.549905,-74.144499,d2g3bu3,79.6,2026-07-16 08:11,sim_pred,12,0,7,7,7.31,100.0,100.0,71.4,88.4,67.3,3.94,58.9,64.4,47.6,81.2,regular,0.527,0.21,2.08,92.61,71.73,44.8,24.36,73.35,55.7,media,2011.0,0,309.0,24,37.6,5.0,40.68,"Segmento de 80 m en estado regular: índice de condición 64/100 (intervalo 90 %: 48–81). Detecciones: 12 grietas longitudinales, 7 piel de cocodrilo, 7 baches. Rugosidad IRI 3.9 m/km. Contexto: hospital a 309 m, 24 siniestros a 250 m. Prioridad media (56/100).",parcheo,programada_6_meses,plantilla,det=detector_cpu;fusion=ensamble10,20260930-2219,,,Daño dominante: piel de cocodrilo; acción según estado regular.
404,T2-CZ-0004,despliegue,Czech,10,6001399,4.565259,-74.130562,d2g3cp5,68.4,2026-07-04 15:41,sim_pred,50,1,10,5,8.11,100.0,100.0,87.7,84.9,80.6,5.01,48.6,69.4,52.5,86.2,regular,0.443,0.115,4.46,75.44,100.0,62.18,37.78,80.72,55.66,media,2209.0,0,576.0,43,44.7,0.0,44.16,"Segmento de 68 m en estado regular: índice de condición 69/100 (intervalo 90 %: 52–86). Detecciones: 50 grietas longitudinales, 1 grietas transversales, 10 piel de cocodrilo, 5 baches. Rugosidad IRI 5.0 m/km. Contexto: hospital a 576 m, 43 siniestros a 250 m. Prioridad media (56/100).",bacheo,programada_6_meses,plantilla,det=detector_cpu;fusion=ensamble10,20260930-2219,,,Daño dominante: baches; acción según estado regular.
405,T1-IN-0044,despliegue,India,10,10011852,4.711537,-74.103942,d2g6c9x,150.0,2026-09-03 08:43,sim_pred,19,0,19,4,10.27,100.0,100.0,78.3,79.7,71.2,5.32,46.0,62.3,45.5,79.2,regular,0.527,0.271,1.97,83.13,71.73,46.4,77.62,69.95,55.57,media,336.0,1,503.0,34,79.4,0.5,39.18,"Segmento de 150 m en estado regular: índice de condición 62/100 (intervalo 90 %: 46–79). Detecciones: 19 grietas longitudinales, 19 piel de cocodrilo, 4 baches. Rugosidad IRI 5.3 m/km. Contexto: colegio a 336 m, hospital a 503 m, 34 siniestros a 250 m. Prioridad media (56/100).",parcheo,programada_6_meses,plantilla,det=detector_cpu;fusion=ensamble10,20260930-2219,,,Daño dominante: piel de cocodrilo; acción según estado regular.
406,T1-IN-0024,despliegue,India,10,11013313,4.743921,-74.068446,d2g6fx9,150.0,2026-08-24 16:44,sim_pred,14,0,17,13,10.06,100.0,100.0,79.8,67.1,60.0,6.69,35.9,51.6,34.7,68.4,malo,0.492,0.658,3.79,68.17,71.73,5.24,69.04,53.68,55.53,media,3418.0,0,766.0,6,72.0,9.5,32.11,"Segmento de 150 m en estado malo: índice de condición 52/100 (intervalo 90 %: 35–68). Detecciones: 14 grietas longitudinales, 17 piel de cocodrilo, 13 baches. Rugosidad IRI 6.7 m/km. Contexto: hospital a 766 m, 6 siniestros a 250 m. Prioridad media (56/100).",bacheo,programada_6_meses,plantilla,det=detector_cpu;fusion=ensamble10,20260930-2219,,,Daño dominante: baches; acción según estado malo.
407,TR-IN-0660,test,India,10,1005341,4.691777,-74.043257,d2g6en5,70.9,2026-08-22 14:05,sim_gt,3,0,8,13,10.21,100.0,100.0,81.0,59.5,52.9,6.56,36.7,47.2,30.4,64.0,malo,0.527,0.802,1.82,14.92,84.96,15.52,77.24,39.58,55.51,media,6542.0,0,154.0,19,79.1,0.0,28.16,"Segmento de 71 m en estado malo: índice de condición 47/100 (intervalo 90 %: 30–64). Detecciones: 3 grietas longitudinales, 8 piel de cocodrilo, 13 baches. Rugosidad IRI 6.6 m/km. Contexto: hospital a 154 m, 19 siniestros a 250 m. Prioridad media (56/100).",bacheo,programada_6_meses,plantilla,det=detector_cpu;fusion=ensamble10,20260930-2219,40.3,muy_malo,Daño dominante: baches; acción según estado malo.
408,TR-IN-0582,test,India,10,3000472,4.609193,-74.066332,d2g64x4,84.9,2026-09-15 12:59,sim_gt,7,0,24,8,10.47,100.0,100.0,74.8,63.9,55.0,6.58,36.6,48.6,31.8,65.4,malo,0.53,0.762,1.94,52.22,71.73,62.18,69.23,61.53,55.46,media,5073.0,0,1078.0,59,72.2,14.1,25.83,"Segmento de 85 m en estado malo: índice de condición 49/100 (intervalo 90 %: 32–65). Detecciones: 7 grietas longitudinales, 24 piel de cocodrilo, 8 baches. Rugosidad IRI 6.6 m/km. Contexto: 59 siniestros a 250 m. Prioridad media (56/100).",bacheo,programada_6_meses,plantilla,det=detector_cpu;fusion=ensamble10,20260930-2219,53.0,malo,Daño dominante: baches; acción según estado malo.
409,T2-JA-0110,despliegue,Japan,10,4005272,4.541715,-74.079958,d2g3f6b,54.5,2026-06-28 14:31,sim_pred,30,0,31,24,15.97,100.0,100.0,69.5,73.2,60.1,9.31,22.4,46.9,30.1,63.7,malo,0.517,0.806,2.73,52.22,71.73,1.67,65.71,46.41,55.43,media,5963.0,0,670.0,3,69.7,42.2,25.13,"Segmento de 54 m en estado malo: índice de condición 47/100 (intervalo 90 %: 30–64). Detecciones: 30 grietas longitudinales, 31 piel de cocodrilo, 24 baches. Rugosidad IRI 9.3 m/km. Contexto: hospital a 670 m, 3 siniestros a 250 m. Prioridad media (55/100).",rehabilitacion,programada_6_meses,plantilla,det=detector_cpu;fusion=ensamble10,20260930-2219,,,Daño dominante: piel de cocodrilo; acción según estado malo.
410,TR-IN-0639,test,India,10,1002225,4.737656,-74.040585,d2g6gnm,54.3,2026-09-20 09:27,sim_gt,1,0,0,17,1.17,100.0,100.0,85.8,67.8,62.8,7.06,33.6,52.6,35.7,69.4,malo,0.479,0.623,3.81,21.12,84.96,37.03,89.34,47.44,55.43,media,6489.0,0,223.0,29,105.8,1.8,27.75,"Segmento de 54 m en estado malo: índice de condición 53/100 (intervalo 90 %: 36–69). Detecciones: 1 grietas longitudinales, 17 baches. Rugosidad IRI 7.1 m/km. Contexto: hospital a 223 m, 29 siniestros a 250 m. Prioridad media (55/100).",bacheo,programada_6_meses,plantilla,det=detector_cpu;fusion=ensamble10,20260930-2219,70.3,regular,Daño dominante: baches; acción según estado malo.
411,TR-JA-0985,test,Japan,10,6000588,4.587188,-74.146987,d2g60ep,56.9,2026-07-31 14:21,sim_gt,6,0,6,8,7.84,100.0,100.0,89.1,62.1,58.3,4.26,55.6,57.3,40.5,74.2,regular,0.456,0.449,1.99,93.75,71.73,47.84,2.85,74.56,55.43,media,679.0,0,1033.0,26,16.5,,40.97,"Segmento de 57 m en estado regular: índice de condición 57/100 (intervalo 90 %: 40–74). Detecciones: 6 grietas longitudinales, 6 piel de cocodrilo, 8 baches. Rugosidad IRI 4.3 m/km. Contexto: 26 siniestros a 250 m. Prioridad media (55/100).",bacheo,programada_6_meses,plantilla,det=detector_cpu;fusion=ensamble10,20260930-2219,55.1,malo,Daño dominante: baches; acción según estado regular.
412,T1-IN-0011,despliegue,India,10,16000387,4.626432,-74.118753,d2g636h,50.3,2026-07-16 11:09,sim_pred,0,0,14,3,8.77,100.0,100.0,84.0,70.7,65.1,6.95,34.3,54.3,37.5,71.2,malo,0.456,0.562,3.14,25.98,71.73,87.97,45.56,57.49,55.4,media,2765.0,0,490.0,80,50.0,0.0,24.14,"Segmento de 50 m en estado malo: índice de condición 54/100 (intervalo 90 %: 38–71). Detecciones: 14 piel de cocodrilo, 3 baches. Rugosidad IRI 7.0 m/km. Contexto: hospital a 490 m, 80 siniestros a 250 m. Prioridad media (55/100).",bacheo,programada_6_meses,plantilla,det=detector_cpu;fusion=ensamble10,20260930-2219,,,Daño dominante: baches; acción según estado malo.
413,T2-JA-0082,despliegue,Japan,10,13001157,4.639631,-74.096604,d2g63us,82.8,2026-06-01 09:36,sim_pred,16,0,46,21,20.87,100.0,100.0,70.8,72.0,61.0,8.82,24.5,48.2,31.4,65.0,malo,0.519,0.768,3.03,0.32,71.73,91.69,54.44,48.15,55.34,media,4149.0,0,736.0,107,56.8,1.2,12.96,"Segmento de 83 m en estado malo: índice de condición 48/100 (intervalo 90 %: 31–65). Detecciones: 16 grietas longitudinales, 46 piel de cocodrilo, 21 baches. Rugosidad IRI 8.8 m/km. Contexto: hospital a 736 m, 107 siniestros a 250 m. Prioridad media (55/100).",rehabilitacion,programada_6_meses,plantilla,det=detector_cpu;fusion=ensamble10,20260930-2219,,,Daño dominante: piel de cocodrilo; acción según estado malo.
414,T1-IN-0073,despliegue,India,10,9002943,4.669107,-74.118888,d2g693u,108.3,2026-06-05 07:41,sim_pred,11,0,14,2,4.87,100.0,100.0,85.0,75.7,70.5,5.47,44.8,61.5,44.6,78.3,regular,0.509,0.304,3.19,95.5,71.73,18.85,54.63,68.02,55.32,media,1279.0,0,77.0,17,57.1,2.8,42.38,"Segmento de 108 m en estado regular: índice de condición 62/100 (intervalo 90 %: 45–78). Detecciones: 11 grietas longitudinales, 14 piel de cocodrilo, 2 baches. Rugosidad IRI 5.5 m/km. Contexto: hospital a 77 m, 17 siniestros a 250 m. Prioridad media (55/100).",bacheo,programada_6_meses,plantilla,det=detector_cpu;fusion=ensamble10,20260930-2219,,,Daño dominante: baches; acción según estado regular.
415,TR-IN-0100,test,India,10,15000303,4.592567,-74.125982,d2g61hp,60.4,2026-08-28 11:11,sim_gt,0,0,14,11,7.85,100.0,100.0,76.7,60.7,52.6,7.69,30.0,44.7,27.9,61.5,malo,0.488,0.853,3.41,21.12,71.73,86.95,34.56,55.29,55.3,media,2169.0,0,1121.0,90,43.1,1.7,25.36,"Segmento de 60 m en estado malo: índice de condición 45/100 (intervalo 90 %: 28–62). Detecciones: 14 piel de cocodrilo, 11 baches. Rugosidad IRI 7.7 m/km. Contexto: 90 siniestros a 250 m. Prioridad media (55/100).",bacheo,programada_6_meses,plantilla,det=detector_cpu;fusion=ensamble10,20260930-2219,54.1,malo,Daño dominante: baches; acción según estado malo.
416,T1-IN-0014,despliegue,India,10,11007968,4.726474,-74.092248,d2g6cur,52.8,2026-08-18 16:05,sim_pred,3,0,9,6,7.03,100.0,100.0,88.8,76.6,72.7,5.92,41.2,61.7,44.9,78.5,regular,0.512,0.297,3.06,86.3,71.73,33.99,74.05,68.12,55.24,media,1564.0,0,110.0,21,77.3,0.0,31.24,"Segmento de 53 m en estado regular: índice de condición 62/100 (intervalo 90 %: 45–78). Detecciones: 3 grietas longitudinales, 9 piel de cocodrilo, 6 baches. Rugosidad IRI 5.9 m/km. Contexto: hospital a 110 m, 21 siniestros a 250 m. Prioridad media (55/100).",bacheo,programada_6_meses,plantilla,det=detector_cpu;fusion=ensamble10,20260930-2219,,,Daño dominante: baches; acción según estado regular.
417,T1-JA-0017,despliegue,Japan,10,4005340,4.541563,-74.08432,d2g3f4v,80.2,2026-07-12 15:56,sim_pred,43,0,18,1,11.53,100.0,100.0,66.4,79.6,59.2,6.44,37.5,51.6,34.8,68.5,malo,0.505,0.661,2.57,14.92,71.73,57.97,78.76,45.56,55.24,media,5752.0,0,394.0,32,80.6,0.0,23.42,"Segmento de 80 m en estado malo: índice de condición 52/100 (intervalo 90 %: 35–68). Detecciones: 43 grietas longitudinales, 18 piel de cocodrilo, 1 baches. Rugosidad IRI 6.4 m/km. Contexto: hospital a 394 m, 32 siniestros a 250 m. Prioridad media (55/100).",rehabilitacion,programada_6_meses,plantilla,det=detector_cpu;fusion=ensamble10,20260930-2219,,,Daño dominante: piel de cocodrilo; acción según estado malo.
418,T2-CZ-0009,despliegue,Czech,10,1007017,4.722886,-74.047097,d2g6g5b,55.1,2026-09-02 15:17,sim_pred,47,1,3,7,6.39,100.0,100.0,90.3,71.4,68.0,5.61,43.6,59.5,42.6,76.3,regular,0.494,0.37,2.34,58.33,71.73,64.83,93.44,64.64,55.18,media,6079.0,0,134.0,59,122.3,0.0,26.26,"Segmento de 55 m en estado regular: índice de condición 60/100 (intervalo 90 %: 43–76). Detecciones: 47 grietas longitudinales, 1 grietas transversales, 3 piel de cocodrilo, 7 baches. Rugosidad IRI 5.6 m/km. Contexto: hospital a 134 m, 59 siniestros a 250 m. Prioridad media (55/100).",bacheo,programada_6_meses,plantilla,det=detector_cpu;fusion=ensamble10,20260930-2219,,,Daño dominante: baches; acción según estado regular.
419,TR-IN-0247,test,India,10,16003520,4.600407,-74.121257,d2g61m6,139.9,2026-07-23 10:02,sim_gt,2,0,2,7,2.33,100.0,100.0,94.0,66.9,64.8,5.1,47.8,58.9,42.0,75.7,regular,0.479,0.394,2.99,43.88,71.73,83.88,34.67,63.62,55.13,media,2095.0,0,916.0,75,43.2,0.0,24.84,"Segmento de 140 m en estado regular: índice de condición 59/100 (intervalo 90 %: 42–76). Detecciones: 2 grietas longitudinales, 2 piel de cocodrilo, 7 baches. Rugosidad IRI 5.1 m/km. Contexto: hospital a 916 m, 75 siniestros a 250 m. Prioridad media (55/100).",bacheo,programada_6_meses,plantilla,det=detector_cpu;fusion=ensamble10,20260930-2219,54.9,malo,Daño dominante: baches; acción según estado regular.
420,T2-JA-0099,despliegue,Japan,10,13001522,4.633357,-74.075748,d2g6677,68.8,2026-08-08 11:46,sim_pred,36,0,25,3,15.3,100.0,100.0,72.0,81.8,65.6,7.49,31.1,53.5,36.7,70.4,malo,0.475,0.593,2.63,27.98,84.96,58.65,27.69,55.59,55.12,media,5716.0,0,340.0,43,39.0,1.5,29.17,"Segmento de 69 m en estado malo: índice de condición 54/100 (intervalo 90 %: 37–70). Detecciones: 36 grietas longitudinales, 25 piel de cocodrilo, 3 baches. Rugosidad IRI 7.5 m/km. Contexto: hospital a 340 m, 43 siniestros a 250 m. Prioridad media (55/100).",rehabilitacion,programada_6_meses,plantilla,det=detector_cpu;fusion=ensamble10,20260930-2219,,,Daño dominante: piel de cocodrilo; acción según estado malo.
421,T1-IN-0091,despliegue,India,10,5003131,4.50836,-74.099127,d2g39ud,118.5,2026-09-10 15:35,sim_pred,8,0,0,10,0.6,100.0,100.0,97.4,67.2,66.3,5.23,46.7,59.4,42.6,76.3,regular,0.496,0.371,2.11,89.21,71.73,14.49,72.88,64.41,55.1,media,8002.0,0,877.0,10,76.6,8.4,39.55,"Segmento de 118 m en estado regular: índice de condición 59/100 (intervalo 90 %: 43–76). Detecciones: 8 grietas longitudinales, 10 baches. Rugosidad IRI 5.2 m/km. Contexto: hospital a 877 m, 10 siniestros a 250 m. Prioridad media (55/100).",bacheo,programada_6_meses,plantilla,det=detector_cpu;fusion=ensamble10,20260930-2219,,,Daño dominante: baches; acción según estado regular.
422,TR-JA-0601,test,Japan,10,19005783,4.56662,-74.148592,d2g3bxq,50.1,2026-09-25 10:43,sim_gt,17,0,32,2,19.72,100.0,100.0,72.1,90.7,68.9,3.48,64.0,67.2,50.3,84.0,regular,0.477,0.158,4.46,60.61,71.73,56.3,15.63,63.42,55.07,media,206.0,1,287.0,32,29.2,,25.7,"Segmento de 50 m en estado regular: índice de condición 67/100 (intervalo 90 %: 50–84). Detecciones: 17 grietas longitudinales, 32 piel de cocodrilo, 2 baches. Rugosidad IRI 3.5 m/km. Contexto: colegio a 206 m, hospital a 287 m, 32 siniestros a 250 m. Prioridad media (55/100).",parcheo,programada_6_meses,plantilla,det=detector_cpu;fusion=ensamble10,20260930-2219,55.0,malo,Daño dominante: piel de cocodrilo; acción según estado regular.
423,TR-JA-0661,test,Japan,10,6000490,4.588153,-74.153286,d2g60e5,98.9,2026-07-03 07:58,sim_gt,24,0,30,4,22.42,100.0,100.0,73.3,89.0,69.4,4.42,54.0,64.0,47.2,80.9,regular,0.525,0.221,2.41,52.22,71.73,50.8,66.01,58.69,55.05,media,262.0,4,724.0,27,69.8,,25.13,"Segmento de 99 m en estado regular: índice de condición 64/100 (intervalo 90 %: 47–81). Detecciones: 24 grietas longitudinales, 30 piel de cocodrilo, 4 baches. Rugosidad IRI 4.4 m/km. Contexto: colegio a 262 m, hospital a 724 m, 27 siniestros a 250 m. Prioridad media (55/100).",parcheo,programada_6_meses,plantilla,det=detector_cpu;fusion=ensamble10,20260930-2219,43.4,malo,Daño dominante: piel de cocodrilo; acción según estado regular.
424,T1-IN-0049,despliegue,India,10,16002060,4.611015,-74.11826,d2g61rk,143.6,2026-08-10 12:23,sim_pred,3,0,8,3,8.29,100.0,100.0,79.7,73.7,66.6,4.96,49.0,60.4,43.6,77.2,regular,0.502,0.339,2.94,52.22,71.73,78.64,16.92,65.65,55.01,media,2839.0,0,876.0,56,29.8,1.4,25.13,"Segmento de 144 m en estado regular: índice de condición 60/100 (intervalo 90 %: 44–77). Detecciones: 3 grietas longitudinales, 8 piel de cocodrilo, 3 baches. Rugosidad IRI 5.0 m/km. Contexto: hospital a 876 m, 56 siniestros a 250 m. Prioridad media (55/100).",bacheo,programada_6_meses,plantilla,det=detector_cpu;fusion=ensamble10,20260930-2219,,,Daño dominante: baches; acción según estado regular.
425,T1-JA-0109,despliegue,Japan,10,10005390,4.701058,-74.096677,d2g69zu,50.9,2026-07-19 13:53,sim_pred,36,0,12,1,9.06,100.0,100.0,76.5,77.8,68.8,5.87,41.7,59.3,42.4,76.1,regular,0.492,0.377,2.29,52.22,71.73,71.66,47.23,63.91,54.99,media,1290.0,0,466.0,61,51.0,0.0,25.13,"Segmento de 51 m en estado regular: índice de condición 59/100 (intervalo 90 %: 42–76). Detecciones: 36 grietas longitudinales, 12 piel de cocodrilo, 1 baches. Rugosidad IRI 5.9 m/km. Contexto: hospital a 466 m, 61 siniestros a 250 m. Prioridad media (55/100).",parcheo,programada_6_meses,plantilla,det=detector_cpu;fusion=ensamble10,20260930-2219,,,Daño dominante: piel de cocodrilo; acción según estado regular.
426,T1-JA-0000,despliegue,Japan,10,18007410,4.542124,-74.111096,d2g3cdc,74.1,2026-06-21 07:14,sim_pred,24,0,26,7,20.46,100.0,100.0,75.9,84.3,70.4,6.25,38.8,59.4,42.5,76.2,regular,0.477,0.379,3.99,61.96,88.17,33.27,48.33,63.96,54.96,media,5136.0,0,641.0,19,51.4,1.3,38.9,"Segmento de 74 m en estado regular: índice de condición 59/100 (intervalo 90 %: 42–76). Detecciones: 24 grietas longitudinales, 26 piel de cocodrilo, 7 baches. Rugosidad IRI 6.2 m/km. Contexto: hospital a 641 m, 19 siniestros a 250 m. Prioridad media (55/100).",parcheo,programada_6_meses,plantilla,det=detector_cpu;fusion=ensamble10,20260930-2219,,,Daño dominante: piel de cocodrilo; acción según estado regular.
427,T2-IN-0027,despliegue,India,10,14001103,4.599856,-74.101909,d2g61v2,57.4,2026-06-06 12:41,sim_pred,12,0,2,6,3.41,100.0,100.0,98.6,88.7,88.3,3.58,62.9,79.4,62.5,96.2,satisfactorio,0.52,0.014,2.78,95.13,100.0,82.78,51.63,93.75,54.87,media,1418.0,0,366.0,85,54.5,0.0,64.03,"Segmento de 57 m en estado satisfactorio: índice de condición 79/100 (intervalo 90 %: 62–96). Detecciones: 12 grietas longitudinales, 2 piel de cocodrilo, 6 baches. Rugosidad IRI 3.6 m/km. Contexto: hospital a 366 m, 85 siniestros a 250 m. Prioridad media (55/100).",sellado_de_fisuras,programada_6_meses,plantilla,det=detector_cpu;fusion=ensamble10,20260930-2219,,,Daño dominante: baches; acción según estado satisfactorio.
428,TR-JA-0158,test,Japan,10,18003931,4.562051,-74.124367,d2g3cq2,92.6,2026-06-26 12:16,sim_gt,31,0,10,15,10.88,100.0,100.0,75.3,83.7,69.6,4.23,55.9,64.8,48.0,81.7,regular,0.517,0.203,2.93,61.96,71.73,87.44,31.94,71.75,54.81,media,2939.0,0,262.0,74,41.3,0.0,25.76,"Segmento de 93 m en estado regular: índice de condición 65/100 (intervalo 90 %: 48–82). Detecciones: 31 grietas longitudinales, 10 piel de cocodrilo, 15 baches. Rugosidad IRI 4.2 m/km. Contexto: hospital a 262 m, 74 siniestros a 250 m. Prioridad media (55/100).",parcheo,programada_6_meses,plantilla,det=detector_cpu;fusion=ensamble10,20260930-2219,54.3,malo,Daño dominante: piel de cocodrilo; acción según estado regular.
429,TR-JA-0137,test,Japan,10,15001219,4.583078,-74.096099,d2g61fk,72.5,2026-09-19 15:49,sim_gt,15,0,9,4,11.86,100.0,100.0,67.4,81.4,60.9,5.95,41.0,53.9,37.1,70.8,malo,0.449,0.573,4.63,28.29,71.73,74.96,20.18,55.16,54.7,media,1324.0,0,449.0,51,33.3,1.4,24.57,"Segmento de 72 m en estado malo: índice de condición 54/100 (intervalo 90 %: 37–71). Detecciones: 15 grietas longitudinales, 9 piel de cocodrilo, 4 baches. Rugosidad IRI 6.0 m/km. Contexto: hospital a 449 m, 51 siniestros a 250 m. Prioridad media (55/100).",rehabilitacion,programada_6_meses,plantilla,det=detector_cpu;fusion=ensamble10,20260930-2219,51.4,malo,Daño dominante: piel de cocodrilo; acción según estado malo.
430,T1-IN-0025,despliegue,India,10,10001300,4.715011,-74.104964,d2g6cdq,90.6,2026-06-13 08:57,sim_pred,7,0,11,4,9.69,100.0,100.0,81.0,72.4,65.8,6.27,38.7,56.3,39.5,73.2,regular,0.425,0.488,3.45,75.44,71.73,13.54,97.12,58.67,54.67,media,687.0,0,208.0,15,156.1,2.2,27.74,"Segmento de 91 m en estado regular: índice de condición 56/100 (intervalo 90 %: 40–73). Detecciones: 7 grietas longitudinales, 11 piel de cocodrilo, 4 baches. Rugosidad IRI 6.3 m/km. Contexto: hospital a 208 m, 15 siniestros a 250 m. Prioridad media (55/100).",bacheo,programada_6_meses,plantilla,det=detector_cpu;fusion=ensamble10,20260930-2219,,,Daño dominante: baches; acción según estado regular.
431,TR-IN-0193,test,India,10,10010402,4.677313,-74.114796,d2g697r,150.0,2026-06-29 07:17,sim_gt,16,0,6,4,10.03,100.0,100.0,79.2,54.3,47.0,9.63,21.2,37.9,21.1,54.8,muy_malo,0.611,0.953,3.55,1.86,71.73,20.6,55.01,31.0,54.63,media,394.0,1,730.0,23,57.9,2.3,20.23,"Segmento de 150 m en estado muy malo: índice de condición 38/100 (intervalo 90 %: 21–55). Detecciones: 16 grietas longitudinales, 6 piel de cocodrilo, 4 baches. Rugosidad IRI 9.6 m/km. Contexto: colegio a 394 m, hospital a 730 m, 23 siniestros a 250 m. Prioridad media (55/100).",rehabilitacion,programada_6_meses,plantilla,det=detector_cpu;fusion=ensamble10,20260930-2219,24.2,muy_malo,Daño dominante: baches; acción según estado muy malo.
432,T1-JA-0054,despliegue,Japan,10,19002937,4.577103,-74.160302,d2g603n,105.2,2026-08-14 09:24,sim_pred,32,0,30,8,17.78,100.0,100.0,70.2,73.7,60.9,7.68,30.0,50.1,33.3,67.0,malo,0.503,0.705,3.88,14.92,71.73,22.27,1.33,36.64,54.58,media,253.0,6,583.0,16,13.2,23.8,24.18,"Segmento de 105 m en estado malo: índice de condición 50/100 (intervalo 90 %: 33–67). Detecciones: 32 grietas longitudinales, 30 piel de cocodrilo, 8 baches. Rugosidad IRI 7.7 m/km. Contexto: colegio a 253 m, hospital a 583 m, 16 siniestros a 250 m. Prioridad media (55/100).",rehabilitacion,programada_6_meses,plantilla,det=detector_cpu;fusion=ensamble10,20260930-2219,,,Daño dominante: piel de cocodrilo; acción según estado malo.
433,TR-JA-0440,test,Japan,10,10002549,4.710931,-74.137294,d2g6bcw,60.6,2026-09-23 11:28,sim_gt,20,0,32,3,24.85,100.0,100.0,70.8,91.4,67.8,3.97,58.6,64.6,47.7,81.4,regular,0.528,0.205,1.82,97.11,71.73,27.28,16.05,70.77,54.57,media,367.0,1,598.0,23,29.6,,42.86,"Segmento de 61 m en estado regular: índice de condición 65/100 (intervalo 90 %: 48–81). Detecciones: 20 grietas longitudinales, 32 piel de cocodrilo, 3 baches. Rugosidad IRI 4.0 m/km. Contexto: colegio a 367 m, hospital a 598 m, 23 siniestros a 250 m. Prioridad media (55/100).",parcheo,programada_6_meses,plantilla,det=detector_cpu;fusion=ensamble10,20260930-2219,54.1,malo,Daño dominante: piel de cocodrilo; acción según estado regular.
434,T1-JA-0005,despliegue,Japan,10,13001002,4.64207,-74.077281,d2g66m4,55.0,2026-07-30 10:25,sim_pred,31,0,14,6,10.09,100.0,100.0,81.8,83.6,76.0,4.51,53.2,68.0,51.2,84.9,regular,0.477,0.131,3.36,52.98,88.17,95.56,45.94,75.94,54.56,media,4832.0,0,728.0,136,50.5,0.0,49.09,"Segmento de 55 m en estado regular: índice de condición 68/100 (intervalo 90 %: 51–85). Detecciones: 31 grietas longitudinales, 14 piel de cocodrilo, 6 baches. Rugosidad IRI 4.5 m/km. Contexto: hospital a 728 m, 136 siniestros a 250 m. Prioridad media (55/100).",parcheo,programada_6_meses,plantilla,det=detector_cpu;fusion=ensamble10,20260930-2219,,,Daño dominante: piel de cocodrilo; acción según estado regular.
435,TR-JA-0660,test,Japan,10,1004877,4.698886,-74.045506,d2g6ep3,85.0,2026-09-10 12:17,sim_gt,44,0,44,11,26.2,100.0,100.0,71.4,86.4,66.7,4.03,58.0,63.6,46.8,80.5,regular,0.531,0.231,1.81,90.63,71.73,31.71,86.31,69.28,54.54,media,6500.0,0,304.0,26,96.4,,40.55,"Segmento de 85 m en estado regular: índice de condición 64/100 (intervalo 90 %: 47–80). Detecciones: 44 grietas longitudinales, 44 piel de cocodrilo, 11 baches. Rugosidad IRI 4.0 m/km. Contexto: hospital a 304 m, 26 siniestros a 250 m. Prioridad media (54/100).",parcheo,programada_6_meses,plantilla,det=detector_cpu;fusion=ensamble10,20260930-2219,48.3,malo,Daño dominante: piel de cocodrilo; acción según estado regular.
436,T2-JA-0081,despliegue,Japan,10,4005472,4.540735,-74.084913,d2g3f4t,120.4,2026-07-05 08:20,sim_pred,30,0,34,5,20.26,100.0,100.0,67.2,75.4,58.6,6.53,36.9,51.0,34.2,67.8,malo,0.507,0.68,3.04,14.92,71.73,47.08,78.3,42.84,54.53,media,5807.0,0,478.0,27,80.2,15.0,23.42,"Segmento de 120 m en estado malo: índice de condición 51/100 (intervalo 90 %: 34–68). Detecciones: 30 grietas longitudinales, 34 piel de cocodrilo, 5 baches. Rugosidad IRI 6.5 m/km. Contexto: hospital a 478 m, 27 siniestros a 250 m. Prioridad media (54/100).",rehabilitacion,programada_6_meses,plantilla,det=detector_cpu;fusion=ensamble10,20260930-2219,,,Daño dominante: piel de cocodrilo; acción según estado malo.
437,TR-IN-0311,test,India,10,18002578,4.570108,-74.11573,d2g3cry,80.7,2026-09-25 10:37,sim_gt,1,0,4,9,5.22,100.0,100.0,85.8,63.1,58.1,5.69,43.0,52.8,36.0,69.7,malo,0.491,0.62,2.24,43.88,71.73,41.54,15.63,53.04,54.52,media,2228.0,0,600.0,26,29.2,1.2,24.84,"Segmento de 81 m en estado malo: índice de condición 53/100 (intervalo 90 %: 36–70). Detecciones: 1 grietas longitudinales, 4 piel de cocodrilo, 9 baches. Rugosidad IRI 5.7 m/km. Contexto: hospital a 600 m, 26 siniestros a 250 m. Prioridad media (54/100).",bacheo,programada_6_meses,plantilla,det=detector_cpu;fusion=ensamble10,20260930-2219,44.2,malo,Daño dominante: baches; acción según estado malo.
438,T1-JA-0082,despliegue,Japan,10,11014553,4.723838,-74.085913,d2g6f5u,107.0,2026-07-11 11:11,sim_pred,44,0,22,14,12.68,100.0,100.0,70.2,83.0,64.2,5.57,43.9,57.1,40.3,73.9,regular,0.439,0.46,3.86,68.17,71.73,28.38,86.91,59.47,54.52,media,2250.0,0,838.0,15,98.0,13.1,26.74,"Segmento de 107 m en estado regular: índice de condición 57/100 (intervalo 90 %: 40–74). Detecciones: 44 grietas longitudinales, 22 piel de cocodrilo, 14 baches. Rugosidad IRI 5.6 m/km. Contexto: hospital a 838 m, 15 siniestros a 250 m. Prioridad media (54/100).",parcheo,programada_6_meses,plantilla,det=detector_cpu;fusion=ensamble10,20260930-2219,,,Daño dominante: piel de cocodrilo; acción según estado regular.
439,TR-IN-0507,test,India,10,14001335,4.597484,-74.104236,d2g61sy,92.1,2026-09-06 16:55,sim_gt,6,0,6,9,9.17,100.0,100.0,93.2,68.0,65.6,5.46,44.8,58.3,41.5,75.2,regular,0.47,0.414,2.92,43.88,71.73,74.05,37.78,61.17,54.48,media,1083.0,0,589.0,64,44.7,1.1,24.84,"Segmento de 92 m en estado regular: índice de condición 58/100 (intervalo 90 %: 42–75). Detecciones: 6 grietas longitudinales, 6 piel de cocodrilo, 9 baches. Rugosidad IRI 5.5 m/km. Contexto: hospital a 589 m, 64 siniestros a 250 m. Prioridad media (54/100).",bacheo,programada_6_meses,plantilla,det=detector_cpu;fusion=ensamble10,20260930-2219,51.0,malo,Daño dominante: baches; acción según estado regular.
440,T1-JA-0069,despliegue,Japan,10,4006423,4.530046,-74.088163,d2g3f0d,56.1,2026-06-05 09:24,sim_pred,54,0,44,11,20.97,100.0,100.0,66.6,70.6,56.3,11.15,16.1,42.2,25.4,59.1,malo,0.448,0.901,3.11,43.88,71.73,27.28,72.84,49.47,54.45,media,6784.0,0,1557.0,14,76.3,35.6,24.84,"Segmento de 56 m en estado malo: índice de condición 42/100 (intervalo 90 %: 25–59). Detecciones: 54 grietas longitudinales, 44 piel de cocodrilo, 11 baches. Rugosidad IRI 11.2 m/km. Contexto: 14 siniestros a 250 m. Prioridad media (54/100).",rehabilitacion,programada_6_meses,plantilla,det=detector_cpu;fusion=ensamble10,20260930-2219,,,Daño dominante: piel de cocodrilo; acción según estado malo.
441,TR-IN-0355,test,India,10,18001679,4.575975,-74.101781,d2g61c0,47.2,2026-08-17 11:36,sim_gt,7,0,13,5,9.65,100.0,100.0,94.0,80.7,78.6,3.86,59.8,72.0,55.2,88.9,satisfactorio,0.437,0.071,3.84,86.08,71.73,88.09,38.24,81.56,54.41,media,1466.0,0,677.0,75,44.8,2.1,30.61,"Segmento de 47 m en estado satisfactorio: índice de condición 72/100 (intervalo 90 %: 55–89). Detecciones: 7 grietas longitudinales, 13 piel de cocodrilo, 5 baches. Rugosidad IRI 3.9 m/km. Contexto: hospital a 677 m, 75 siniestros a 250 m. Prioridad media (54/100).",sellado_de_fisuras,programada_6_meses,plantilla,det=detector_cpu;fusion=ensamble10,20260930-2219,61.0,regular,Daño dominante: baches; acción según estado satisfactorio.
442,T1-IN-0064,despliegue,India,10,7003611,4.619359,-74.181914,d2g4rby,77.3,2026-06-05 11:38,sim_pred,8,0,15,6,10.22,100.0,100.0,77.2,66.6,58.6,7.88,29.0,48.3,31.4,65.1,malo,0.525,0.769,2.48,14.92,71.73,59.33,31.03,45.9,54.4,media,644.0,0,664.0,33,40.6,1.3,23.42,"Segmento de 77 m en estado malo: índice de condición 48/100 (intervalo 90 %: 31–65). Detecciones: 8 grietas longitudinales, 15 piel de cocodrilo, 6 baches. Rugosidad IRI 7.9 m/km. Contexto: hospital a 664 m, 33 siniestros a 250 m. Prioridad media (54/100).",bacheo,programada_6_meses,plantilla,det=detector_cpu;fusion=ensamble10,20260930-2219,,,Daño dominante: baches; acción según estado malo.
443,T1-IN-0012,despliegue,India,10,11013287,4.746962,-74.062932,d2g748j,63.4,2026-07-21 09:27,sim_pred,2,0,7,5,6.36,100.0,100.0,87.3,80.4,75.9,5.81,42.1,64.1,47.2,80.9,regular,0.5,0.233,4.37,80.29,84.96,30.69,99.09,69.53,54.37,media,4073.0,0,449.0,23,169.0,0.0,31.91,"Segmento de 63 m en estado regular: índice de condición 64/100 (intervalo 90 %: 47–81). Detecciones: 2 grietas longitudinales, 7 piel de cocodrilo, 5 baches. Rugosidad IRI 5.8 m/km. Contexto: hospital a 449 m, 23 siniestros a 250 m. Prioridad media (54/100).",bacheo,programada_6_meses,plantilla,det=detector_cpu;fusion=ensamble10,20260930-2219,,,Daño dominante: baches; acción según estado regular.
444,TR-JA-0442,test,Japan,10,16001925,4.612121,-74.118679,d2g61rs,150.0,2026-06-25 08:50,sim_gt,37,0,11,6,17.33,100.0,100.0,78.6,81.8,72.3,3.77,60.8,68.2,51.4,85.1,regular,0.481,0.122,2.53,81.88,71.73,70.75,35.58,75.54,54.27,media,2970.0,0,884.0,47,43.4,,28.16,"Segmento de 150 m en estado regular: índice de condición 68/100 (intervalo 90 %: 51–85). Detecciones: 37 grietas longitudinales, 11 piel de cocodrilo, 6 baches. Rugosidad IRI 3.8 m/km. Contexto: hospital a 884 m, 47 siniestros a 250 m. Prioridad media (54/100).",parcheo,programada_6_meses,plantilla,det=detector_cpu;fusion=ensamble10,20260930-2219,62.5,regular,Daño dominante: piel de cocodrilo; acción según estado regular.
445,TR-JA-0600,test,Japan,10,18002031,4.5739,-74.103816,d2g618x,67.9,2026-06-12 11:16,sim_gt,7,0,83,5,30.14,100.0,100.0,76.1,94.2,74.0,3.53,63.4,70.3,53.5,87.1,regular,0.437,0.09,3.02,85.95,88.17,53.11,60.89,78.52,54.23,media,1619.0,0,634.0,32,63.3,,42.9,"Segmento de 68 m en estado regular: índice de condición 70/100 (intervalo 90 %: 54–87). Detecciones: 7 grietas longitudinales, 83 piel de cocodrilo, 5 baches. Rugosidad IRI 3.5 m/km. Contexto: hospital a 634 m, 32 siniestros a 250 m. Prioridad media (54/100).",parcheo,programada_6_meses,plantilla,det=detector_cpu;fusion=ensamble10,20260930-2219,61.7,regular,Daño dominante: piel de cocodrilo; acción según estado regular.
446,T1-JA-0036,despliegue,Japan,10,13000151,4.651907,-74.082555,d2g66ny,59.5,2026-08-01 13:07,sim_pred,25,0,31,0,18.24,100.0,100.0,73.9,77.0,65.8,8.27,27.0,52.2,35.4,69.1,malo,0.496,0.639,2.63,43.88,84.96,66.08,42.19,63.81,54.18,media,3619.0,0,1255.0,70,48.1,3.4,28.88,"Segmento de 60 m en estado malo: índice de condición 52/100 (intervalo 90 %: 35–69). Detecciones: 25 grietas longitudinales, 31 piel de cocodrilo. Rugosidad IRI 8.3 m/km. Contexto: 70 siniestros a 250 m. Prioridad media (54/100).",rehabilitacion,programada_6_meses,plantilla,det=detector_cpu;fusion=ensamble10,20260930-2219,,,Daño dominante: piel de cocodrilo; acción según estado malo.
447,T2-IN-0085,despliegue,India,10,19011081,4.541365,-74.162743,d2g3b6s,43.8,2026-09-17 07:44,sim_pred,4,0,35,9,12.82,100.0,100.0,76.8,61.8,53.7,10.61,17.7,41.1,24.3,57.9,malo,0.419,0.915,3.72,21.12,71.73,2.96,18.89,34.29,54.05,media,367.0,1,798.0,2,31.5,0.0,23.71,"Segmento de 44 m en estado malo: índice de condición 41/100 (intervalo 90 %: 24–58). Detecciones: 4 grietas longitudinales, 35 piel de cocodrilo, 9 baches. Rugosidad IRI 10.6 m/km. Contexto: colegio a 367 m, hospital a 798 m, 2 siniestros a 250 m. Prioridad media (54/100).",bacheo,programada_6_meses,plantilla,det=detector_cpu;fusion=ensamble10,20260930-2219,,,Daño dominante: baches; acción según estado malo.
448,TR-IN-0745,test,India,10,1004693,4.701608,-74.037251,d2g6epz,73.7,2026-06-07 12:44,sim_gt,3,0,3,7,2.58,100.0,100.0,92.5,58.5,55.9,7.06,33.6,48.1,31.3,64.9,malo,0.523,0.773,2.68,14.92,84.96,5.99,87.56,37.2,54.02,media,7463.0,0,496.0,7,98.6,1.4,28.22,"Segmento de 74 m en estado malo: índice de condición 48/100 (intervalo 90 %: 31–65). Detecciones: 3 grietas longitudinales, 3 piel de cocodrilo, 7 baches. Rugosidad IRI 7.1 m/km. Contexto: hospital a 496 m, 7 siniestros a 250 m. Prioridad media (54/100).",bacheo,programada_6_meses,plantilla,det=detector_cpu;fusion=ensamble10,20260930-2219,43.4,malo,Daño dominante: baches; acción según estado malo.
449,T2-IN-0020,despliegue,India,10,17000365,4.591396,-74.071018,d2g647z,64.8,2026-06-13 10:27,sim_pred,1,0,17,3,10.62,100.0,100.0,78.7,83.8,73.1,5.26,46.5,63.8,46.9,80.6,regular,0.508,0.238,3.86,63.94,71.73,70.07,87.22,68.2,54.01,media,3996.0,0,205.0,54,98.4,12.3,26.92,"Segmento de 65 m en estado regular: índice de condición 64/100 (intervalo 90 %: 47–81). Detecciones: 1 grietas longitudinales, 17 piel de cocodrilo, 3 baches. Rugosidad IRI 5.3 m/km. Contexto: hospital a 205 m, 54 siniestros a 250 m. Prioridad media (54/100).",parcheo,programada_6_meses,plantilla,det=detector_cpu;fusion=ensamble10,20260930-2219,,,Daño dominante: piel de cocodrilo; acción según estado regular.
450,TR-CZ-0007,test,Czech,10,15001410,4.577792,-74.095591,d2g61cm,51.5,2026-09-25 11:37,sim_gt,77,7,0,4,3.58,100.0,100.0,94.5,89.8,87.8,3.5,63.8,79.4,62.6,96.3,satisfactorio,0.513,0.015,3.39,90.07,100.0,82.21,15.63,91.58,53.98,media,1702.0,0,98.0,64,29.2,0.0,56.4,"Segmento de 52 m en estado satisfactorio: índice de condición 79/100 (intervalo 90 %: 63–96). Detecciones: 77 grietas longitudinales, 7 grietas transversales, 4 baches. Rugosidad IRI 3.5 m/km. Contexto: hospital a 98 m, 64 siniestros a 250 m. Prioridad media (54/100).",sellado_de_fisuras,programada_6_meses,plantilla,det=detector_cpu;fusion=ensamble10,20260930-2219,62.3,regular,Daño dominante: baches; acción según estado satisfactorio.
451,T2-IN-0022,despliegue,India,10,5000608,4.526605,-74.118467,d2g3c2h,42.4,2026-08-19 11:03,sim_pred,3,0,6,3,5.02,100.0,100.0,86.4,71.0,66.3,5.99,40.8,57.4,40.5,74.2,regular,0.448,0.45,3.36,14.92,88.17,86.04,27.69,58.34,53.92,media,5368.0,0,221.0,65,39.0,2.4,35.8,"Segmento de 42 m en estado regular: índice de condición 57/100 (intervalo 90 %: 40–74). Detecciones: 3 grietas longitudinales, 6 piel de cocodrilo, 3 baches. Rugosidad IRI 6.0 m/km. Contexto: hospital a 221 m, 65 siniestros a 250 m. Prioridad media (54/100).",bacheo,programada_6_meses,plantilla,det=detector_cpu;fusion=ensamble10,20260930-2219,,,Daño dominante: baches; acción según estado regular.
452,T2-JA-0085,despliegue,Japan,10,8010153,4.607148,-74.16807,d2g60q8,104.4,2026-09-19 09:29,sim_pred,21,0,30,5,20.12,100.0,100.0,69.5,82.7,63.4,6.25,38.9,54.8,38.0,71.7,malo,0.446,0.543,3.05,57.95,71.73,24.81,1.56,54.49,53.89,media,399.0,2,402.0,18,13.3,1.0,25.47,"Segmento de 104 m en estado malo: índice de condición 55/100 (intervalo 90 %: 38–72). Detecciones: 21 grietas longitudinales, 30 piel de cocodrilo, 5 baches. Rugosidad IRI 6.2 m/km. Contexto: colegio a 399 m, hospital a 402 m, 18 siniestros a 250 m. Prioridad media (54/100).",rehabilitacion,programada_6_meses,plantilla,det=detector_cpu;fusion=ensamble10,20260930-2219,,,Daño dominante: piel de cocodrilo; acción según estado malo.
453,TR-IN-0461,test,India,10,5000589,4.527068,-74.113588,d2g3c80,50.9,2026-09-22 12:43,sim_gt,0,0,3,16,5.63,100.0,100.0,78.1,52.6,45.0,7.18,32.9,40.7,23.9,57.6,muy_malo,0.51,0.919,3.93,14.92,71.73,8.5,14.87,33.19,53.84,media,5893.0,0,330.0,7,29.0,0.0,23.42,"Segmento de 51 m en estado muy malo: índice de condición 41/100 (intervalo 90 %: 24–58). Detecciones: 3 piel de cocodrilo, 16 baches. Rugosidad IRI 7.2 m/km. Contexto: hospital a 330 m, 7 siniestros a 250 m. Prioridad media (54/100).",rehabilitacion,programada_6_meses,plantilla,det=detector_cpu;fusion=ensamble10,20260930-2219,41.3,malo,Daño dominante: baches; acción según estado muy malo.
454,T1-JA-0004,despliegue,Japan,10,7000489,4.635015,-74.187434,d2g4rgf,127.2,2026-07-12 12:14,sim_pred,31,0,23,8,8.8,100.0,100.0,74.7,75.1,66.0,5.82,42.0,57.6,40.7,74.4,regular,0.456,0.441,2.94,68.17,71.73,24.01,13.51,58.38,53.8,media,533.0,0,543.0,10,28.4,1.6,26.74,"Segmento de 127 m en estado regular: índice de condición 58/100 (intervalo 90 %: 41–74). Detecciones: 31 grietas longitudinales, 23 piel de cocodrilo, 8 baches. Rugosidad IRI 5.8 m/km. Contexto: hospital a 543 m, 10 siniestros a 250 m. Prioridad media (54/100).",parcheo,programada_6_meses,plantilla,det=detector_cpu;fusion=ensamble10,20260930-2219,,,Daño dominante: piel de cocodrilo; acción según estado regular.
455,TR-JA-0047,test,Japan,10,11010874,4.700112,-74.075933,d2g6dre,80.5,2026-07-20 13:11,sim_gt,69,0,17,22,19.72,100.0,100.0,70.0,74.1,60.9,4.7,51.4,57.6,40.7,74.4,regular,0.462,0.44,1.97,43.88,84.96,43.78,50.99,58.23,53.75,media,3397.0,0,247.0,33,53.8,1.2,29.58,"Segmento de 80 m en estado regular: índice de condición 58/100 (intervalo 90 %: 41–74). Detecciones: 69 grietas longitudinales, 17 piel de cocodrilo, 22 baches. Rugosidad IRI 4.7 m/km. Contexto: hospital a 247 m, 33 siniestros a 250 m. Prioridad media (54/100).",parcheo,programada_6_meses,plantilla,det=detector_cpu;fusion=ensamble10,20260930-2219,59.7,regular,Daño dominante: piel de cocodrilo; acción según estado regular.
456,T2-IN-0086,despliegue,India,10,16004082,4.596819,-74.124547,d2g61kb,51.5,2026-07-11 14:12,sim_pred,16,0,13,6,6.23,100.0,100.0,87.1,81.9,77.4,6.05,40.3,64.4,47.5,81.2,regular,0.501,0.224,4.26,56.13,84.96,64.83,25.91,68.4,53.73,media,2180.0,0,813.0,47,38.4,0.0,29.45,"Segmento de 52 m en estado regular: índice de condición 64/100 (intervalo 90 %: 48–81). Detecciones: 16 grietas longitudinales, 13 piel de cocodrilo, 6 baches. Rugosidad IRI 6.0 m/km. Contexto: hospital a 813 m, 47 siniestros a 250 m. Prioridad media (54/100).",bacheo,programada_6_meses,plantilla,det=detector_cpu;fusion=ensamble10,20260930-2219,,,Daño dominante: baches; acción según estado regular.
457,TR-JA-0172,test,Japan,10,10004439,4.70459,-74.112531,d2g6c82,43.1,2026-07-19 16:19,sim_gt,49,0,17,2,16.01,100.0,100.0,67.4,80.0,60.4,7.73,29.8,49.7,32.8,66.5,malo,0.516,0.724,3.09,27.98,71.73,9.07,88.96,38.56,53.63,media,600.0,0,455.0,14,103.8,2.3,24.43,"Segmento de 43 m en estado malo: índice de condición 50/100 (intervalo 90 %: 33–66). Detecciones: 49 grietas longitudinales, 17 piel de cocodrilo, 2 baches. Rugosidad IRI 7.7 m/km. Contexto: hospital a 455 m, 14 siniestros a 250 m. Prioridad media (54/100).",rehabilitacion,programada_6_meses,plantilla,det=detector_cpu;fusion=ensamble10,20260930-2219,46.6,malo,Daño dominante: piel de cocodrilo; acción según estado malo.
458,TR-JA-0531,test,Japan,10,12001481,4.669939,-74.074181,d2g6d6h,87.7,2026-07-23 15:51,sim_gt,6,0,2,22,3.54,98.9,100.0,66.5,77.8,58.3,4.84,50.1,55.4,38.6,72.2,malo,0.429,0.522,3.72,29.26,71.73,71.32,53.53,54.64,53.61,media,3224.0,0,649.0,58,56.1,,24.77,"Segmento de 88 m en estado malo: índice de condición 55/100 (intervalo 90 %: 39–72). Detecciones: 6 grietas longitudinales, 2 piel de cocodrilo, 22 baches. Rugosidad IRI 4.8 m/km. Contexto: hospital a 649 m, 58 siniestros a 250 m. Prioridad media (54/100).",rehabilitacion,programada_6_meses,plantilla,det=detector_cpu;fusion=ensamble10,20260930-2219,34.1,muy_malo,Daño dominante: piel de cocodrilo; acción según estado malo.
459,T2-JA-0089,despliegue,Japan,10,7005335,4.609089,-74.197616,d2g4px4,45.0,2026-08-21 09:56,sim_pred,42,1,11,3,14.64,100.0,100.0,89.5,90.7,86.2,4.07,57.6,76.2,59.4,93.0,satisfactorio,0.492,0.034,4.31,86.3,71.73,53.87,7.63,73.09,53.51,media,106.0,8,137.0,26,21.7,2.2,31.24,"Segmento de 45 m en estado satisfactorio: índice de condición 76/100 (intervalo 90 %: 59–93). Detecciones: 42 grietas longitudinales, 1 grietas transversales, 11 piel de cocodrilo, 3 baches. Rugosidad IRI 4.1 m/km. Contexto: colegio a 106 m, hospital a 137 m, 26 siniestros a 250 m. Prioridad media (54/100).",sellado_de_fisuras,programada_6_meses,plantilla,det=detector_cpu;fusion=ensamble10,20260930-2219,,,Daño dominante: piel de cocodrilo; acción según estado satisfactorio.
460,T1-IN-0005,despliegue,India,10,1004370,4.706565,-74.050366,d2g6fby,85.8,2026-09-02 16:34,sim_pred,12,0,4,4,3.59,100.0,100.0,92.1,80.4,77.6,4.94,49.2,67.7,50.8,84.5,regular,0.478,0.142,3.84,74.83,71.73,70.75,74.7,72.72,53.49,media,6094.0,0,49.0,78,77.6,4.7,29.04,"Segmento de 86 m en estado regular: índice de condición 68/100 (intervalo 90 %: 51–84). Detecciones: 12 grietas longitudinales, 4 piel de cocodrilo, 4 baches. Rugosidad IRI 4.9 m/km. Contexto: hospital a 49 m, 78 siniestros a 250 m. Prioridad media (54/100).",bacheo,programada_6_meses,plantilla,det=detector_cpu;fusion=ensamble10,20260930-2219,,,Daño dominante: baches; acción según estado regular.
461,TR-JA-0785,test,Japan,10,19010363,4.544648,-74.160658,d2g3b7m,40.9,2026-07-19 14:35,sim_gt,38,0,42,17,24.67,100.0,100.0,69.4,68.1,57.4,9.19,22.9,45.3,28.5,62.2,malo,0.506,0.846,2.39,14.92,88.17,8.5,29.14,38.95,53.38,media,386.0,1,645.0,7,39.7,,36.75,"Segmento de 41 m en estado malo: índice de condición 45/100 (intervalo 90 %: 28–62). Detecciones: 38 grietas longitudinales, 42 piel de cocodrilo, 17 baches. Rugosidad IRI 9.2 m/km. Contexto: colegio a 386 m, hospital a 645 m, 7 siniestros a 250 m. Prioridad media (53/100).",bacheo,programada_6_meses,plantilla,det=detector_cpu;fusion=ensamble10,20260930-2219,28.3,muy_malo,Daño dominante: baches; acción según estado malo.
462,T2-JA-0021,despliegue,Japan,10,12002301,4.659347,-74.06599,d2g6d84,58.0,2026-09-05 10:18,sim_pred,75,0,34,6,20.56,100.0,100.0,63.9,76.7,55.7,7.28,32.3,47.5,30.7,64.4,malo,0.514,0.785,3.3,5.58,84.96,40.63,44.54,42.13,53.34,media,4566.0,0,200.0,31,49.4,0.0,26.76,"Segmento de 58 m en estado malo: índice de condición 48/100 (intervalo 90 %: 31–64). Detecciones: 75 grietas longitudinales, 34 piel de cocodrilo, 6 baches. Rugosidad IRI 7.3 m/km. Contexto: hospital a 200 m, 31 siniestros a 250 m. Prioridad media (53/100).",rehabilitacion,programada_6_meses,plantilla,det=detector_cpu;fusion=ensamble10,20260930-2219,,,Daño dominante: piel de cocodrilo; acción según estado malo.
463,T1-JA-0015,despliegue,Japan,10,19004231,4.572009,-74.155554,d2g6083,42.8,2026-07-04 15:54,sim_pred,24,0,38,4,23.21,100.0,100.0,70.4,78.7,62.9,8.7,25.0,49.7,32.8,66.5,malo,0.496,0.715,4.52,21.12,71.73,47.08,67.11,45.32,53.33,media,301.0,2,223.0,31,70.7,0.0,23.71,"Segmento de 43 m en estado malo: índice de condición 50/100 (intervalo 90 %: 33–66). Detecciones: 24 grietas longitudinales, 38 piel de cocodrilo, 4 baches. Rugosidad IRI 8.7 m/km. Contexto: colegio a 301 m, hospital a 223 m, 31 siniestros a 250 m. Prioridad media (53/100).",rehabilitacion,programada_6_meses,plantilla,det=detector_cpu;fusion=ensamble10,20260930-2219,,,Daño dominante: piel de cocodrilo; acción según estado malo.
464,T2-IN-0018,despliegue,India,10,19012471,4.509301,-74.148997,d2g38sy,45.5,2026-07-04 09:06,sim_pred,29,0,18,13,15.0,100.0,100.0,73.9,60.5,51.4,11.33,15.6,38.8,22.0,55.7,muy_malo,0.579,0.943,3.79,21.12,71.73,2.12,77.66,34.08,53.33,media,2773.0,0,2310.0,2,79.5,15.4,23.71,"Segmento de 46 m en estado muy malo: índice de condición 39/100 (intervalo 90 %: 22–56). Detecciones: 29 grietas longitudinales, 18 piel de cocodrilo, 13 baches. Rugosidad IRI 11.3 m/km. Contexto: 2 siniestros a 250 m. Prioridad media (53/100).",rehabilitacion,programada_6_meses,plantilla,det=detector_cpu;fusion=ensamble10,20260930-2219,,,Daño dominante: baches; acción según estado muy malo.
465,T2-JA-0053,despliegue,Japan,10,11010032,4.713635,-74.062707,d2g6fdj,85.2,2026-08-09 13:24,sim_pred,32,0,19,2,11.61,100.0,100.0,67.0,90.7,63.7,4.18,56.4,61.1,44.3,78.0,regular,0.505,0.316,3.35,84.71,71.73,13.54,67.41,62.38,53.26,media,4752.0,0,220.0,13,71.1,0.0,29.34,"Segmento de 85 m en estado regular: índice de condición 61/100 (intervalo 90 %: 44–78). Detecciones: 32 grietas longitudinales, 19 piel de cocodrilo, 2 baches. Rugosidad IRI 4.2 m/km. Contexto: hospital a 220 m, 13 siniestros a 250 m. Prioridad media (53/100).",parcheo,programada_6_meses,plantilla,det=detector_cpu;fusion=ensamble10,20260930-2219,,,Daño dominante: piel de cocodrilo; acción según estado regular.
466,T1-IN-0079,despliegue,India,10,13000231,4.65084,-74.073983,d2g66qs,77.8,2026-06-13 09:12,sim_pred,3,0,2,14,3.32,100.0,100.0,93.4,73.5,71.1,4.44,53.9,65.1,48.3,81.9,regular,0.515,0.196,2.92,56.13,71.73,82.44,78.95,68.17,53.21,media,4387.0,0,413.0,82,80.7,1.3,26.11,"Segmento de 78 m en estado regular: índice de condición 65/100 (intervalo 90 %: 48–82). Detecciones: 3 grietas longitudinales, 2 piel de cocodrilo, 14 baches. Rugosidad IRI 4.4 m/km. Contexto: hospital a 413 m, 82 siniestros a 250 m. Prioridad media (53/100).",bacheo,programada_6_meses,plantilla,det=detector_cpu;fusion=ensamble10,20260930-2219,,,Daño dominante: baches; acción según estado regular.
467,T2-JA-0020,despliegue,Japan,10,4004519,4.547072,-74.08414,d2g3f5v,150.0,2026-08-20 12:14,sim_pred,29,0,17,5,8.68,99.9,100.0,66.7,83.7,60.9,6.25,38.9,53.2,36.4,70.1,malo,0.487,0.606,1.74,43.88,71.73,30.69,68.55,50.33,53.2,media,5217.0,0,246.0,23,71.8,6.4,24.84,"Segmento de 150 m en estado malo: índice de condición 53/100 (intervalo 90 %: 36–70). Detecciones: 29 grietas longitudinales, 17 piel de cocodrilo, 5 baches. Rugosidad IRI 6.2 m/km. Contexto: hospital a 246 m, 23 siniestros a 250 m. Prioridad media (53/100).",rehabilitacion,programada_6_meses,plantilla,det=detector_cpu;fusion=ensamble10,20260930-2219,,,Daño dominante: piel de cocodrilo; acción según estado malo.
468,T1-IN-0081,despliegue,India,10,16003644,4.599418,-74.119294,d2g61m7,47.5,2026-07-04 09:41,sim_pred,1,0,0,9,0.62,100.0,100.0,93.0,78.1,75.6,4.32,55.0,68.4,51.6,85.2,regular,0.473,0.123,3.22,92.61,71.73,43.78,37.78,73.09,53.19,media,1859.0,0,878.0,17,44.7,0.0,40.68,"Segmento de 48 m en estado regular: índice de condición 68/100 (intervalo 90 %: 52–85). Detecciones: 1 grietas longitudinales, 9 baches. Rugosidad IRI 4.3 m/km. Contexto: hospital a 878 m, 17 siniestros a 250 m. Prioridad media (53/100).",bacheo,programada_6_meses,plantilla,det=detector_cpu;fusion=ensamble10,20260930-2219,,,Daño dominante: baches; acción según estado regular.
469,TR-IN-0297,test,India,10,11010111,4.713022,-74.071139,d2g6f3z,150.0,2026-09-17 16:34,sim_gt,9,0,7,5,9.24,100.0,100.0,89.0,99.3,88.7,3.41,64.9,80.4,63.5,97.2,satisfactorio,0.51,0.011,3.21,86.71,100.0,84.52,56.94,90.81,53.1,media,3815.0,0,119.0,91,59.8,0.0,61.51,"Segmento de 150 m en estado satisfactorio: índice de condición 80/100 (intervalo 90 %: 64–97). Detecciones: 9 grietas longitudinales, 7 piel de cocodrilo, 5 baches. Rugosidad IRI 3.4 m/km. Contexto: hospital a 119 m, 91 siniestros a 250 m. Prioridad media (53/100).",sellado_de_fisuras,programada_6_meses,plantilla,det=detector_cpu;fusion=ensamble10,20260930-2219,57.9,regular,Daño dominante: piel de cocodrilo; acción según estado satisfactorio.
470,TR-JA-0570,test,Japan,10,11010666,4.703666,-74.059164,d2g6f8r,62.1,2026-09-25 08:34,sim_gt,3,0,28,4,14.33,100.0,100.0,83.1,75.2,69.3,4.29,55.3,64.4,47.6,81.2,regular,0.516,0.216,3.12,87.02,84.96,8.5,51.75,66.67,53.03,media,5147.0,0,680.0,9,54.7,,42.6,"Segmento de 62 m en estado regular: índice de condición 64/100 (intervalo 90 %: 48–81). Detecciones: 3 grietas longitudinales, 28 piel de cocodrilo, 4 baches. Rugosidad IRI 4.3 m/km. Contexto: hospital a 680 m, 9 siniestros a 250 m. Prioridad media (53/100).",bacheo,programada_6_meses,plantilla,det=detector_cpu;fusion=ensamble10,20260930-2219,49.5,malo,Daño dominante: baches; acción según estado regular.
471,TR-JA-0486,test,Japan,10,13001629,4.632355,-74.085626,d2g665k,68.4,2026-06-26 08:57,sim_gt,16,0,10,8,9.72,100.0,100.0,72.6,82.4,66.5,5.52,44.4,58.7,41.9,75.6,regular,0.477,0.399,2.93,62.69,71.73,31.71,58.19,58.11,53.01,media,5292.0,0,601.0,28,61.1,,26.58,"Segmento de 68 m en estado regular: índice de condición 59/100 (intervalo 90 %: 42–76). Detecciones: 16 grietas longitudinales, 10 piel de cocodrilo, 8 baches. Rugosidad IRI 5.5 m/km. Contexto: hospital a 601 m, 28 siniestros a 250 m. Prioridad media (53/100).",parcheo,programada_6_meses,plantilla,det=detector_cpu;fusion=ensamble10,20260930-2219,54.6,malo,Daño dominante: piel de cocodrilo; acción según estado regular.
472,T2-IN-0074,despliegue,India,10,18000437,4.584891,-74.115549,d2g616w,73.9,2026-07-15 11:22,sim_pred,4,0,8,3,7.16,100.0,100.0,89.2,75.4,71.6,5.33,45.9,62.6,45.8,79.4,regular,0.527,0.263,2.03,66.98,71.73,47.84,23.14,63.85,52.99,media,1021.0,0,522.0,29,36.6,0.0,26.5,"Segmento de 74 m en estado regular: índice de condición 63/100 (intervalo 90 %: 46–79). Detecciones: 4 grietas longitudinales, 8 piel de cocodrilo, 3 baches. Rugosidad IRI 5.3 m/km. Contexto: hospital a 522 m, 29 siniestros a 250 m. Prioridad media (53/100).",bacheo,programada_6_meses,plantilla,det=detector_cpu;fusion=ensamble10,20260930-2219,,,Daño dominante: baches; acción según estado regular.
473,TR-IN-0697,test,India,10,10002535,4.710654,-74.135382,d2g6c18,69.1,2026-07-03 13:14,sim_gt,0,0,2,11,1.8,100.0,100.0,100.0,83.2,83.2,3.31,65.9,77.2,60.3,94.0,satisfactorio,0.514,0.024,3.18,99.11,88.17,9.83,91.16,72.96,52.88,media,239.0,2,762.0,11,114.2,0.0,56.38,"Segmento de 69 m en estado satisfactorio: índice de condición 77/100 (intervalo 90 %: 60–94). Detecciones: 2 piel de cocodrilo, 11 baches. Rugosidad IRI 3.3 m/km. Contexto: colegio a 239 m, hospital a 762 m, 11 siniestros a 250 m. Prioridad media (53/100).",sellado_de_fisuras,programada_6_meses,plantilla,det=detector_cpu;fusion=ensamble10,20260930-2219,70.1,regular,Daño dominante: baches; acción según estado satisfactorio.
474,T2-JA-0086,despliegue,Japan,10,5005476,4.498671,-74.08119,d2g3d4z,139.9,2026-08-19 08:35,sim_pred,47,0,26,3,19.69,100.0,100.0,69.1,81.1,62.5,6.98,34.1,52.5,35.7,69.4,malo,0.471,0.622,4.51,89.21,71.73,0.72,53.15,60.97,52.86,media,10239.0,0,2172.0,0,56.0,9.3,39.55,"Segmento de 140 m en estado malo: índice de condición 52/100 (intervalo 90 %: 36–69). Detecciones: 47 grietas longitudinales, 26 piel de cocodrilo, 3 baches. Rugosidad IRI 7.0 m/km. Prioridad media (53/100).",rehabilitacion,programada_6_meses,plantilla,det=detector_cpu;fusion=ensamble10,20260930-2219,,,Daño dominante: piel de cocodrilo; acción según estado malo.
475,T1-JA-0016,despliegue,Japan,10,2000259,4.67875,-74.049062,d2g6dgx,150.0,2026-07-13 09:54,sim_pred,56,0,44,3,24.23,100.0,100.0,72.9,84.6,67.5,6.31,38.4,57.3,40.5,74.2,regular,0.432,0.453,4.99,21.19,100.0,48.44,43.32,55.59,52.84,media,5785.0,0,319.0,47,48.9,0.0,40.84,"Segmento de 150 m en estado regular: índice de condición 57/100 (intervalo 90 %: 40–74). Detecciones: 56 grietas longitudinales, 44 piel de cocodrilo, 3 baches. Rugosidad IRI 6.3 m/km. Contexto: hospital a 319 m, 47 siniestros a 250 m. Prioridad media (53/100).",parcheo,programada_6_meses,plantilla,det=detector_cpu;fusion=ensamble10,20260930-2219,,,Daño dominante: piel de cocodrilo; acción según estado regular.
476,TR-JA-0706,test,Japan,10,9003914,4.651718,-74.121762,d2g63qf,150.0,2026-09-10 16:57,sim_gt,46,0,39,2,23.49,100.0,100.0,76.7,95.2,75.0,3.08,68.7,72.8,56.0,89.6,satisfactorio,0.46,0.057,3.0,85.03,71.73,78.15,49.51,78.65,52.78,media,1261.0,0,910.0,65,52.0,,31.79,"Segmento de 150 m en estado satisfactorio: índice de condición 73/100 (intervalo 90 %: 56–90). Detecciones: 46 grietas longitudinales, 39 piel de cocodrilo, 2 baches. Rugosidad IRI 3.1 m/km. Contexto: hospital a 910 m, 65 siniestros a 250 m. Prioridad media (53/100).",sellado_de_fisuras,programada_6_meses,plantilla,det=detector_cpu;fusion=ensamble10,20260930-2219,60.2,regular,Daño dominante: piel de cocodrilo; acción según estado satisfactorio.
477,T1-IN-0036,despliegue,India,10,4003712,4.551706,-74.093617,d2g3cuw,105.0,2026-08-08 08:17,sim_pred,1,0,0,5,0.43,100.0,100.0,100.0,75.5,75.5,3.86,59.8,70.0,53.2,86.8,regular,0.444,0.094,2.98,74.83,71.73,77.43,18.25,74.39,52.76,media,4310.0,0,147.0,60,31.1,12.4,27.58,"Segmento de 105 m en estado regular: índice de condición 70/100 (intervalo 90 %: 53–87). Detecciones: 1 grietas longitudinales, 5 baches. Rugosidad IRI 3.9 m/km. Contexto: hospital a 147 m, 60 siniestros a 250 m. Prioridad media (53/100).",bacheo,programada_6_meses,plantilla,det=detector_cpu;fusion=ensamble10,20260930-2219,,,Daño dominante: baches; acción según estado regular.
478,TR-JA-0135,test,Japan,10,11009972,4.714095,-74.063479,d2g6fdh,102.6,2026-08-23 13:59,sim_gt,41,0,1,1,1.88,100.0,100.0,72.9,87.2,68.4,5.16,47.3,61.0,44.2,77.9,regular,0.488,0.326,4.51,81.88,71.73,12.03,68.29,60.86,52.72,media,4673.0,0,310.0,11,71.5,1.9,28.16,"Segmento de 103 m en estado regular: índice de condición 61/100 (intervalo 90 %: 44–78). Detecciones: 41 grietas longitudinales, 1 piel de cocodrilo, 1 baches. Rugosidad IRI 5.2 m/km. Contexto: hospital a 310 m, 11 siniestros a 250 m. Prioridad media (53/100).",parcheo,programada_6_meses,plantilla,det=detector_cpu;fusion=ensamble10,20260930-2219,41.6,malo,Daño dominante: piel de cocodrilo; acción según estado regular.
479,TR-JA-0567,test,Japan,10,10002775,4.710203,-74.131483,d2g6c17,94.6,2026-07-21 10:43,sim_gt,56,0,61,7,27.38,100.0,100.0,57.9,85.0,52.7,5.24,46.6,50.6,33.7,67.4,malo,0.515,0.697,2.66,52.22,71.73,16.39,89.8,50.09,52.7,media,421.0,1,1143.0,12,107.5,,25.13,"Segmento de 95 m en estado malo: índice de condición 51/100 (intervalo 90 %: 34–67). Detecciones: 56 grietas longitudinales, 61 piel de cocodrilo, 7 baches. Rugosidad IRI 5.2 m/km. Contexto: colegio a 421 m, 12 siniestros a 250 m. Prioridad media (53/100).",rehabilitacion,programada_6_meses,plantilla,det=detector_cpu;fusion=ensamble10,20260930-2219,46.3,malo,Daño dominante: piel de cocodrilo; acción según estado malo.
480,T1-IN-0083,despliegue,India,10,3000059,4.621282,-74.066612,d2g6696,83.0,2026-06-17 08:34,sim_pred,4,0,0,10,0.76,100.0,100.0,98.0,83.5,82.8,4.27,55.5,73.3,56.4,90.1,satisfactorio,0.47,0.052,2.83,73.46,84.96,80.08,79.97,79.14,52.7,media,5793.0,0,189.0,70,80.9,1.2,32.05,"Segmento de 83 m en estado satisfactorio: índice de condición 73/100 (intervalo 90 %: 56–90). Detecciones: 4 grietas longitudinales, 10 baches. Rugosidad IRI 4.3 m/km. Contexto: hospital a 189 m, 70 siniestros a 250 m. Prioridad media (53/100).",sellado_de_fisuras,programada_6_meses,plantilla,det=detector_cpu;fusion=ensamble10,20260930-2219,,,Daño dominante: baches; acción según estado satisfactorio.
481,TR-JA-0571,test,Japan,10,19008895,4.550252,-74.14274,d2g3bu6,50.7,2026-06-16 15:52,sim_gt,7,0,52,12,26.14,100.0,100.0,64.5,83.4,58.7,5.5,44.5,53.7,36.9,70.6,malo,0.474,0.586,2.36,25.98,71.73,57.25,58.31,49.81,52.68,media,2048.0,0,277.0,30,61.2,,24.14,"Segmento de 51 m en estado malo: índice de condición 54/100 (intervalo 90 %: 37–71). Detecciones: 7 grietas longitudinales, 52 piel de cocodrilo, 12 baches. Rugosidad IRI 5.5 m/km. Contexto: hospital a 277 m, 30 siniestros a 250 m. Prioridad media (53/100).",rehabilitacion,programada_6_meses,plantilla,det=detector_cpu;fusion=ensamble10,20260930-2219,30.5,muy_malo,Daño dominante: piel de cocodrilo; acción según estado malo.
482,TR-JA-0835,test,Japan,10,11000599,4.758355,-74.091275,d2g7440,41.8,2026-06-07 12:52,sim_gt,11,0,37,6,24.75,100.0,100.0,74.3,62.6,53.6,6.3,38.5,48.3,31.5,65.1,malo,0.519,0.765,3.04,14.92,71.73,10.81,99.43,33.77,52.52,media,1614.0,0,306.0,14,179.1,,23.42,"Segmento de 42 m en estado malo: índice de condición 48/100 (intervalo 90 %: 32–65). Detecciones: 11 grietas longitudinales, 37 piel de cocodrilo, 6 baches. Rugosidad IRI 6.3 m/km. Contexto: hospital a 306 m, 14 siniestros a 250 m. Prioridad media (52/100).",bacheo,programada_6_meses,plantilla,det=detector_cpu;fusion=ensamble10,20260930-2219,30.9,muy_malo,Daño dominante: baches; acción según estado malo.
483,T2-JA-0048,despliegue,Japan,10,10009121,4.675015,-74.089475,d2g6d51,52.3,2026-07-11 14:05,sim_pred,43,0,30,0,15.32,100.0,100.0,76.1,88.9,72.2,6.18,39.4,60.7,43.9,77.5,regular,0.476,0.34,5.14,43.88,71.73,68.7,44.23,59.83,52.51,media,1444.0,0,331.0,51,49.3,0.0,24.84,"Segmento de 52 m en estado regular: índice de condición 61/100 (intervalo 90 %: 44–78). Detecciones: 43 grietas longitudinales, 30 piel de cocodrilo. Rugosidad IRI 6.2 m/km. Contexto: hospital a 331 m, 51 siniestros a 250 m. Prioridad media (52/100).",parcheo,programada_6_meses,plantilla,det=detector_cpu;fusion=ensamble10,20260930-2219,,,Daño dominante: piel de cocodrilo; acción según estado regular.
484,TR-JA-0046,test,Japan,10,9002322,4.674176,-74.136958,d2g68fz,59.9,2026-06-12 14:16,sim_gt,56,0,68,10,26.18,100.0,100.0,69.5,86.5,64.8,4.79,50.6,59.8,43.0,76.6,regular,0.5,0.358,2.29,43.88,84.96,44.8,74.92,58.49,52.51,media,390.0,1,239.0,36,77.7,0.0,29.64,"Segmento de 60 m en estado regular: índice de condición 60/100 (intervalo 90 %: 43–77). Detecciones: 56 grietas longitudinales, 68 piel de cocodrilo, 10 baches. Rugosidad IRI 4.8 m/km. Contexto: colegio a 390 m, hospital a 239 m, 36 siniestros a 250 m. Prioridad media (52/100).",parcheo,programada_6_meses,plantilla,det=detector_cpu;fusion=ensamble10,20260930-2219,59.2,regular,Daño dominante: piel de cocodrilo; acción según estado regular.
485,T1-JA-0122,despliegue,Japan,10,8009624,4.609138,-74.164554,d2g60r5,47.5,2026-06-20 16:17,sim_pred,33,0,10,1,13.43,100.0,100.0,73.3,76.8,65.2,7.15,33.0,53.9,37.1,70.8,malo,0.472,0.579,2.06,21.12,71.73,14.49,71.74,37.18,52.51,media,199.0,1,541.0,14,75.0,0.0,23.71,"Segmento de 48 m en estado malo: índice de condición 54/100 (intervalo 90 %: 37–71). Detecciones: 33 grietas longitudinales, 10 piel de cocodrilo, 1 baches. Rugosidad IRI 7.2 m/km. Contexto: colegio a 199 m, hospital a 541 m, 14 siniestros a 250 m. Prioridad media (52/100).",rehabilitacion,programada_6_meses,plantilla,det=detector_cpu;fusion=ensamble10,20260930-2219,,,Daño dominante: piel de cocodrilo; acción según estado malo.
486,T2-JA-0003,despliegue,Japan,10,5000442,4.532764,-74.115113,d2g3c3p,86.8,2026-06-13 08:44,sim_pred,30,0,22,0,13.33,100.0,100.0,79.8,86.5,75.1,5.62,43.5,64.0,47.2,80.9,regular,0.532,0.218,1.49,97.04,71.73,3.53,60.43,64.8,52.49,media,5459.0,0,724.0,3,63.0,18.4,42.85,"Segmento de 87 m en estado regular: índice de condición 64/100 (intervalo 90 %: 47–81). Detecciones: 30 grietas longitudinales, 22 piel de cocodrilo. Rugosidad IRI 5.6 m/km. Contexto: hospital a 724 m, 3 siniestros a 250 m. Prioridad media (52/100).",parcheo,programada_6_meses,plantilla,det=detector_cpu;fusion=ensamble10,20260930-2219,,,Daño dominante: piel de cocodrilo; acción según estado regular.
487,TR-JA-0317,test,Japan,10,19001435,4.587781,-74.17124,d2g605n,138.1,2026-07-06 15:52,sim_gt,26,0,65,4,26.73,100.0,100.0,68.8,85.1,63.6,4.43,53.9,60.2,43.3,77.0,regular,0.506,0.344,2.1,26.66,71.73,41.54,63.54,46.15,52.35,media,138.0,10,343.0,18,67.9,5.1,24.28,"Segmento de 138 m en estado regular: índice de condición 60/100 (intervalo 90 %: 43–77). Detecciones: 26 grietas longitudinales, 65 piel de cocodrilo, 4 baches. Rugosidad IRI 4.4 m/km. Contexto: colegio a 138 m, hospital a 343 m, 18 siniestros a 250 m. Prioridad media (52/100).",parcheo,programada_6_meses,plantilla,det=detector_cpu;fusion=ensamble10,20260930-2219,50.8,malo,Daño dominante: piel de cocodrilo; acción según estado regular.
488,T2-IN-0050,despliegue,India,10,1005276,4.692896,-74.038972,d2g6enq,99.4,2026-07-30 13:08,sim_pred,4,0,34,3,18.25,100.0,100.0,73.7,72.1,62.9,8.58,25.5,49.8,33.0,66.6,malo,0.503,0.713,4.03,21.5,71.73,6.68,88.47,35.37,52.26,media,7032.0,0,525.0,8,102.2,0.0,24.55,"Segmento de 99 m en estado malo: índice de condición 50/100 (intervalo 90 %: 33–67). Detecciones: 4 grietas longitudinales, 34 piel de cocodrilo, 3 baches. Rugosidad IRI 8.6 m/km. Contexto: hospital a 525 m, 8 siniestros a 250 m. Prioridad media (52/100).",bacheo,programada_6_meses,plantilla,det=detector_cpu;fusion=ensamble10,20260930-2219,,,Daño dominante: baches; acción según estado malo.
489,TR-IN-0245,test,India,10,10004103,4.706106,-74.108911,d2g6c8e,150.0,2026-06-05 10:16,sim_gt,10,0,11,13,11.51,100.0,100.0,91.2,80.1,77.0,4.39,54.4,69.1,52.2,85.9,regular,0.47,0.104,1.81,61.96,71.73,86.72,92.22,71.57,52.19,media,501.0,0,278.0,98,116.4,1.2,26.46,"Segmento de 150 m en estado regular: índice de condición 69/100 (intervalo 90 %: 52–86). Detecciones: 10 grietas longitudinales, 11 piel de cocodrilo, 13 baches. Rugosidad IRI 4.4 m/km. Contexto: hospital a 278 m, 98 siniestros a 250 m. Prioridad media (52/100).",bacheo,programada_6_meses,plantilla,det=detector_cpu;fusion=ensamble10,20260930-2219,57.9,regular,Daño dominante: baches; acción según estado regular.
490,TR-JA-0734,test,Japan,10,7000712,4.632088,-74.184549,d2g4rgh,71.7,2026-08-26 12:54,sim_gt,73,0,33,4,22.94,100.0,100.0,67.9,88.7,63.9,4.22,56.0,61.2,44.3,78.0,regular,0.523,0.308,1.31,43.88,71.73,67.41,10.43,59.51,52.11,media,507.0,0,122.0,39,24.4,,24.84,"Segmento de 72 m en estado regular: índice de condición 61/100 (intervalo 90 %: 44–78). Detecciones: 73 grietas longitudinales, 33 piel de cocodrilo, 4 baches. Rugosidad IRI 4.2 m/km. Contexto: hospital a 122 m, 39 siniestros a 250 m. Prioridad media (52/100).",parcheo,programada_6_meses,plantilla,det=detector_cpu;fusion=ensamble10,20260930-2219,54.5,malo,Daño dominante: piel de cocodrilo; acción según estado regular.
491,TR-JA-0106,test,Japan,10,7001834,4.625051,-74.185226,d2g4rcg,74.5,2026-07-26 11:26,sim_gt,23,0,85,2,33.46,100.0,100.0,85.6,98.7,85.1,2.87,71.4,80.3,63.5,97.1,satisfactorio,0.511,0.011,3.16,80.29,71.73,73.48,16.01,75.59,52.05,media,293.0,1,424.0,45,29.3,0.0,27.87,"Segmento de 74 m en estado satisfactorio: índice de condición 80/100 (intervalo 90 %: 64–97). Detecciones: 23 grietas longitudinales, 85 piel de cocodrilo, 2 baches. Rugosidad IRI 2.9 m/km. Contexto: colegio a 293 m, hospital a 424 m, 45 siniestros a 250 m. Prioridad media (52/100).",sellado_de_fisuras,programada_6_meses,plantilla,det=detector_cpu;fusion=ensamble10,20260930-2219,53.7,malo,Daño dominante: piel de cocodrilo; acción según estado satisfactorio.
492,T2-IN-0009,despliegue,India,10,4000756,4.570187,-74.096568,d2g3czu,65.4,2026-09-23 14:12,sim_pred,0,0,2,7,3.77,100.0,100.0,91.1,80.5,77.4,4.7,51.3,68.3,51.5,85.1,regular,0.475,0.125,3.2,56.13,71.73,89.53,13.96,69.94,52.0,media,2301.0,0,654.0,80,28.5,4.6,26.17,"Segmento de 65 m en estado regular: índice de condición 68/100 (intervalo 90 %: 52–85). Detecciones: 2 piel de cocodrilo, 7 baches. Rugosidad IRI 4.7 m/km. Contexto: hospital a 654 m, 80 siniestros a 250 m. Prioridad media (52/100).",bacheo,programada_6_meses,plantilla,det=detector_cpu;fusion=ensamble10,20260930-2219,,,Daño dominante: baches; acción según estado regular.
493,TR-JA-0500,test,Japan,10,2001084,4.656765,-74.061478,d2g66xw,150.0,2026-08-08 10:02,sim_gt,10,0,27,35,18.83,100.0,100.0,73.6,69.5,60.2,5.26,46.5,55.4,38.6,72.2,malo,0.437,0.522,2.45,5.61,84.96,74.47,27.69,50.6,51.99,media,5143.0,0,270.0,66,39.0,,28.3,"Segmento de 150 m en estado malo: índice de condición 55/100 (intervalo 90 %: 39–72). Detecciones: 10 grietas longitudinales, 27 piel de cocodrilo, 35 baches. Rugosidad IRI 5.3 m/km. Contexto: hospital a 270 m, 66 siniestros a 250 m. Prioridad media (52/100).",bacheo,programada_6_meses,plantilla,det=detector_cpu;fusion=ensamble10,20260930-2219,46.4,malo,Daño dominante: baches; acción según estado malo.
494,T1-JA-0106,despliegue,Japan,10,5005152,4.49993,-74.100952,d2g39g1,98.6,2026-08-24 11:23,sim_pred,22,0,7,6,9.02,100.0,100.0,77.8,74.5,66.8,4.39,54.4,62.4,45.6,79.3,regular,0.507,0.277,3.76,70.35,71.73,30.69,72.34,60.92,51.91,media,8096.0,0,176.0,17,75.8,8.1,27.01,"Segmento de 99 m en estado regular: índice de condición 62/100 (intervalo 90 %: 46–79). Detecciones: 22 grietas longitudinales, 7 piel de cocodrilo, 6 baches. Rugosidad IRI 4.4 m/km. Contexto: hospital a 176 m, 17 siniestros a 250 m. Prioridad media (52/100).",bacheo,programada_6_meses,plantilla,det=detector_cpu;fusion=ensamble10,20260930-2219,,,Daño dominante: baches; acción según estado regular.
495,T2-IN-0031,despliegue,India,10,12001216,4.672359,-74.078461,d2g6d69,83.3,2026-06-25 11:42,sim_pred,0,0,5,8,4.06,100.0,100.0,88.0,79.7,75.5,6.03,40.4,63.2,46.4,80.0,regular,0.521,0.248,2.86,56.13,71.73,57.25,60.77,61.87,51.82,media,2685.0,0,388.0,39,63.2,0.0,25.99,"Segmento de 83 m en estado regular: índice de condición 63/100 (intervalo 90 %: 46–80). Detecciones: 5 piel de cocodrilo, 8 baches. Rugosidad IRI 6.0 m/km. Contexto: hospital a 388 m, 39 siniestros a 250 m. Prioridad media (52/100).",bacheo,programada_6_meses,plantilla,det=detector_cpu;fusion=ensamble10,20260930-2219,,,Daño dominante: baches; acción según estado regular.
496,TR-JA-0836,test,Japan,10,8010051,4.607817,-74.175106,d2g60ng,48.1,2026-06-21 11:52,sim_gt,16,8,28,3,18.71,100.0,100.0,75.0,82.3,68.8,5.5,44.5,60.3,43.4,77.1,regular,0.501,0.343,2.81,43.88,71.73,9.07,67.0,44.92,51.81,media,221.0,5,722.0,8,70.6,,24.84,"Segmento de 48 m en estado regular: índice de condición 60/100 (intervalo 90 %: 43–77). Detecciones: 16 grietas longitudinales, 8 grietas transversales, 28 piel de cocodrilo, 3 baches. Rugosidad IRI 5.5 m/km. Contexto: colegio a 221 m, hospital a 722 m, 8 siniestros a 250 m. Prioridad media (52/100).",parcheo,programada_6_meses,plantilla,det=detector_cpu;fusion=ensamble10,20260930-2219,49.4,malo,Daño dominante: piel de cocodrilo; acción según estado regular.
497,TR-JA-0898,test,Japan,10,16000701,4.622746,-74.113544,d2g6398,70.3,2026-07-10 07:21,sim_gt,25,0,22,7,18.67,100.0,100.0,85.7,73.0,68.0,4.91,49.5,61.5,44.7,78.4,regular,0.505,0.305,3.55,72.45,71.73,20.6,42.87,59.23,51.78,media,3455.0,0,779.0,17,48.7,,27.2,"Segmento de 70 m en estado regular: índice de condición 62/100 (intervalo 90 %: 45–78). Detecciones: 25 grietas longitudinales, 22 piel de cocodrilo, 7 baches. Rugosidad IRI 4.9 m/km. Contexto: hospital a 779 m, 17 siniestros a 250 m. Prioridad media (52/100).",bacheo,programada_6_meses,plantilla,det=detector_cpu;fusion=ensamble10,20260930-2219,52.4,malo,Daño dominante: baches; acción según estado regular.
498,T2-JA-0113,despliegue,Japan,10,5008312,4.533191,-74.10838,d2g3c95,97.4,2026-06-23 15:24,sim_pred,17,0,24,5,13.27,100.0,100.0,73.2,77.9,65.5,6.59,36.6,55.4,38.5,72.2,malo,0.434,0.524,3.2,89.21,71.73,6.68,42.75,62.46,51.77,media,5987.0,0,1174.0,6,48.6,3.1,39.55,"Segmento de 97 m en estado malo: índice de condición 55/100 (intervalo 90 %: 38–72). Detecciones: 17 grietas longitudinales, 24 piel de cocodrilo, 5 baches. Rugosidad IRI 6.6 m/km. Contexto: 6 siniestros a 250 m. Prioridad media (52/100).",rehabilitacion,programada_6_meses,plantilla,det=detector_cpu;fusion=ensamble10,20260930-2219,,,Daño dominante: piel de cocodrilo; acción según estado malo.
499,T2-IN-0008,despliegue,India,10,11008066,4.725878,-74.054058,d2g6fu7,83.9,2026-09-04 09:40,sim_pred,12,0,8,3,6.06,100.0,100.0,89.0,87.3,83.5,5.3,46.1,70.4,53.6,87.2,regular,0.419,0.103,5.0,94.46,71.73,37.03,75.34,72.14,51.62,media,5242.0,0,904.0,27,78.0,3.6,41.25,"Segmento de 84 m en estado regular: índice de condición 70/100 (intervalo 90 %: 54–87). Detecciones: 12 grietas longitudinales, 8 piel de cocodrilo, 3 baches. Rugosidad IRI 5.3 m/km. Contexto: hospital a 904 m, 27 siniestros a 250 m. Prioridad media (52/100).",bacheo,programada_6_meses,plantilla,det=detector_cpu;fusion=ensamble10,20260930-2219,,,Daño dominante: baches; acción según estado regular.
500,TR-JA-0502,test,Japan,10,4000251,4.579169,-74.082184,d2g641w,117.5,2026-06-12 16:54,sim_gt,38,0,69,4,28.84,100.0,100.0,76.5,94.0,74.4,3.07,68.9,72.4,55.6,89.3,satisfactorio,0.456,0.059,2.44,84.03,100.0,24.01,87.78,74.62,51.39,media,2917.0,0,543.0,21,99.1,,45.15,"Segmento de 118 m en estado satisfactorio: índice de condición 72/100 (intervalo 90 %: 56–89). Detecciones: 38 grietas longitudinales, 69 piel de cocodrilo, 4 baches. Rugosidad IRI 3.1 m/km. Contexto: hospital a 543 m, 21 siniestros a 250 m. Prioridad media (51/100).",sellado_de_fisuras,programada_6_meses,plantilla,det=detector_cpu;fusion=ensamble10,20260930-2219,81.6,satisfactorio,Daño dominante: piel de cocodrilo; acción según estado satisfactorio.
501,T2-CZ-0013,despliegue,Czech,10,1004617,4.702565,-74.053806,d2g6fb5,85.3,2026-06-08 09:48,sim_pred,41,0,2,0,3.46,100.0,100.0,86.5,88.5,82.5,4.57,52.6,72.0,55.2,88.8,satisfactorio,0.441,0.068,3.33,63.87,84.96,74.47,96.89,73.9,51.35,media,5751.0,0,220.0,86,151.7,4.7,30.22,"Segmento de 85 m en estado satisfactorio: índice de condición 72/100 (intervalo 90 %: 55–89). Detecciones: 41 grietas longitudinales, 2 piel de cocodrilo. Rugosidad IRI 4.6 m/km. Contexto: hospital a 220 m, 86 siniestros a 250 m. Prioridad media (51/100).",sellado_de_fisuras,programada_6_meses,plantilla,det=detector_cpu;fusion=ensamble10,20260930-2219,,,Daño dominante: piel de cocodrilo; acción según estado satisfactorio.
502,TR-JA-0572,test,Japan,10,8014139,4.65104,-74.169009,d2g62nx,123.1,2026-09-13 10:08,sim_gt,28,0,32,7,15.96,100.0,100.0,81.0,76.5,69.8,4.28,55.4,64.8,48.0,81.6,regular,0.522,0.201,2.42,61.12,100.0,14.49,17.49,63.07,51.35,media,164.0,4,1241.0,10,30.1,,42.17,"Segmento de 123 m en estado regular: índice de condición 65/100 (intervalo 90 %: 48–82). Detecciones: 28 grietas longitudinales, 32 piel de cocodrilo, 7 baches. Rugosidad IRI 4.3 m/km. Contexto: colegio a 164 m, 10 siniestros a 250 m. Prioridad media (51/100).",bacheo,programada_6_meses,plantilla,det=detector_cpu;fusion=ensamble10,20260930-2219,60.1,regular,Daño dominante: baches; acción según estado regular.
503,TR-JA-0108,test,Japan,10,7001107,4.629037,-74.179989,d2g4rfx,86.9,2026-08-24 12:45,sim_gt,4,0,19,3,17.8,100.0,100.0,73.9,88.8,70.0,4.08,57.5,65.6,48.8,82.4,regular,0.517,0.18,2.34,57.95,71.73,63.85,10.85,64.24,51.34,media,495.0,1,529.0,34,24.9,0.0,25.47,"Segmento de 87 m en estado regular: índice de condición 66/100 (intervalo 90 %: 49–82). Detecciones: 4 grietas longitudinales, 19 piel de cocodrilo, 3 baches. Rugosidad IRI 4.1 m/km. Contexto: colegio a 495 m, hospital a 529 m, 34 siniestros a 250 m. Prioridad media (51/100).",parcheo,programada_6_meses,plantilla,det=detector_cpu;fusion=ensamble10,20260930-2219,50.8,malo,Daño dominante: piel de cocodrilo; acción según estado regular.
504,T2-JA-0087,despliegue,Japan,10,16004009,4.597221,-74.120257,d2g61kg,45.6,2026-08-20 10:55,sim_pred,18,0,36,0,19.13,100.0,100.0,73.4,58.5,49.2,8.98,23.8,40.3,23.5,57.1,muy_malo,0.526,0.925,3.87,21.12,71.73,20.6,28.95,38.7,51.3,media,1791.0,0,1079.0,13,39.6,0.0,23.71,"Segmento de 46 m en estado muy malo: índice de condición 40/100 (intervalo 90 %: 24–57). Detecciones: 18 grietas longitudinales, 36 piel de cocodrilo. Rugosidad IRI 9.0 m/km. Contexto: 13 siniestros a 250 m. Prioridad media (51/100).",rehabilitacion,programada_6_meses,plantilla,det=detector_cpu;fusion=ensamble10,20260930-2219,,,Daño dominante: baches; acción según estado muy malo.
505,T2-CZ-0032,despliegue,Czech,10,18006003,4.544008,-74.109848,d2g3ce4,46.7,2026-09-08 09:52,sim_pred,19,0,3,24,5.43,100.0,100.0,93.9,66.9,64.8,4.72,51.2,60.0,43.2,76.8,regular,0.497,0.353,2.96,43.88,71.73,52.31,39.49,55.73,51.29,media,4916.0,0,414.0,26,45.6,0.0,25.6,"Segmento de 47 m en estado regular: índice de condición 60/100 (intervalo 90 %: 43–77). Detecciones: 19 grietas longitudinales, 3 piel de cocodrilo, 24 baches. Rugosidad IRI 4.7 m/km. Contexto: hospital a 414 m, 26 siniestros a 250 m. Prioridad media (51/100).",bacheo,programada_6_meses,plantilla,det=detector_cpu;fusion=ensamble10,20260930-2219,,,Daño dominante: baches; acción según estado regular.
506,T2-JA-0034,despliegue,Japan,10,6000623,4.586697,-74.145324,d2g60fc,50.0,2026-08-20 16:14,sim_pred,51,0,62,2,25.56,100.0,100.0,65.9,78.1,58.2,9.35,22.3,45.6,28.8,62.4,malo,0.491,0.828,4.01,6.56,71.73,74.96,7.25,46.47,51.22,media,818.0,0,1007.0,48,21.5,4.0,23.01,"Segmento de 50 m en estado malo: índice de condición 46/100 (intervalo 90 %: 29–62). Detecciones: 51 grietas longitudinales, 62 piel de cocodrilo, 2 baches. Rugosidad IRI 9.3 m/km. Contexto: 48 siniestros a 250 m. Prioridad media (51/100).",rehabilitacion,programada_6_meses,plantilla,det=detector_cpu;fusion=ensamble10,20260930-2219,,,Daño dominante: piel de cocodrilo; acción según estado malo.
507,T1-CZ-0025,despliegue,Czech,10,8013130,4.629809,-74.140312,d2g62fu,47.6,2026-07-31 12:37,sim_pred,38,5,1,6,2.9,100.0,100.0,93.6,93.1,90.8,4.01,58.2,79.4,62.6,96.2,satisfactorio,0.505,0.016,4.01,92.61,71.73,89.98,10.66,84.64,51.22,media,637.0,0,279.0,92,24.5,0.0,40.68,"Segmento de 48 m en estado satisfactorio: índice de condición 79/100 (intervalo 90 %: 63–96). Detecciones: 38 grietas longitudinales, 5 grietas transversales, 1 piel de cocodrilo, 6 baches. Rugosidad IRI 4.0 m/km. Contexto: hospital a 279 m, 92 siniestros a 250 m. Prioridad media (51/100).",sellado_de_fisuras,programada_6_meses,plantilla,det=detector_cpu;fusion=ensamble10,20260930-2219,,,Daño dominante: baches; acción según estado satisfactorio.
508,T1-JA-0113,despliegue,Japan,10,4006318,4.531747,-74.094052,d2g3cby,53.7,2026-07-31 14:59,sim_pred,20,0,27,16,25.35,100.0,100.0,60.0,63.8,47.3,12.34,13.0,35.3,18.5,52.1,muy_malo,0.698,0.97,4.11,6.56,71.73,12.03,23.14,30.73,51.12,media,6429.0,0,1786.0,6,36.6,27.9,23.01,"Segmento de 54 m en estado muy malo: índice de condición 35/100 (intervalo 90 %: 18–52). Detecciones: 20 grietas longitudinales, 27 piel de cocodrilo, 16 baches. Rugosidad IRI 12.3 m/km. Contexto: 6 siniestros a 250 m. Prioridad media (51/100).",reconstruccion,programada_6_meses,plantilla,det=detector_cpu;fusion=ensamble10,20260930-2219,,,Daño dominante: piel de cocodrilo; acción según estado muy malo.
509,TR-JA-0860,test,Japan,10,4007082,4.559913,-74.068268,d2g3fw1,62.8,2026-09-04 14:18,sim_gt,5,0,27,15,20.74,100.0,100.0,49.1,68.1,38.0,6.17,39.4,38.5,21.7,55.3,muy_malo,0.591,0.946,3.89,6.56,71.73,1.14,81.68,28.01,51.11,media,5310.0,0,1835.0,1,81.7,,23.01,"Segmento de 63 m en estado muy malo: índice de condición 38/100 (intervalo 90 %: 22–55). Detecciones: 5 grietas longitudinales, 27 piel de cocodrilo, 15 baches. Rugosidad IRI 6.2 m/km. Contexto: 1 siniestros a 250 m. Prioridad media (51/100).",reconstruccion,programada_6_meses,plantilla,det=detector_cpu;fusion=ensamble10,20260930-2219,25.5,muy_malo,Daño dominante: piel de cocodrilo; acción según estado muy malo.
510,T1-IN-0021,despliegue,India,10,16003899,4.59784,-74.124747,d2g61m0,48.9,2026-08-07 16:59,sim_pred,2,0,0,8,0.76,100.0,100.0,91.8,76.3,73.4,5.0,48.7,64.8,47.9,81.6,regular,0.516,0.205,3.0,56.13,71.73,59.33,20.9,62.39,51.1,media,2252.0,0,721.0,40,34.0,0.0,25.41,"Segmento de 49 m en estado regular: índice de condición 65/100 (intervalo 90 %: 48–82). Detecciones: 2 grietas longitudinales, 8 baches. Rugosidad IRI 5.0 m/km. Contexto: hospital a 721 m, 40 siniestros a 250 m. Prioridad media (51/100).",bacheo,programada_6_meses,plantilla,det=detector_cpu;fusion=ensamble10,20260930-2219,,,Daño dominante: baches; acción según estado regular.
511,TR-JA-0557,test,Japan,10,11010546,4.705947,-74.056243,d2g6fb9,56.1,2026-07-28 14:56,sim_gt,23,0,41,0,13.39,100.0,100.0,75.8,79.6,68.6,6.65,36.1,57.2,40.4,74.1,regular,0.453,0.453,2.38,22.69,71.73,67.75,90.55,51.12,51.1,media,5447.0,0,391.0,66,111.5,,24.69,"Segmento de 56 m en estado regular: índice de condición 57/100 (intervalo 90 %: 40–74). Detecciones: 23 grietas longitudinales, 41 piel de cocodrilo. Rugosidad IRI 6.7 m/km. Contexto: hospital a 391 m, 66 siniestros a 250 m. Prioridad media (51/100).",parcheo,programada_6_meses,plantilla,det=detector_cpu;fusion=ensamble10,20260930-2219,34.3,muy_malo,Daño dominante: piel de cocodrilo; acción según estado regular.
512,TR-JA-0664,test,Japan,10,7002201,4.623766,-74.197763,d2g4r9d,47.8,2026-06-27 10:21,sim_gt,36,0,6,8,12.03,100.0,100.0,82.0,85.9,77.1,3.48,64.0,72.5,55.7,89.4,satisfactorio,0.461,0.056,2.0,43.88,71.73,75.42,59.83,61.51,51.09,media,125.0,8,755.0,47,62.5,,24.84,"Segmento de 48 m en estado satisfactorio: índice de condición 72/100 (intervalo 90 %: 56–89). Detecciones: 36 grietas longitudinales, 6 piel de cocodrilo, 8 baches. Rugosidad IRI 3.5 m/km. Contexto: colegio a 125 m, hospital a 755 m, 47 siniestros a 250 m. Prioridad media (51/100).",sellado_de_fisuras,programada_6_meses,plantilla,det=detector_cpu;fusion=ensamble10,20260930-2219,63.7,regular,Daño dominante: piel de cocodrilo; acción según estado satisfactorio.
513,T1-CZ-0021,despliegue,Czech,10,7007664,4.598415,-74.186438,d2g4pv5,95.1,2026-08-14 07:32,sim_pred,45,0,0,5,1.83,100.0,100.0,91.9,85.6,82.8,3.07,68.9,78.0,61.1,94.8,satisfactorio,0.485,0.028,5.33,84.71,71.73,42.45,1.33,69.6,51.07,media,176.0,5,525.0,25,13.2,0.0,29.34,"Segmento de 95 m en estado satisfactorio: índice de condición 78/100 (intervalo 90 %: 61–95). Detecciones: 45 grietas longitudinales, 5 baches. Rugosidad IRI 3.1 m/km. Contexto: colegio a 176 m, hospital a 525 m, 25 siniestros a 250 m. Prioridad media (51/100).",sellado_de_fisuras,programada_6_meses,plantilla,det=detector_cpu;fusion=ensamble10,20260930-2219,,,Daño dominante: baches; acción según estado satisfactorio.
514,T1-JA-0043,despliegue,Japan,10,15000671,4.589346,-74.097101,d2g61gk,40.3,2026-08-14 13:59,sim_pred,46,0,20,1,12.24,100.0,100.0,77.2,91.5,74.3,6.82,35.1,60.6,43.7,77.4,regular,0.495,0.337,3.65,43.88,84.96,34.64,19.69,55.95,51.04,media,1097.0,0,421.0,28,32.7,0.0,28.88,"Segmento de 40 m en estado regular: índice de condición 61/100 (intervalo 90 %: 44–77). Detecciones: 46 grietas longitudinales, 20 piel de cocodrilo, 1 baches. Rugosidad IRI 6.8 m/km. Contexto: hospital a 421 m, 28 siniestros a 250 m. Prioridad media (51/100).",parcheo,programada_6_meses,plantilla,det=detector_cpu;fusion=ensamble10,20260930-2219,,,Daño dominante: piel de cocodrilo; acción según estado regular.
515,TR-JA-0837,test,Japan,10,13000901,4.643478,-74.102182,d2g63v2,77.6,2026-07-16 12:54,sim_gt,15,0,22,3,15.1,100.0,100.0,71.3,80.0,64.3,5.13,47.6,58.4,41.6,75.3,regular,0.47,0.411,3.21,26.66,84.96,49.24,45.56,52.71,51.03,media,3565.0,0,60.0,46,50.0,,29.02,"Segmento de 78 m en estado regular: índice de condición 58/100 (intervalo 90 %: 42–75). Detecciones: 15 grietas longitudinales, 22 piel de cocodrilo, 3 baches. Rugosidad IRI 5.1 m/km. Contexto: hospital a 60 m, 46 siniestros a 250 m. Prioridad media (51/100).",parcheo,programada_6_meses,plantilla,det=detector_cpu;fusion=ensamble10,20260930-2219,55.4,malo,Daño dominante: piel de cocodrilo; acción según estado regular.
516,T1-JA-0099,despliegue,Japan,10,18000358,4.585494,-74.123807,d2g616b,118.9,2026-07-25 14:17,sim_pred,70,0,21,1,13.27,100.0,100.0,71.0,94.4,69.1,5.97,40.9,59.2,42.4,76.0,regular,0.479,0.383,3.62,28.29,71.73,69.54,35.93,53.8,50.99,media,1894.0,0,457.0,45,43.5,1.7,24.57,"Segmento de 119 m en estado regular: índice de condición 59/100 (intervalo 90 %: 42–76). Detecciones: 70 grietas longitudinales, 21 piel de cocodrilo, 1 baches. Rugosidad IRI 6.0 m/km. Contexto: hospital a 457 m, 45 siniestros a 250 m. Prioridad media (51/100).",parcheo,programada_6_meses,plantilla,det=detector_cpu;fusion=ensamble10,20260930-2219,,,Daño dominante: piel de cocodrilo; acción según estado regular.
517,T2-IN-0077,despliegue,India,10,5000434,4.533019,-74.108923,d2g3c95,66.0,2026-08-27 14:53,sim_pred,2,0,26,4,18.11,100.0,100.0,75.1,68.0,59.3,10.13,19.3,45.3,28.4,62.1,malo,0.499,0.843,3.04,21.12,100.0,6.68,33.19,45.12,50.88,media,5952.0,0,1116.0,6,42.0,0.0,40.13,"Segmento de 66 m en estado malo: índice de condición 45/100 (intervalo 90 %: 28–62). Detecciones: 2 grietas longitudinales, 26 piel de cocodrilo, 4 baches. Rugosidad IRI 10.1 m/km. Contexto: 6 siniestros a 250 m. Prioridad media (51/100).",bacheo,programada_6_meses,plantilla,det=detector_cpu;fusion=ensamble10,20260930-2219,,,Daño dominante: baches; acción según estado malo.
518,TR-JA-0441,test,Japan,10,10003886,4.706779,-74.093854,d2g6cby,50.8,2026-09-23 11:18,sim_gt,38,0,26,0,12.22,100.0,100.0,80.8,80.7,74.0,4.14,56.8,67.9,51.1,84.8,regular,0.48,0.132,3.23,80.29,71.73,37.03,52.01,66.48,50.83,media,1290.0,0,632.0,25,55.5,,27.87,"Segmento de 51 m en estado regular: índice de condición 68/100 (intervalo 90 %: 51–85). Detecciones: 38 grietas longitudinales, 26 piel de cocodrilo. Rugosidad IRI 4.1 m/km. Contexto: hospital a 632 m, 25 siniestros a 250 m. Prioridad media (51/100).",bacheo,programada_6_meses,plantilla,det=detector_cpu;fusion=ensamble10,20260930-2219,61.2,regular,Daño dominante: baches; acción según estado regular.
519,T2-IN-0065,despliegue,India,10,12002175,4.66166,-74.063979,d2g6d8s,90.6,2026-08-28 15:59,sim_pred,1,0,5,12,5.83,100.0,100.0,93.3,84.9,82.6,4.6,52.3,72.0,55.1,88.8,satisfactorio,0.448,0.063,2.03,70.35,71.73,76.78,41.96,72.44,50.8,media,4636.0,0,160.0,64,47.8,0.0,28.47,"Segmento de 91 m en estado satisfactorio: índice de condición 72/100 (intervalo 90 %: 55–89). Detecciones: 1 grietas longitudinales, 5 piel de cocodrilo, 12 baches. Rugosidad IRI 4.6 m/km. Contexto: hospital a 160 m, 64 siniestros a 250 m. Prioridad media (51/100).",sellado_de_fisuras,programada_6_meses,plantilla,det=detector_cpu;fusion=ensamble10,20260930-2219,,,Daño dominante: baches; acción según estado satisfactorio.
520,TR-IN-0769,test,India,10,10004603,4.703909,-74.09774,d2g6cb7,67.7,2026-08-22 15:24,sim_gt,4,0,4,5,3.9,100.0,100.0,94.6,85.7,83.8,3.97,58.6,75.0,58.1,91.8,satisfactorio,0.496,0.037,2.96,98.78,84.96,30.69,68.29,76.92,50.79,media,1003.0,0,163.0,19,71.5,0.0,47.75,"Segmento de 68 m en estado satisfactorio: índice de condición 75/100 (intervalo 90 %: 58–92). Detecciones: 4 grietas longitudinales, 4 piel de cocodrilo, 5 baches. Rugosidad IRI 4.0 m/km. Contexto: hospital a 163 m, 19 siniestros a 250 m. Prioridad media (51/100).",sellado_de_fisuras,programada_6_meses,plantilla,det=detector_cpu;fusion=ensamble10,20260930-2219,66.0,regular,Daño dominante: baches; acción según estado satisfactorio.
521,TR-IN-0357,test,India,10,15000372,4.592102,-74.091123,d2g645b,103.7,2026-09-05 14:04,sim_gt,0,0,0,1,0.07,100.0,100.0,99.7,90.5,90.4,3.44,64.5,81.3,64.5,98.1,satisfactorio,0.502,0.009,3.18,84.04,84.96,92.22,83.38,86.41,50.78,media,1806.0,0,143.0,89,84.2,1.0,33.38,"Segmento de 104 m en estado satisfactorio: índice de condición 81/100 (intervalo 90 %: 64–98). Detecciones: 1 baches. Rugosidad IRI 3.4 m/km. Contexto: hospital a 143 m, 89 siniestros a 250 m. Prioridad media (51/100).",sellado_de_fisuras,programada_6_meses,plantilla,det=detector_cpu;fusion=ensamble10,20260930-2219,89.1,bueno,Daño dominante: baches; acción según estado satisfactorio.
522,TR-JA-0139,test,Japan,10,6000104,4.592659,-74.142785,d2g60u4,40.4,2026-08-30 08:38,sim_gt,11,0,21,7,15.11,100.0,100.0,80.0,86.4,75.3,3.87,59.6,69.8,53.0,86.6,regular,0.448,0.097,3.01,68.5,71.73,66.46,10.05,69.12,50.77,media,542.0,0,292.0,39,24.2,2.5,26.88,"Segmento de 40 m en estado regular: índice de condición 70/100 (intervalo 90 %: 53–87). Detecciones: 11 grietas longitudinales, 21 piel de cocodrilo, 7 baches. Rugosidad IRI 3.9 m/km. Contexto: hospital a 292 m, 39 siniestros a 250 m. Prioridad media (51/100).",parcheo,programada_6_meses,plantilla,det=detector_cpu;fusion=ensamble10,20260930-2219,63.3,regular,Daño dominante: piel de cocodrilo; acción según estado regular.
523,TR-IN-0636,test,India,10,6000170,4.591297,-74.145932,d2g60gb,51.0,2026-07-24 15:09,sim_gt,0,0,0,27,0.63,100.0,100.0,100.0,97.0,97.0,3.43,64.6,85.6,68.8,100.0,satisfactorio,0.422,0.004,4.08,88.41,100.0,89.68,6.3,92.78,50.74,media,324.0,3,592.0,88,20.9,2.0,55.68,"Segmento de 51 m en estado satisfactorio: índice de condición 86/100 (intervalo 90 %: 69–100). Detecciones: 27 baches. Rugosidad IRI 3.4 m/km. Contexto: colegio a 324 m, hospital a 592 m, 88 siniestros a 250 m. Prioridad media (51/100).",sellado_de_fisuras,programada_6_meses,plantilla,det=detector_cpu;fusion=ensamble10,20260930-2219,81.3,satisfactorio,Daño dominante: ninguno; acción según estado satisfactorio.
524,TR-JA-0556,test,Japan,10,11012359,4.736742,-74.079082,d2g6fq3,51.4,2026-09-22 12:40,sim_gt,2,0,2,1,2.34,98.5,100.0,64.3,81.5,57.3,5.34,45.8,53.2,36.4,70.1,malo,0.46,0.597,4.6,14.92,71.73,51.75,52.96,44.01,50.66,media,2252.0,0,902.0,37,55.9,,23.42,"Segmento de 51 m en estado malo: índice de condición 53/100 (intervalo 90 %: 36–70). Detecciones: 2 grietas longitudinales, 2 piel de cocodrilo, 1 baches. Rugosidad IRI 5.3 m/km. Contexto: hospital a 902 m, 37 siniestros a 250 m. Prioridad media (51/100).",rehabilitacion,programada_6_meses,plantilla,det=detector_cpu;fusion=ensamble10,20260930-2219,36.1,muy_malo,Daño dominante: piel de cocodrilo; acción según estado malo.
525,TR-JA-0262,test,Japan,10,19015155,4.563607,-74.167542,d2g3bqb,57.8,2026-09-02 13:24,sim_gt,24,0,16,3,14.67,100.0,100.0,69.2,75.7,60.7,5.83,41.9,54.1,37.3,71.0,malo,0.459,0.57,3.26,14.92,71.73,6.68,41.08,32.74,50.62,media,219.0,4,497.0,4,47.2,3.5,24.18,"Segmento de 58 m en estado malo: índice de condición 54/100 (intervalo 90 %: 37–71). Detecciones: 24 grietas longitudinales, 16 piel de cocodrilo, 3 baches. Rugosidad IRI 5.8 m/km. Contexto: colegio a 219 m, hospital a 497 m, 4 siniestros a 250 m. Prioridad media (51/100).",rehabilitacion,programada_6_meses,plantilla,det=detector_cpu;fusion=ensamble10,20260930-2219,39.6,muy_malo,Daño dominante: piel de cocodrilo; acción según estado malo.
526,T2-CZ-0000,despliegue,Czech,10,1004834,4.699671,-74.034238,d2g6er9,98.7,2026-06-28 11:40,sim_pred,6,0,5,2,4.54,100.0,100.0,88.9,83.3,79.5,4.28,55.5,71.1,54.2,87.9,satisfactorio,0.419,0.082,3.61,88.41,71.73,39.76,86.49,70.41,50.52,media,7719.0,0,224.0,30,96.8,1.0,39.26,"Segmento de 99 m en estado satisfactorio: índice de condición 71/100 (intervalo 90 %: 54–88). Detecciones: 6 grietas longitudinales, 5 piel de cocodrilo, 2 baches. Rugosidad IRI 4.3 m/km. Contexto: hospital a 224 m, 30 siniestros a 250 m. Prioridad media (50/100).",sellado_de_fisuras,programada_6_meses,plantilla,det=detector_cpu;fusion=ensamble10,20260930-2219,,,Daño dominante: baches; acción según estado satisfactorio.
527,TR-JA-0310,test,Japan,10,2000289,4.677887,-74.047736,d2g6e58,150.0,2026-07-27 10:50,sim_gt,37,0,68,8,28.58,100.0,100.0,68.5,89.9,65.0,3.46,64.2,64.7,47.9,81.5,regular,0.525,0.202,2.11,27.09,100.0,59.86,90.33,60.8,50.5,media,5936.0,0,442.0,57,109.5,1.6,46.91,"Segmento de 150 m en estado regular: índice de condición 65/100 (intervalo 90 %: 48–82). Detecciones: 37 grietas longitudinales, 68 piel de cocodrilo, 8 baches. Rugosidad IRI 3.5 m/km. Contexto: hospital a 442 m, 57 siniestros a 250 m. Prioridad media (50/100).",parcheo,programada_6_meses,plantilla,det=detector_cpu;fusion=ensamble10,20260930-2219,54.3,malo,Daño dominante: piel de cocodrilo; acción según estado regular.
528,T1-IN-0094,despliegue,India,10,11011547,4.689763,-74.060608,d2g6dtw,47.9,2026-08-08 13:49,sim_pred,1,0,0,2,0.18,100.0,100.0,90.5,73.7,70.4,6.06,40.2,59.8,43.0,76.7,regular,0.492,0.359,3.17,14.92,84.96,70.41,27.69,53.31,50.41,media,4614.0,0,301.0,60,39.0,0.0,27.46,"Segmento de 48 m en estado regular: índice de condición 60/100 (intervalo 90 %: 43–77). Detecciones: 1 grietas longitudinales, 2 baches. Rugosidad IRI 6.1 m/km. Contexto: hospital a 301 m, 60 siniestros a 250 m. Prioridad media (50/100).",bacheo,programada_6_meses,plantilla,det=detector_cpu;fusion=ensamble10,20260930-2219,,,Daño dominante: baches; acción según estado regular.
529,TR-IN-0523,test,India,10,10009468,4.671847,-74.094672,d2g69fm,98.7,2026-09-10 14:05,sim_gt,0,0,2,1,1.96,100.0,100.0,88.7,86.2,82.2,4.45,53.8,72.3,55.4,89.1,satisfactorio,0.451,0.062,2.76,92.61,84.96,19.69,49.51,71.7,50.33,media,1175.0,0,798.0,14,52.0,1.0,44.72,"Segmento de 99 m en estado satisfactorio: índice de condición 72/100 (intervalo 90 %: 55–89). Detecciones: 2 piel de cocodrilo, 1 baches. Rugosidad IRI 4.5 m/km. Contexto: hospital a 798 m, 14 siniestros a 250 m. Prioridad media (50/100).",sellado_de_fisuras,programada_6_meses,plantilla,det=detector_cpu;fusion=ensamble10,20260930-2219,62.2,regular,Daño dominante: baches; acción según estado satisfactorio.
530,T1-IN-0037,despliegue,India,10,11011316,4.693559,-74.071548,d2g6dqq,46.1,2026-06-10 12:28,sim_pred,6,0,8,6,9.6,100.0,100.0,86.4,64.7,59.9,7.1,33.3,50.6,33.8,67.4,malo,0.513,0.695,2.8,14.92,71.73,2.62,82.63,31.72,50.32,media,3589.0,0,439.0,3,82.7,8.7,23.42,"Segmento de 46 m en estado malo: índice de condición 51/100 (intervalo 90 %: 34–67). Detecciones: 6 grietas longitudinales, 8 piel de cocodrilo, 6 baches. Rugosidad IRI 7.1 m/km. Contexto: hospital a 439 m, 3 siniestros a 250 m. Prioridad media (50/100).",bacheo,programada_6_meses,plantilla,det=detector_cpu;fusion=ensamble10,20260930-2219,,,Daño dominante: baches; acción según estado malo.
531,T1-JA-0060,despliegue,Japan,10,18007488,4.550206,-74.115433,d2g3ckq,67.3,2026-07-02 11:16,sim_pred,39,0,21,5,13.54,100.0,100.0,71.8,69.6,59.7,8.5,25.9,47.9,31.1,64.7,malo,0.53,0.783,1.74,6.56,84.96,10.81,33.73,35.06,50.29,media,4304.0,0,904.0,8,42.5,8.9,27.05,"Segmento de 67 m en estado malo: índice de condición 48/100 (intervalo 90 %: 31–65). Detecciones: 39 grietas longitudinales, 21 piel de cocodrilo, 5 baches. Rugosidad IRI 8.5 m/km. Contexto: hospital a 904 m, 8 siniestros a 250 m. Prioridad media (50/100).",bacheo,programada_6_meses,plantilla,det=detector_cpu;fusion=ensamble10,20260930-2219,,,Daño dominante: baches; acción según estado malo.
532,T2-IN-0062,despliegue,India,10,2002593,4.64073,-74.054709,d2g66ug,53.6,2026-08-20 15:41,sim_pred,4,0,11,8,7.58,100.0,100.0,82.2,65.5,59.3,7.86,29.1,48.7,31.9,65.5,malo,0.528,0.757,2.16,25.98,71.73,2.96,39.26,36.24,50.26,media,6766.0,0,794.0,6,45.5,5.6,24.14,"Segmento de 54 m en estado malo: índice de condición 49/100 (intervalo 90 %: 32–66). Detecciones: 4 grietas longitudinales, 11 piel de cocodrilo, 8 baches. Rugosidad IRI 7.9 m/km. Contexto: hospital a 794 m, 6 siniestros a 250 m. Prioridad media (50/100).",bacheo,programada_6_meses,plantilla,det=detector_cpu;fusion=ensamble10,20260930-2219,,,Daño dominante: baches; acción según estado malo.
533,T2-IN-0070,despliegue,India,10,16002470,4.607507,-74.129193,d2g61nu,79.2,2026-09-13 13:16,sim_pred,2,0,0,5,0.67,100.0,100.0,100.0,83.8,83.8,3.04,69.3,78.7,61.9,95.5,satisfactorio,0.52,0.016,2.94,80.7,71.73,95.18,34.94,81.18,50.25,media,2314.0,0,329.0,103,43.4,1.3,28.07,"Segmento de 79 m en estado satisfactorio: índice de condición 79/100 (intervalo 90 %: 62–96). Detecciones: 2 grietas longitudinales, 5 baches. Rugosidad IRI 3.0 m/km. Contexto: hospital a 329 m, 103 siniestros a 250 m. Prioridad media (50/100).",sellado_de_fisuras,programada_6_meses,plantilla,det=detector_cpu;fusion=ensamble10,20260930-2219,,,Daño dominante: baches; acción según estado satisfactorio.
534,TR-IN-0358,test,India,10,10003684,4.707376,-74.100133,d2g6cbc,40.9,2026-08-25 07:42,sim_gt,12,0,26,4,14.57,100.0,100.0,85.9,73.7,68.7,4.85,50.0,62.2,45.3,79.0,regular,0.507,0.285,3.7,56.13,71.73,35.36,67.79,56.4,50.25,media,597.0,0,340.0,26,71.3,2.4,25.99,"Segmento de 41 m en estado regular: índice de condición 62/100 (intervalo 90 %: 45–79). Detecciones: 12 grietas longitudinales, 26 piel de cocodrilo, 4 baches. Rugosidad IRI 4.8 m/km. Contexto: hospital a 340 m, 26 siniestros a 250 m. Prioridad media (50/100).",bacheo,programada_6_meses,plantilla,det=detector_cpu;fusion=ensamble10,20260930-2219,60.3,regular,Daño dominante: baches; acción según estado regular.
535,T2-CZ-0024,despliegue,Czech,10,9002825,4.669867,-74.144271,d2g68f1,103.1,2026-08-16 07:27,sim_pred,40,0,0,0,1.88,100.0,100.0,94.4,92.2,90.2,3.72,61.3,80.1,63.3,96.9,satisfactorio,0.515,0.012,2.92,57.95,71.73,88.73,8.61,70.47,50.14,media,296.0,5,294.0,85,23.3,1.0,26.17,"Segmento de 103 m en estado satisfactorio: índice de condición 80/100 (intervalo 90 %: 63–97). Detecciones: 40 grietas longitudinales. Rugosidad IRI 3.7 m/km. Contexto: colegio a 296 m, hospital a 294 m, 85 siniestros a 250 m. Prioridad media (50/100).",sellado_de_fisuras,programada_6_meses,plantilla,det=detector_cpu;fusion=ensamble10,20260930-2219,,,Daño dominante: baches; acción según estado satisfactorio.
536,T2-JA-0126,despliegue,Japan,10,4008419,4.568408,-74.078702,d2g3fr9,66.3,2026-07-13 11:40,sim_pred,12,0,6,4,9.08,100.0,100.0,75.2,66.8,58.2,4.62,52.2,56.1,39.2,72.9,regular,0.419,0.498,3.46,52.22,71.73,3.53,76.82,46.87,50.12,media,3820.0,0,537.0,7,79.0,9.0,25.13,"Segmento de 66 m en estado regular: índice de condición 56/100 (intervalo 90 %: 39–73). Detecciones: 12 grietas longitudinales, 6 piel de cocodrilo, 4 baches. Rugosidad IRI 4.6 m/km. Contexto: hospital a 537 m, 7 siniestros a 250 m. Prioridad media (50/100).",bacheo,programada_6_meses,plantilla,det=detector_cpu;fusion=ensamble10,20260930-2219,,,Daño dominante: baches; acción según estado regular.
537,TR-IN-0086,test,India,10,8007327,4.617986,-74.14326,d2g62bd,68.2,2026-09-21 16:21,sim_gt,2,0,13,1,12.63,100.0,100.0,84.5,94.3,82.5,3.56,63.0,75.7,58.9,92.5,satisfactorio,0.511,0.03,2.34,75.13,71.73,84.75,2.69,76.34,50.11,media,652.0,0,119.0,82,16.3,0.0,28.34,"Segmento de 68 m en estado satisfactorio: índice de condición 76/100 (intervalo 90 %: 59–92). Detecciones: 2 grietas longitudinales, 13 piel de cocodrilo, 1 baches. Rugosidad IRI 3.6 m/km. Contexto: hospital a 119 m, 82 siniestros a 250 m. Prioridad media (50/100).",sellado_de_fisuras,programada_6_meses,plantilla,det=detector_cpu;fusion=ensamble10,20260930-2219,66.4,regular,Daño dominante: piel de cocodrilo; acción según estado satisfactorio.
538,TR-JA-0574,test,Japan,10,13001589,4.632677,-74.091582,d2g6652,57.5,2026-07-02 16:26,sim_gt,35,0,40,5,21.89,100.0,100.0,70.5,76.9,62.4,5.59,43.7,55.9,39.0,72.7,malo,0.424,0.505,3.0,21.12,71.73,51.75,57.21,46.49,50.07,media,5035.0,0,308.0,41,60.2,,24.41,"Segmento de 58 m en estado malo: índice de condición 56/100 (intervalo 90 %: 39–73). Detecciones: 35 grietas longitudinales, 40 piel de cocodrilo, 5 baches. Rugosidad IRI 5.6 m/km. Contexto: hospital a 308 m, 41 siniestros a 250 m. Prioridad media (50/100).",rehabilitacion,programada_6_meses,plantilla,det=detector_cpu;fusion=ensamble10,20260930-2219,54.4,malo,Daño dominante: piel de cocodrilo; acción según estado malo.
539,TR-JA-0533,test,Japan,10,4000503,4.57469,-74.089338,d2g640c,41.3,2026-06-15 07:41,sim_gt,11,0,17,2,7.19,100.0,100.0,64.6,87.2,60.1,4.63,52.1,57.3,40.5,74.1,regular,0.435,0.453,4.69,43.88,71.73,24.01,87.97,48.66,50.07,media,2456.0,0,184.0,15,99.7,,24.84,"Segmento de 41 m en estado regular: índice de condición 57/100 (intervalo 90 %: 40–74). Detecciones: 11 grietas longitudinales, 17 piel de cocodrilo, 2 baches. Rugosidad IRI 4.6 m/km. Contexto: hospital a 184 m, 15 siniestros a 250 m. Prioridad media (50/100).",parcheo,programada_6_meses,plantilla,det=detector_cpu;fusion=ensamble10,20260930-2219,43.1,malo,Daño dominante: piel de cocodrilo; acción según estado regular.
540,TR-JA-0138,test,Japan,10,7001314,4.62751,-74.191445,d2g4rdr,44.5,2026-06-03 15:49,sim_gt,29,0,19,4,25.66,100.0,100.0,82.7,94.5,80.8,2.85,71.6,77.6,60.7,94.4,satisfactorio,0.504,0.025,4.03,57.95,71.73,72.8,28.49,66.48,50.05,media,145.0,3,223.0,51,39.4,0.0,25.47,"Segmento de 44 m en estado satisfactorio: índice de condición 78/100 (intervalo 90 %: 61–94). Detecciones: 29 grietas longitudinales, 19 piel de cocodrilo, 4 baches. Rugosidad IRI 2.9 m/km. Contexto: colegio a 145 m, hospital a 223 m, 51 siniestros a 250 m. Prioridad media (50/100).",sellado_de_fisuras,programada_6_meses,plantilla,det=detector_cpu;fusion=ensamble10,20260930-2219,61.6,regular,Daño dominante: piel de cocodrilo; acción según estado satisfactorio.
541,T2-IN-0095,despliegue,India,10,18005684,4.546223,-74.102956,d2g3cex,61.0,2026-08-16 15:17,sim_pred,11,0,3,14,4.33,100.0,100.0,89.8,64.7,61.2,6.49,37.2,52.8,35.9,69.6,malo,0.483,0.619,3.18,21.12,71.73,32.55,26.1,41.69,50.01,media,4680.0,0,395.0,14,38.4,0.0,23.71,"Segmento de 61 m en estado malo: índice de condición 53/100 (intervalo 90 %: 36–70). Detecciones: 11 grietas longitudinales, 3 piel de cocodrilo, 14 baches. Rugosidad IRI 6.5 m/km. Contexto: hospital a 395 m, 14 siniestros a 250 m. Prioridad media (50/100).",bacheo,programada_6_meses,plantilla,det=detector_cpu;fusion=ensamble10,20260930-2219,,,Daño dominante: baches; acción según estado malo.
542,TR-IN-0584,test,India,10,5002506,4.511771,-74.116493,d2g39mq,65.6,2026-09-19 12:57,sim_gt,5,0,8,1,8.71,100.0,100.0,100.0,88.3,88.3,3.21,67.1,80.9,64.0,97.7,satisfactorio,0.501,0.011,3.6,83.6,84.96,82.21,57.74,83.73,49.97,media,6084.0,0,175.0,70,61.0,4.6,34.0,"Segmento de 66 m en estado satisfactorio: índice de condición 81/100 (intervalo 90 %: 64–98). Detecciones: 5 grietas longitudinales, 8 piel de cocodrilo, 1 baches. Rugosidad IRI 3.2 m/km. Contexto: hospital a 175 m, 70 siniestros a 250 m. Prioridad media (50/100).",sellado_de_fisuras,programada_6_meses,plantilla,det=detector_cpu;fusion=ensamble10,20260930-2219,72.9,satisfactorio,Daño dominante: baches; acción según estado satisfactorio.
543,T1-JA-0090,despliegue,Japan,10,19013414,4.567828,-74.157434,d2g3bx8,47.0,2026-09-23 16:40,sim_pred,21,0,52,7,20.97,100.0,100.0,69.8,82.0,63.5,8.46,26.1,50.4,33.6,67.2,malo,0.479,0.687,5.34,0.38,88.17,25.64,13.96,37.42,49.73,media,716.0,0,542.0,12,28.5,0.0,24.15,"Segmento de 47 m en estado malo: índice de condición 50/100 (intervalo 90 %: 34–67). Detecciones: 21 grietas longitudinales, 52 piel de cocodrilo, 7 baches. Rugosidad IRI 8.5 m/km. Contexto: hospital a 542 m, 12 siniestros a 250 m. Prioridad media (50/100).",rehabilitacion,programada_6_meses,plantilla,det=detector_cpu;fusion=ensamble10,20260930-2219,,,Daño dominante: piel de cocodrilo; acción según estado malo.
544,TR-IN-0629,test,India,10,10007922,4.684888,-74.089528,d2g6dhc,60.6,2026-06-14 16:25,sim_gt,10,0,7,1,5.64,100.0,100.0,95.7,88.3,86.8,4.06,57.7,76.6,59.7,93.4,satisfactorio,0.521,0.024,2.06,84.13,71.73,70.41,79.55,76.36,49.6,media,1380.0,0,801.0,53,80.8,1.7,28.8,"Segmento de 61 m en estado satisfactorio: índice de condición 77/100 (intervalo 90 %: 60–93). Detecciones: 10 grietas longitudinales, 7 piel de cocodrilo, 1 baches. Rugosidad IRI 4.1 m/km. Contexto: hospital a 801 m, 53 siniestros a 250 m. Prioridad media (50/100).",sellado_de_fisuras,programada_6_meses,plantilla,det=detector_cpu;fusion=ensamble10,20260930-2219,87.3,bueno,Daño dominante: baches; acción según estado satisfactorio.
545,TR-CZ-0038,test,Czech,10,18007993,4.578085,-74.100786,d2g61c3,150.0,2026-08-08 07:44,sim_gt,54,0,0,9,3.27,100.0,100.0,90.8,90.7,87.5,3.63,62.2,78.7,61.8,95.5,satisfactorio,0.492,0.023,4.94,60.61,100.0,79.7,18.25,79.17,49.48,media,1307.0,0,512.0,59,31.1,3.3,42.88,"Segmento de 150 m en estado satisfactorio: índice de condición 79/100 (intervalo 90 %: 62–96). Detecciones: 54 grietas longitudinales, 9 baches. Rugosidad IRI 3.6 m/km. Contexto: hospital a 512 m, 59 siniestros a 250 m. Prioridad media (50/100).",sellado_de_fisuras,programada_6_meses,plantilla,det=detector_cpu;fusion=ensamble10,20260930-2219,83.9,satisfactorio,Daño dominante: baches; acción según estado satisfactorio.
546,T2-IN-0082,despliegue,India,10,11000822,4.757401,-74.087209,d2g7445,45.5,2026-09-09 12:21,sim_pred,0,0,1,2,2.43,100.0,100.0,100.0,75.8,75.8,5.15,47.4,65.9,49.0,82.7,regular,0.485,0.191,4.78,81.88,71.73,8.5,93.36,59.98,49.48,media,1920.0,0,663.0,9,121.6,4.4,28.16,"Segmento de 46 m en estado regular: índice de condición 66/100 (intervalo 90 %: 49–83). Detecciones: 1 piel de cocodrilo, 2 baches. Rugosidad IRI 5.2 m/km. Contexto: hospital a 663 m, 9 siniestros a 250 m. Prioridad media (50/100).",bacheo,programada_6_meses,plantilla,det=detector_cpu;fusion=ensamble10,20260930-2219,,,Daño dominante: baches; acción según estado regular.
547,TR-JA-1015,test,Japan,10,16000972,4.620353,-74.090962,d2g6610,64.3,2026-08-18 09:14,sim_gt,30,0,34,8,18.25,100.0,100.0,75.7,66.1,57.6,3.04,69.2,61.7,44.8,78.5,regular,0.525,0.291,1.67,0.36,100.0,74.05,42.75,53.66,49.46,media,3997.0,0,279.0,52,48.6,,40.2,"Segmento de 64 m en estado regular: índice de condición 62/100 (intervalo 90 %: 45–78). Detecciones: 30 grietas longitudinales, 34 piel de cocodrilo, 8 baches. Rugosidad IRI 3.0 m/km. Contexto: hospital a 279 m, 52 siniestros a 250 m. Prioridad media (50/100).",bacheo,programada_6_meses,plantilla,det=detector_cpu;fusion=ensamble10,20260930-2219,57.4,regular,Daño dominante: baches; acción según estado regular.
548,TR-IN-0638,test,India,10,5000548,4.529655,-74.111019,d2g3c8d,51.0,2026-06-25 14:48,sim_gt,4,0,0,25,1.26,100.0,100.0,82.1,58.3,52.0,5.82,42.0,48.5,31.7,65.4,malo,0.495,0.747,4.73,14.92,71.73,10.81,35.58,33.77,49.4,media,6026.0,0,706.0,7,43.4,0.0,23.42,"Segmento de 51 m en estado malo: índice de condición 48/100 (intervalo 90 %: 32–65). Detecciones: 4 grietas longitudinales, 25 baches. Rugosidad IRI 5.8 m/km. Contexto: hospital a 706 m, 7 siniestros a 250 m. Prioridad media (49/100).",bacheo,programada_6_meses,plantilla,det=detector_cpu;fusion=ensamble10,20260930-2219,40.1,muy_malo,Daño dominante: baches; acción según estado malo.
549,T2-JA-0063,despliegue,Japan,10,11004589,4.741637,-74.127872,d2g6cpj,89.4,2026-07-15 09:36,sim_pred,24,0,23,12,10.59,100.0,100.0,80.5,80.1,73.2,5.75,42.6,62.5,45.7,79.3,regular,0.501,0.278,4.26,61.12,71.73,20.6,88.73,54.7,49.38,media,61.0,6,1951.0,11,103.7,1.1,25.75,"Segmento de 89 m en estado regular: índice de condición 62/100 (intervalo 90 %: 46–79). Detecciones: 24 grietas longitudinales, 23 piel de cocodrilo, 12 baches. Rugosidad IRI 5.8 m/km. Contexto: colegio a 61 m, 11 siniestros a 250 m. Prioridad media (49/100).",bacheo,programada_6_meses,plantilla,det=detector_cpu;fusion=ensamble10,20260930-2219,,,Daño dominante: baches; acción según estado regular.
550,T2-JA-0114,despliegue,Japan,10,10000330,4.720421,-74.108699,d2g6ce7,150.0,2026-07-11 14:40,sim_pred,15,0,23,3,12.6,100.0,100.0,85.4,66.2,61.1,4.4,54.2,58.7,41.9,75.5,regular,0.487,0.396,1.44,52.22,71.73,12.03,86.91,49.0,49.37,media,558.0,0,765.0,13,98.0,0.6,25.13,"Segmento de 150 m en estado regular: índice de condición 59/100 (intervalo 90 %: 42–76). Detecciones: 15 grietas longitudinales, 23 piel de cocodrilo, 3 baches. Rugosidad IRI 4.4 m/km. Contexto: hospital a 765 m, 13 siniestros a 250 m. Prioridad media (49/100).",bacheo,programada_6_meses,plantilla,det=detector_cpu;fusion=ensamble10,20260930-2219,,,Daño dominante: baches; acción según estado regular.
551,TR-JA-0292,test,Japan,10,5005464,4.498777,-74.100316,d2g39fc,85.2,2026-06-03 16:35,sim_gt,37,0,32,8,16.62,100.0,100.0,65.8,91.9,63.0,4.24,55.8,60.5,43.7,77.3,regular,0.509,0.334,2.26,52.22,71.73,22.27,69.23,51.56,49.33,media,8203.0,0,319.0,13,72.2,0.0,25.13,"Segmento de 85 m en estado regular: índice de condición 60/100 (intervalo 90 %: 44–77). Detecciones: 37 grietas longitudinales, 32 piel de cocodrilo, 8 baches. Rugosidad IRI 4.2 m/km. Contexto: hospital a 319 m, 13 siniestros a 250 m. Prioridad media (49/100).",parcheo,programada_6_meses,plantilla,det=detector_cpu;fusion=ensamble10,20260930-2219,45.1,malo,Daño dominante: piel de cocodrilo; acción según estado regular.
552,T1-CZ-0013,despliegue,Czech,10,5006681,4.490648,-74.114203,d2g393r,50.0,2026-08-29 12:54,sim_pred,24,0,0,6,1.69,100.0,100.0,93.3,78.3,75.9,3.74,61.0,70.7,53.9,87.5,regular,0.413,0.098,5.03,89.62,71.73,23.18,73.71,66.75,49.28,media,6970.0,0,473.0,13,77.2,28.0,39.89,"Segmento de 50 m en estado regular: índice de condición 71/100 (intervalo 90 %: 54–88). Detecciones: 24 grietas longitudinales, 6 baches. Rugosidad IRI 3.7 m/km. Contexto: hospital a 473 m, 13 siniestros a 250 m. Prioridad media (49/100).",bacheo,programada_6_meses,plantilla,det=detector_cpu;fusion=ensamble10,20260930-2219,,,Daño dominante: baches; acción según estado regular.
553,T1-CZ-0034,despliegue,Czech,9,10007292,4.689888,-74.097309,d2g69vg,56.4,2026-08-01 09:04,sim_pred,18,0,5,10,5.28,100.0,100.0,92.0,76.1,73.3,3.67,61.9,69.3,52.5,86.2,regular,0.446,0.114,4.31,43.88,71.73,87.97,42.19,64.65,49.26,media,1116.0,0,235.0,95,48.1,1.8,24.84,"Segmento de 56 m en estado regular: índice de condición 69/100 (intervalo 90 %: 52–86). Detecciones: 18 grietas longitudinales, 5 piel de cocodrilo, 10 baches. Rugosidad IRI 3.7 m/km. Contexto: hospital a 235 m, 95 siniestros a 250 m. Prioridad media (49/100).",bacheo,programada_6_meses,plantilla,det=detector_cpu;fusion=ensamble10,20260930-2219,,,Daño dominante: baches; acción según estado regular.
554,T2-IN-0042,despliegue,India,10,11014831,4.735555,-74.09903,d2g6cy4,65.7,2026-09-05 10:42,sim_pred,3,0,11,14,12.71,100.0,100.0,80.7,69.5,62.7,6.62,36.4,53.5,36.6,70.3,malo,0.46,0.59,4.34,0.62,88.17,88.73,71.32,53.29,49.23,media,306.0,1,1060.0,84,74.4,1.5,25.0,"Segmento de 66 m en estado malo: índice de condición 54/100 (intervalo 90 %: 37–70). Detecciones: 3 grietas longitudinales, 11 piel de cocodrilo, 14 baches. Rugosidad IRI 6.6 m/km. Contexto: colegio a 306 m, 84 siniestros a 250 m. Prioridad media (49/100).",bacheo,programada_6_meses,plantilla,det=detector_cpu;fusion=ensamble10,20260930-2219,,,Daño dominante: baches; acción según estado malo.
555,T1-JA-0052,despliegue,Japan,10,12001889,4.665913,-74.071688,d2g6d3q,76.1,2026-08-20 12:11,sim_pred,37,0,20,2,12.6,100.0,100.0,77.6,67.2,59.4,3.79,60.5,59.8,43.0,76.6,regular,0.498,0.359,2.51,22.69,84.96,45.45,39.26,50.17,49.19,media,3660.0,0,331.0,33,45.5,2.6,33.4,"Segmento de 76 m en estado regular: índice de condición 60/100 (intervalo 90 %: 43–77). Detecciones: 37 grietas longitudinales, 20 piel de cocodrilo, 2 baches. Rugosidad IRI 3.8 m/km. Contexto: hospital a 331 m, 33 siniestros a 250 m. Prioridad media (49/100).",bacheo,programada_6_meses,plantilla,det=detector_cpu;fusion=ensamble10,20260930-2219,,,Daño dominante: baches; acción según estado regular.
556,TR-JA-0226,test,Japan,10,13001764,4.631011,-74.081437,d2g665p,49.1,2026-08-23 13:38,sim_gt,90,0,27,8,15.06,100.0,100.0,88.5,92.0,85.7,2.35,78.4,83.1,66.3,100.0,satisfactorio,0.48,0.005,2.98,63.7,100.0,98.52,39.0,85.11,49.17,media,5543.0,0,469.0,176,45.1,0.0,42.55,"Segmento de 49 m en estado satisfactorio: índice de condición 83/100 (intervalo 90 %: 66–100). Detecciones: 90 grietas longitudinales, 27 piel de cocodrilo, 8 baches. Rugosidad IRI 2.4 m/km. Contexto: hospital a 469 m, 176 siniestros a 250 m. Prioridad media (49/100).",sellado_de_fisuras,programada_6_meses,plantilla,det=detector_cpu;fusion=ensamble10,20260930-2219,85.6,satisfactorio,Daño dominante: piel de cocodrilo; acción según estado satisfactorio.
557,TR-JA-0555,test,Japan,10,13002807,4.649562,-74.08332,d2g66nq,65.8,2026-06-18 09:07,sim_gt,32,0,46,2,23.96,100.0,100.0,63.2,89.4,59.5,4.1,57.2,58.7,41.9,75.5,regular,0.48,0.398,2.62,63.42,84.96,23.18,80.39,60.9,49.13,media,3764.0,0,1154.0,19,81.2,,30.08,"Segmento de 66 m en estado regular: índice de condición 59/100 (intervalo 90 %: 42–76). Detecciones: 32 grietas longitudinales, 46 piel de cocodrilo, 2 baches. Rugosidad IRI 4.1 m/km. Contexto: 19 siniestros a 250 m. Prioridad media (49/100).",parcheo,programada_6_meses,plantilla,det=detector_cpu;fusion=ensamble10,20260930-2219,59.3,regular,Daño dominante: piel de cocodrilo; acción según estado regular.
558,TR-JA-0487,test,Japan,10,16004267,4.595588,-74.122975,d2g61k9,73.7,2026-07-17 14:46,sim_gt,32,0,24,4,19.97,100.0,100.0,76.5,90.7,73.2,3.75,60.9,68.9,52.1,85.7,regular,0.476,0.104,1.22,88.41,71.73,62.94,23.48,76.2,49.13,media,1963.0,0,1033.0,47,36.9,,39.26,"Segmento de 74 m en estado regular: índice de condición 69/100 (intervalo 90 %: 52–86). Detecciones: 32 grietas longitudinales, 24 piel de cocodrilo, 4 baches. Rugosidad IRI 3.8 m/km. Contexto: 47 siniestros a 250 m. Prioridad media (49/100).",parcheo,programada_6_meses,plantilla,det=detector_cpu;fusion=ensamble10,20260930-2219,68.6,regular,Daño dominante: piel de cocodrilo; acción según estado regular.
559,TR-JA-0347,test,Japan,10,8005598,4.6262,-74.132213,d2g6344,110.3,2026-08-15 15:16,sim_gt,27,0,23,6,20.27,100.0,100.0,74.9,84.7,69.5,4.26,55.6,64.6,47.8,81.5,regular,0.531,0.201,1.4,25.98,100.0,46.4,25.3,56.99,49.01,media,1487.0,0,405.0,30,38.0,0.9,40.56,"Segmento de 110 m en estado regular: índice de condición 65/100 (intervalo 90 %: 48–82). Detecciones: 27 grietas longitudinales, 23 piel de cocodrilo, 6 baches. Rugosidad IRI 4.3 m/km. Contexto: hospital a 405 m, 30 siniestros a 250 m. Prioridad media (49/100).",parcheo,programada_6_meses,plantilla,det=detector_cpu;fusion=ensamble10,20260930-2219,58.6,regular,Daño dominante: piel de cocodrilo; acción según estado regular.
560,T1-JA-0008,despliegue,Japan,10,16002002,4.61121,-74.116137,d2g61rq,41.9,2026-06-09 16:52,sim_pred,38,0,9,1,4.71,100.0,100.0,91.3,66.8,63.8,4.66,51.7,59.6,42.7,76.4,regular,0.473,0.374,4.51,56.13,71.73,57.25,61.91,61.87,49.0,media,2763.0,0,1106.0,32,65.1,0.0,25.41,"Segmento de 42 m en estado regular: índice de condición 60/100 (intervalo 90 %: 43–76). Detecciones: 38 grietas longitudinales, 9 piel de cocodrilo, 1 baches. Rugosidad IRI 4.7 m/km. Contexto: 32 siniestros a 250 m. Prioridad media (49/100).",bacheo,programada_6_meses,plantilla,det=detector_cpu;fusion=ensamble10,20260930-2219,,,Daño dominante: baches; acción según estado regular.
561,TR-JA-0156,test,Japan,10,1005812,4.684137,-74.04449,d2g6ehd,57.4,2026-06-26 10:41,sim_gt,33,0,8,7,10.6,100.0,100.0,89.7,93.6,87.5,2.77,72.7,82.3,65.5,99.1,satisfactorio,0.502,0.005,1.66,97.85,71.73,75.42,87.78,83.1,48.85,media,6300.0,0,171.0,86,99.1,13.9,44.27,"Segmento de 57 m en estado satisfactorio: índice de condición 82/100 (intervalo 90 %: 66–99). Detecciones: 33 grietas longitudinales, 8 piel de cocodrilo, 7 baches. Rugosidad IRI 2.8 m/km. Contexto: hospital a 171 m, 86 siniestros a 250 m. Prioridad media (49/100).",sellado_de_fisuras,programada_6_meses,plantilla,det=detector_cpu;fusion=ensamble10,20260930-2219,78.5,satisfactorio,Daño dominante: piel de cocodrilo; acción según estado satisfactorio.
562,T1-IN-0041,despliegue,India,10,15000159,4.594025,-74.101404,d2g61u3,65.1,2026-08-13 08:31,sim_pred,5,0,9,11,6.03,100.0,100.0,83.5,76.1,70.3,5.25,46.5,62.0,45.2,78.8,regular,0.519,0.284,2.58,14.92,71.73,85.47,19.35,52.44,48.78,media,897.0,0,740.0,87,32.1,0.0,24.18,"Segmento de 65 m en estado regular: índice de condición 62/100 (intervalo 90 %: 45–79). Detecciones: 5 grietas longitudinales, 9 piel de cocodrilo, 11 baches. Rugosidad IRI 5.2 m/km. Contexto: hospital a 740 m, 87 siniestros a 250 m. Prioridad media (49/100).",bacheo,programada_6_meses,plantilla,det=detector_cpu;fusion=ensamble10,20260930-2219,,,Daño dominante: baches; acción según estado regular.
563,TR-JA-0559,test,Japan,10,8008080,4.615064,-74.144808,d2g62b1,71.0,2026-06-22 15:44,sim_gt,59,0,63,8,34.04,100.0,100.0,68.5,87.9,64.3,4.65,51.9,59.9,43.1,76.8,regular,0.497,0.355,2.82,29.05,71.73,50.04,65.25,49.23,48.74,media,413.0,1,335.0,29,69.4,,24.71,"Segmento de 71 m en estado regular: índice de condición 60/100 (intervalo 90 %: 43–77). Detecciones: 59 grietas longitudinales, 63 piel de cocodrilo, 8 baches. Rugosidad IRI 4.7 m/km. Contexto: colegio a 413 m, hospital a 335 m, 29 siniestros a 250 m. Prioridad media (49/100).",parcheo,programada_6_meses,plantilla,det=detector_cpu;fusion=ensamble10,20260930-2219,41.2,malo,Daño dominante: piel de cocodrilo; acción según estado regular.
564,T1-CZ-0026,despliegue,Czech,10,1002456,4.73572,-74.035408,d2g6gq1,60.5,2026-07-18 15:39,sim_pred,50,0,0,11,2.46,100.0,100.0,95.7,80.9,79.4,3.69,61.6,73.2,56.4,90.0,satisfactorio,0.461,0.057,3.74,88.41,88.17,10.81,97.8,68.93,48.65,media,7075.0,0,659.0,7,159.7,0.0,51.64,"Segmento de 60 m en estado satisfactorio: índice de condición 73/100 (intervalo 90 %: 56–90). Detecciones: 50 grietas longitudinales, 11 baches. Rugosidad IRI 3.7 m/km. Contexto: hospital a 659 m, 7 siniestros a 250 m. Prioridad media (49/100).",sellado_de_fisuras,programada_6_meses,plantilla,det=detector_cpu;fusion=ensamble10,20260930-2219,,,Daño dominante: baches; acción según estado satisfactorio.
565,T2-JA-0039,despliegue,Japan,10,11002901,4.746476,-74.049854,d2g74bn,91.3,2026-06-25 12:58,sim_pred,68,0,25,0,14.29,100.0,100.0,81.0,95.1,79.3,5.29,46.2,67.7,50.8,84.5,regular,0.468,0.148,4.61,66.76,71.73,35.36,97.57,60.65,48.65,media,5497.0,0,462.0,21,158.8,1.1,26.45,"Segmento de 91 m en estado regular: índice de condición 68/100 (intervalo 90 %: 51–84). Detecciones: 68 grietas longitudinales, 25 piel de cocodrilo. Rugosidad IRI 5.3 m/km. Contexto: hospital a 462 m, 21 siniestros a 250 m. Prioridad media (49/100).",parcheo,programada_6_meses,plantilla,det=detector_cpu;fusion=ensamble10,20260930-2219,,,Daño dominante: piel de cocodrilo; acción según estado regular.
566,TR-JA-0603,test,Japan,10,11004505,4.742223,-74.059119,d2g6fxr,118.9,2026-08-17 16:50,sim_gt,13,0,15,7,10.05,100.0,100.0,79.7,74.2,67.1,4.64,51.9,61.8,45.0,78.6,regular,0.486,0.304,4.98,80.29,71.73,28.38,80.77,64.31,48.64,media,4433.0,0,1124.0,26,81.2,,33.24,"Segmento de 119 m en estado regular: índice de condición 62/100 (intervalo 90 %: 45–79). Detecciones: 13 grietas longitudinales, 15 piel de cocodrilo, 7 baches. Rugosidad IRI 4.6 m/km. Contexto: 26 siniestros a 250 m. Prioridad media (49/100).",bacheo,programada_6_meses,plantilla,det=detector_cpu;fusion=ensamble10,20260930-2219,47.1,malo,Daño dominante: baches; acción según estado regular.
567,T1-IN-0078,despliegue,India,10,14000462,4.609341,-74.084089,d2g64pj,64.8,2026-09-15 14:49,sim_pred,0,0,2,1,1.69,100.0,100.0,85.4,75.8,70.7,5.26,46.5,62.2,45.4,79.0,regular,0.507,0.285,3.73,23.2,71.73,70.75,69.23,52.07,48.52,media,3460.0,0,443.0,42,72.2,3.1,25.33,"Segmento de 65 m en estado regular: índice de condición 62/100 (intervalo 90 %: 45–79). Detecciones: 2 piel de cocodrilo, 1 baches. Rugosidad IRI 5.3 m/km. Contexto: hospital a 443 m, 42 siniestros a 250 m. Prioridad media (48/100).",bacheo,programada_6_meses,plantilla,det=detector_cpu;fusion=ensamble10,20260930-2219,,,Daño dominante: baches; acción según estado regular.
568,TR-JA-0709,test,Japan,10,19002827,4.57743,-74.168561,d2g6032,85.5,2026-09-14 14:53,sim_gt,16,0,33,4,15.42,100.0,100.0,76.2,86.1,71.3,4.19,56.4,66.1,49.3,82.9,regular,0.514,0.167,2.24,21.12,71.73,46.4,7.44,45.15,48.4,media,116.0,6,335.0,26,21.6,,23.71,"Segmento de 86 m en estado regular: índice de condición 66/100 (intervalo 90 %: 49–83). Detecciones: 16 grietas longitudinales, 33 piel de cocodrilo, 4 baches. Rugosidad IRI 4.2 m/km. Contexto: colegio a 116 m, hospital a 335 m, 26 siniestros a 250 m. Prioridad media (48/100).",parcheo,programada_6_meses,plantilla,det=detector_cpu;fusion=ensamble10,20260930-2219,58.5,regular,Daño dominante: piel de cocodrilo; acción según estado regular.
569,T2-IN-0081,despliegue,India,10,19014245,4.542047,-74.140596,d2g3bfu,72.6,2026-09-12 07:24,sim_pred,9,0,9,18,5.66,100.0,100.0,83.2,64.2,58.3,5.72,42.7,52.9,36.0,69.7,malo,0.489,0.617,2.36,21.12,71.73,17.03,34.07,37.81,48.4,media,2593.0,0,684.0,5,43.0,20.7,23.71,"Segmento de 73 m en estado malo: índice de condición 53/100 (intervalo 90 %: 36–70). Detecciones: 9 grietas longitudinales, 9 piel de cocodrilo, 18 baches. Rugosidad IRI 5.7 m/km. Contexto: hospital a 684 m, 5 siniestros a 250 m. Prioridad media (48/100).",bacheo,programada_6_meses,plantilla,det=detector_cpu;fusion=ensamble10,20260930-2219,,,Daño dominante: baches; acción según estado malo.
570,T1-JA-0013,despliegue,Japan,10,12000806,4.675688,-74.085078,d2g6d5h,58.1,2026-08-27 11:46,sim_pred,40,0,10,9,13.54,100.0,100.0,87.0,82.4,77.8,3.77,60.7,71.8,55.0,88.7,satisfactorio,0.436,0.071,3.56,21.12,100.0,91.08,40.52,66.22,48.39,media,1872.0,0,654.0,109,46.1,0.0,40.13,"Segmento de 58 m en estado satisfactorio: índice de condición 72/100 (intervalo 90 %: 55–89). Detecciones: 40 grietas longitudinales, 10 piel de cocodrilo, 9 baches. Rugosidad IRI 3.8 m/km. Contexto: hospital a 654 m, 109 siniestros a 250 m. Prioridad media (48/100).",sellado_de_fisuras,programada_6_meses,plantilla,det=detector_cpu;fusion=ensamble10,20260930-2219,,,Daño dominante: baches; acción según estado satisfactorio.
571,T2-IN-0094,despliegue,India,10,7001913,4.625161,-74.205373,d2g4r3v,150.0,2026-08-11 15:30,sim_pred,3,0,13,6,9.86,100.0,100.0,77.7,70.8,63.0,5.15,47.4,57.5,40.7,74.3,regular,0.461,0.442,2.0,6.56,71.73,17.87,2.43,32.19,48.37,media,256.0,6,938.0,7,16.1,0.5,23.01,"Segmento de 150 m en estado regular: índice de condición 58/100 (intervalo 90 %: 41–74). Detecciones: 3 grietas longitudinales, 13 piel de cocodrilo, 6 baches. Rugosidad IRI 5.2 m/km. Contexto: colegio a 256 m, hospital a 938 m, 7 siniestros a 250 m. Prioridad media (48/100).",bacheo,programada_6_meses,plantilla,det=detector_cpu;fusion=ensamble10,20260930-2219,,,Daño dominante: baches; acción según estado regular.
572,T1-IN-0093,despliegue,India,10,5002238,4.513629,-74.120864,d2g39md,66.3,2026-06-16 15:29,sim_pred,3,0,0,4,0.51,100.0,100.0,98.0,72.0,71.3,4.0,58.3,66.8,49.9,83.6,regular,0.5,0.156,2.96,52.22,71.73,50.04,85.28,58.5,48.35,media,5558.0,0,474.0,23,91.1,21.1,25.13,"Segmento de 66 m en estado regular: índice de condición 67/100 (intervalo 90 %: 50–84). Detecciones: 3 grietas longitudinales, 4 baches. Rugosidad IRI 4.0 m/km. Contexto: hospital a 474 m, 23 siniestros a 250 m. Prioridad media (48/100).",bacheo,programada_6_meses,plantilla,det=detector_cpu;fusion=ensamble10,20260930-2219,,,Daño dominante: baches; acción según estado regular.
573,TR-IN-0101,test,India,10,9001436,4.681321,-74.148527,d2g68sn,48.8,2026-06-09 08:29,sim_gt,28,0,27,0,20.78,100.0,100.0,76.9,75.3,67.2,7.4,31.6,54.7,37.9,71.6,malo,0.446,0.547,3.42,22.69,71.73,24.81,72.8,40.38,48.32,media,499.0,1,610.0,16,76.3,0.0,23.99,"Segmento de 49 m en estado malo: índice de condición 55/100 (intervalo 90 %: 38–72). Detecciones: 28 grietas longitudinales, 27 piel de cocodrilo. Rugosidad IRI 7.4 m/km. Contexto: colegio a 499 m, hospital a 610 m, 16 siniestros a 250 m. Prioridad media (48/100).",bacheo,programada_6_meses,plantilla,det=detector_cpu;fusion=ensamble10,20260930-2219,48.6,malo,Daño dominante: baches; acción según estado malo.
574,T2-JA-0056,despliegue,Japan,10,5003973,4.50391,-74.12285,d2g397c,40.8,2026-07-10 14:20,sim_pred,41,0,20,0,11.1,100.0,100.0,63.0,81.4,56.4,8.41,26.3,45.9,29.1,62.7,malo,0.501,0.826,3.46,14.92,71.73,2.96,75.42,31.81,48.18,media,5658.0,0,1237.0,2,78.1,0.0,23.42,"Segmento de 41 m en estado malo: índice de condición 46/100 (intervalo 90 %: 29–63). Detecciones: 41 grietas longitudinales, 20 piel de cocodrilo. Rugosidad IRI 8.4 m/km. Contexto: 2 siniestros a 250 m. Prioridad media (48/100).",rehabilitacion,programada_6_meses,plantilla,det=detector_cpu;fusion=ensamble10,20260930-2219,,,Daño dominante: piel de cocodrilo; acción según estado malo.
575,TR-JA-0577,test,Japan,10,12000705,4.67662,-74.060383,d2g6deq,77.4,2026-06-08 12:43,sim_gt,37,0,35,7,18.58,100.0,100.0,73.0,79.3,65.7,3.75,61.0,64.0,47.2,80.9,regular,0.528,0.22,2.07,14.92,84.96,72.34,69.61,53.79,48.09,media,4548.0,0,136.0,65,72.3,,28.22,"Segmento de 77 m en estado regular: índice de condición 64/100 (intervalo 90 %: 47–81). Detecciones: 37 grietas longitudinales, 35 piel de cocodrilo, 7 baches. Rugosidad IRI 3.8 m/km. Contexto: hospital a 136 m, 65 siniestros a 250 m. Prioridad media (48/100).",parcheo,programada_6_meses,plantilla,det=detector_cpu;fusion=ensamble10,20260930-2219,50.0,malo,Daño dominante: piel de cocodrilo; acción según estado regular.
576,T1-CZ-0027,despliegue,Czech,10,16001066,4.619622,-74.122882,d2g632c,41.1,2026-06-19 15:19,sim_pred,44,0,0,12,2.13,100.0,100.0,100.0,91.9,91.9,3.68,61.8,81.3,64.5,98.2,satisfactorio,0.491,0.011,4.09,97.32,71.73,61.15,82.85,79.32,47.92,media,2748.0,0,403.0,45,82.8,0.0,43.01,"Segmento de 41 m en estado satisfactorio: índice de condición 81/100 (intervalo 90 %: 64–98). Detecciones: 44 grietas longitudinales, 12 baches. Rugosidad IRI 3.7 m/km. Contexto: hospital a 403 m, 45 siniestros a 250 m. Prioridad media (48/100).",sellado_de_fisuras,programada_6_meses,plantilla,det=detector_cpu;fusion=ensamble10,20260930-2219,,,Daño dominante: baches; acción según estado satisfactorio.
577,T2-JA-0127,despliegue,Japan,10,9003981,4.646843,-74.11298,d2g63tb,105.8,2026-08-26 08:17,sim_pred,17,0,21,7,12.51,100.0,100.0,62.9,69.7,52.3,6.25,38.9,47.6,30.8,64.4,malo,0.51,0.781,3.59,1.23,71.73,10.81,37.33,28.3,47.76,media,2312.0,0,446.0,10,44.6,0.9,16.64,"Segmento de 106 m en estado malo: índice de condición 48/100 (intervalo 90 %: 31–64). Detecciones: 17 grietas longitudinales, 21 piel de cocodrilo, 7 baches. Rugosidad IRI 6.2 m/km. Contexto: hospital a 446 m, 10 siniestros a 250 m. Prioridad media (48/100).",rehabilitacion,programada_6_meses,plantilla,det=detector_cpu;fusion=ensamble10,20260930-2219,,,Daño dominante: piel de cocodrilo; acción según estado malo.
578,TR-IN-0696,test,India,10,16001263,4.618069,-74.113934,d2g632x,51.9,2026-07-03 08:28,sim_gt,6,0,18,5,10.28,100.0,100.0,80.6,80.1,73.3,5.75,42.5,62.5,45.7,79.4,regular,0.519,0.269,2.84,43.88,71.73,31.71,59.67,50.58,47.71,media,3419.0,0,879.0,22,61.8,0.0,24.84,"Segmento de 52 m en estado regular: índice de condición 62/100 (intervalo 90 %: 46–79). Detecciones: 6 grietas longitudinales, 18 piel de cocodrilo, 5 baches. Rugosidad IRI 5.8 m/km. Contexto: hospital a 879 m, 22 siniestros a 250 m. Prioridad media (48/100).",bacheo,programada_6_meses,plantilla,det=detector_cpu;fusion=ensamble10,20260930-2219,59.0,regular,Daño dominante: baches; acción según estado regular.
579,T1-IN-0006,despliegue,India,10,13002265,4.622289,-74.077033,d2g6636,77.8,2026-08-31 15:43,sim_pred,3,0,11,0,10.32,100.0,100.0,82.9,82.6,76.6,6.14,39.6,63.7,46.9,80.5,regular,0.519,0.235,3.01,21.19,71.73,74.47,47.23,52.2,47.66,media,5041.0,0,339.0,67,51.0,0.0,25.18,"Segmento de 78 m en estado regular: índice de condición 64/100 (intervalo 90 %: 47–80). Detecciones: 3 grietas longitudinales, 11 piel de cocodrilo. Rugosidad IRI 6.1 m/km. Contexto: hospital a 339 m, 67 siniestros a 250 m. Prioridad media (48/100).",bacheo,programada_6_meses,plantilla,det=detector_cpu;fusion=ensamble10,20260930-2219,,,Daño dominante: baches; acción según estado regular.
580,T1-IN-0034,despliegue,India,10,8002078,4.641103,-74.175134,d2g62hg,81.7,2026-09-10 13:37,sim_pred,5,0,6,3,6.03,100.0,100.0,88.2,80.8,76.7,6.14,39.6,63.7,46.9,80.5,regular,0.528,0.23,2.17,43.88,71.73,38.01,17.64,52.16,47.64,media,456.0,2,376.0,22,30.3,0.0,24.84,"Segmento de 82 m en estado regular: índice de condición 64/100 (intervalo 90 %: 47–80). Detecciones: 5 grietas longitudinales, 6 piel de cocodrilo, 3 baches. Rugosidad IRI 6.1 m/km. Contexto: colegio a 456 m, hospital a 376 m, 22 siniestros a 250 m. Prioridad media (48/100).",bacheo,programada_6_meses,plantilla,det=detector_cpu;fusion=ensamble10,20260930-2219,,,Daño dominante: baches; acción según estado regular.
581,T2-CZ-0003,despliegue,Czech,10,8014692,4.620041,-74.173768,d2g621h,55.5,2026-06-05 12:01,sim_pred,21,0,4,4,3.62,100.0,100.0,91.7,83.3,80.4,4.3,55.2,71.6,54.8,88.4,satisfactorio,0.429,0.076,3.8,43.88,84.96,16.39,31.03,51.39,47.59,media,131.0,2,310.0,12,40.6,1.8,28.88,"Segmento de 56 m en estado satisfactorio: índice de condición 72/100 (intervalo 90 %: 55–88). Detecciones: 21 grietas longitudinales, 4 piel de cocodrilo, 4 baches. Rugosidad IRI 4.3 m/km. Contexto: colegio a 131 m, hospital a 310 m, 12 siniestros a 250 m. Prioridad media (48/100).",sellado_de_fisuras,programada_6_meses,plantilla,det=detector_cpu;fusion=ensamble10,20260930-2219,,,Daño dominante: baches; acción según estado satisfactorio.
582,TR-JA-0862,test,Japan,10,11010769,4.701917,-74.062408,d2g6dxv,111.5,2026-06-13 13:41,sim_gt,27,0,27,17,16.89,100.0,100.0,75.6,80.4,68.8,4.32,55.0,64.0,47.1,80.8,regular,0.523,0.225,2.61,87.02,71.73,19.69,78.95,64.83,47.56,media,4817.0,0,1071.0,16,80.7,,38.56,"Segmento de 112 m en estado regular: índice de condición 64/100 (intervalo 90 %: 47–81). Detecciones: 27 grietas longitudinales, 27 piel de cocodrilo, 17 baches. Rugosidad IRI 4.3 m/km. Contexto: 16 siniestros a 250 m. Prioridad media (48/100).",parcheo,programada_6_meses,plantilla,det=detector_cpu;fusion=ensamble10,20260930-2219,47.9,malo,Daño dominante: piel de cocodrilo; acción según estado regular.
583,T2-JA-0035,despliegue,Japan,10,19014284,4.532042,-74.148748,d2g3b9n,61.4,2026-09-10 13:04,sim_pred,10,0,26,6,15.8,100.0,100.0,71.7,72.0,61.9,7.1,33.4,51.9,35.1,68.8,malo,0.502,0.651,2.42,21.12,71.73,2.62,38.66,34.21,47.52,media,1958.0,0,648.0,3,44.9,0.0,23.71,"Segmento de 61 m en estado malo: índice de condición 52/100 (intervalo 90 %: 35–69). Detecciones: 10 grietas longitudinales, 26 piel de cocodrilo, 6 baches. Rugosidad IRI 7.1 m/km. Contexto: hospital a 648 m, 3 siniestros a 250 m. Prioridad media (48/100).",rehabilitacion,programada_6_meses,plantilla,det=detector_cpu;fusion=ensamble10,20260930-2219,,,Daño dominante: piel de cocodrilo; acción según estado malo.
584,TR-JA-0449,test,Japan,10,8008351,4.614167,-74.134608,d2g61pb,75.7,2026-07-10 07:29,sim_gt,29,0,35,5,24.61,100.0,100.0,84.4,90.1,81.0,3.17,67.7,76.3,59.5,93.2,satisfactorio,0.499,0.031,3.88,52.98,71.73,97.99,24.58,70.79,47.52,media,1548.0,0,41.0,132,37.8,,25.27,"Segmento de 76 m en estado satisfactorio: índice de condición 76/100 (intervalo 90 %: 60–93). Detecciones: 29 grietas longitudinales, 35 piel de cocodrilo, 5 baches. Rugosidad IRI 3.2 m/km. Contexto: hospital a 41 m, 132 siniestros a 250 m. Prioridad media (48/100).",sellado_de_fisuras,programada_6_meses,plantilla,det=detector_cpu;fusion=ensamble10,20260930-2219,60.6,regular,Daño dominante: piel de cocodrilo; acción según estado satisfactorio.
585,TR-IN-0248,test,India,10,1002748,4.733843,-74.026282,d2g6gmz,109.3,2026-07-13 07:29,sim_gt,2,0,7,3,7.76,100.0,100.0,89.4,88.0,84.3,3.79,60.5,76.0,59.1,92.8,satisfactorio,0.48,0.04,5.04,95.13,71.73,27.28,96.62,69.98,47.41,media,8099.0,0,249.0,19,147.1,0.9,42.3,"Segmento de 109 m en estado satisfactorio: índice de condición 76/100 (intervalo 90 %: 59–93). Detecciones: 2 grietas longitudinales, 7 piel de cocodrilo, 3 baches. Rugosidad IRI 3.8 m/km. Contexto: hospital a 249 m, 19 siniestros a 250 m. Prioridad media (47/100).",sellado_de_fisuras,programada_6_meses,plantilla,det=detector_cpu;fusion=ensamble10,20260930-2219,87.2,bueno,Daño dominante: baches; acción según estado satisfactorio.
586,T2-IN-0063,despliegue,India,10,3001047,4.590143,-74.075964,d2g647e,86.0,2026-07-23 12:01,sim_pred,0,0,12,6,10.57,100.0,100.0,95.0,87.5,85.8,3.91,59.2,76.5,59.6,93.3,satisfactorio,0.51,0.027,3.08,63.7,71.73,80.08,85.51,70.6,47.36,media,3439.0,0,550.0,58,91.6,10.5,26.13,"Segmento de 86 m en estado satisfactorio: índice de condición 76/100 (intervalo 90 %: 60–93). Detecciones: 12 piel de cocodrilo, 6 baches. Rugosidad IRI 3.9 m/km. Contexto: hospital a 550 m, 58 siniestros a 250 m. Prioridad media (47/100).",sellado_de_fisuras,programada_6_meses,plantilla,det=detector_cpu;fusion=ensamble10,20260930-2219,,,Daño dominante: baches; acción según estado satisfactorio.
587,TR-JA-0705,test,Japan,10,19010902,4.542216,-74.149806,d2g3bdv,42.8,2026-07-07 15:15,sim_gt,28,0,22,7,17.46,100.0,100.0,76.0,82.5,69.8,5.78,42.3,60.2,43.4,77.0,regular,0.499,0.347,2.95,21.12,100.0,10.81,33.35,46.15,47.34,media,1598.0,0,520.0,10,42.2,,40.13,"Segmento de 43 m en estado regular: índice de condición 60/100 (intervalo 90 %: 43–77). Detecciones: 28 grietas longitudinales, 22 piel de cocodrilo, 7 baches. Rugosidad IRI 5.8 m/km. Contexto: hospital a 520 m, 10 siniestros a 250 m. Prioridad media (47/100).",parcheo,programada_6_meses,plantilla,det=detector_cpu;fusion=ensamble10,20260930-2219,61.3,regular,Daño dominante: piel de cocodrilo; acción según estado regular.
588,T2-CZ-0015,despliegue,Czech,10,3000315,4.614961,-74.070489,d2g662p,150.0,2026-06-20 09:25,sim_pred,15,2,0,1,0.93,100.0,100.0,100.0,97.9,97.9,3.22,67.1,87.1,70.3,100.0,bueno,0.541,0.002,2.54,73.68,100.0,87.97,72.19,86.46,47.33,media,5021.0,0,425.0,85,75.6,4.9,49.94,"Segmento de 150 m en estado bueno: índice de condición 87/100 (intervalo 90 %: 70–100). Detecciones: 15 grietas longitudinales, 2 grietas transversales, 1 baches. Rugosidad IRI 3.2 m/km. Contexto: hospital a 425 m, 85 siniestros a 250 m. Prioridad media (47/100).",mantenimiento_rutinario,programada_6_meses,plantilla,det=detector_cpu;fusion=ensamble10,20260930-2219,,,Daño dominante: ninguno; acción según estado bueno.
589,TR-IN-0727,test,India,10,14000014,4.62316,-74.079985,d2g6638,59.6,2026-07-30 12:04,sim_gt,3,0,11,17,11.07,100.0,100.0,92.6,75.1,72.5,4.24,55.8,66.6,49.8,83.5,regular,0.502,0.157,2.82,25.98,71.73,81.18,45.94,55.79,47.33,media,4908.0,0,248.0,89,50.5,5.0,24.84,"Segmento de 60 m en estado regular: índice de condición 67/100 (intervalo 90 %: 50–84). Detecciones: 3 grietas longitudinales, 11 piel de cocodrilo, 17 baches. Rugosidad IRI 4.2 m/km. Contexto: hospital a 248 m, 89 siniestros a 250 m. Prioridad media (47/100).",bacheo,programada_6_meses,plantilla,det=detector_cpu;fusion=ensamble10,20260930-2219,57.4,regular,Daño dominante: baches; acción según estado regular.
590,T1-CZ-0030,despliegue,Czech,10,19008363,4.552412,-74.1375,d2g3buw,46.1,2026-06-23 13:12,sim_pred,31,3,6,4,4.56,100.0,100.0,100.0,98.6,98.6,3.24,66.8,87.5,70.6,100.0,bueno,0.557,0.001,1.91,92.61,71.73,99.43,42.75,87.01,47.32,media,2164.0,0,373.0,141,48.6,2.2,40.68,"Segmento de 46 m en estado bueno: índice de condición 88/100 (intervalo 90 %: 71–100). Detecciones: 31 grietas longitudinales, 3 grietas transversales, 6 piel de cocodrilo, 4 baches. Rugosidad IRI 3.2 m/km. Contexto: hospital a 373 m, 141 siniestros a 250 m. Prioridad media (47/100).",mantenimiento_rutinario,programada_6_meses,plantilla,det=detector_cpu;fusion=ensamble10,20260930-2219,,,Daño dominante: ninguno; acción según estado bueno.
591,TR-JA-0443,test,Japan,10,16003651,4.599374,-74.130255,d2g61j7,46.0,2026-09-25 16:57,sim_gt,11,0,31,9,17.2,100.0,100.0,77.4,93.7,75.2,3.67,61.8,70.5,53.7,87.3,regular,0.432,0.087,3.04,74.16,71.73,26.48,15.63,61.39,47.25,media,1936.0,0,284.0,17,29.2,,27.49,"Segmento de 46 m en estado regular: índice de condición 70/100 (intervalo 90 %: 54–87). Detecciones: 11 grietas longitudinales, 31 piel de cocodrilo, 9 baches. Rugosidad IRI 3.7 m/km. Contexto: hospital a 284 m, 17 siniestros a 250 m. Prioridad media (47/100).",parcheo,programada_6_meses,plantilla,det=detector_cpu;fusion=ensamble10,20260930-2219,57.5,regular,Daño dominante: piel de cocodrilo; acción según estado regular.
592,T2-IN-0058,despliegue,India,10,4006198,4.53354,-74.083419,d2g3f1q,60.7,2026-06-20 11:21,sim_pred,9,0,19,5,8.53,100.0,100.0,70.5,73.5,61.2,7.52,30.9,50.6,33.8,67.5,malo,0.495,0.687,4.2,21.12,71.73,10.81,83.61,36.26,47.13,media,6605.0,0,1290.0,8,84.5,26.3,23.71,"Segmento de 61 m en estado malo: índice de condición 51/100 (intervalo 90 %: 34–68). Detecciones: 9 grietas longitudinales, 19 piel de cocodrilo, 5 baches. Rugosidad IRI 7.5 m/km. Contexto: 8 siniestros a 250 m. Prioridad media (47/100).",rehabilitacion,programada_6_meses,plantilla,det=detector_cpu;fusion=ensamble10,20260930-2219,,,Daño dominante: piel de cocodrilo; acción según estado malo.
593,T2-JA-0129,despliegue,Japan,10,8013728,4.617233,-74.181921,d2g4rbw,119.5,2026-06-02 08:03,sim_pred,25,0,21,0,14.05,100.0,100.0,81.2,92.6,78.7,3.15,67.9,74.9,58.1,91.7,satisfactorio,0.507,0.033,1.46,80.29,71.73,40.63,31.03,67.38,47.01,media,510.0,0,485.0,18,40.6,0.8,27.87,"Segmento de 120 m en estado satisfactorio: índice de condición 75/100 (intervalo 90 %: 58–92). Detecciones: 25 grietas longitudinales, 21 piel de cocodrilo. Rugosidad IRI 3.1 m/km. Contexto: hospital a 485 m, 18 siniestros a 250 m. Prioridad media (47/100).",sellado_de_fisuras,programada_6_meses,plantilla,det=detector_cpu;fusion=ensamble10,20260930-2219,,,Daño dominante: piel de cocodrilo; acción según estado satisfactorio.
594,T1-CZ-0022,despliegue,Czech,10,2000923,4.662794,-74.05004,d2g6dby,150.0,2026-07-01 13:32,sim_pred,29,0,5,3,4.78,100.0,100.0,96.0,80.9,79.5,4.29,55.4,71.0,54.2,87.9,satisfactorio,0.416,0.084,3.89,27.09,88.17,79.17,56.11,61.49,46.98,media,6009.0,0,224.0,84,58.5,5.0,37.5,"Segmento de 150 m en estado satisfactorio: índice de condición 71/100 (intervalo 90 %: 54–88). Detecciones: 29 grietas longitudinales, 5 piel de cocodrilo, 3 baches. Rugosidad IRI 4.3 m/km. Contexto: hospital a 224 m, 84 siniestros a 250 m. Prioridad media (47/100).",sellado_de_fisuras,programada_6_meses,plantilla,det=detector_cpu;fusion=ensamble10,20260930-2219,,,Daño dominante: baches; acción según estado satisfactorio.
595,TR-CZ-0099,test,Czech,10,8007527,4.617244,-74.157204,d2g6288,59.7,2026-07-24 15:58,sim_gt,40,0,0,0,1.03,100.0,100.0,100.0,96.7,96.7,3.46,64.3,85.4,68.5,100.0,satisfactorio,0.433,0.003,3.35,63.7,71.73,79.7,13.05,70.51,46.98,media,78.0,1,425.0,57,28.2,0.0,26.83,"Segmento de 60 m en estado satisfactorio: índice de condición 85/100 (intervalo 90 %: 68–100). Detecciones: 40 grietas longitudinales. Rugosidad IRI 3.5 m/km. Contexto: colegio a 78 m, hospital a 425 m, 57 siniestros a 250 m. Prioridad media (47/100).",sellado_de_fisuras,programada_6_meses,plantilla,det=detector_cpu;fusion=ensamble10,20260930-2219,82.1,satisfactorio,Daño dominante: ninguno; acción según estado satisfactorio.
596,TR-JA-0568,test,Japan,10,10009532,4.670784,-74.099513,d2g69f6,40.4,2026-09-11 14:58,sim_gt,26,0,57,7,23.28,100.0,100.0,76.3,84.5,70.9,4.38,54.5,65.2,48.3,82.0,regular,0.507,0.199,3.6,22.69,71.73,74.05,48.71,52.69,46.98,media,801.0,0,940.0,74,51.6,,24.69,"Segmento de 40 m en estado regular: índice de condición 65/100 (intervalo 90 %: 48–82). Detecciones: 26 grietas longitudinales, 57 piel de cocodrilo, 7 baches. Rugosidad IRI 4.4 m/km. Contexto: hospital a 940 m, 74 siniestros a 250 m. Prioridad media (47/100).",parcheo,programada_6_meses,plantilla,det=detector_cpu;fusion=ensamble10,20260930-2219,53.6,malo,Daño dominante: piel de cocodrilo; acción según estado regular.
597,T1-IN-0092,despliegue,India,10,16000893,4.620822,-74.108309,d2g6395,45.7,2026-07-23 15:03,sim_pred,6,0,1,6,1.49,100.0,100.0,98.5,73.8,73.3,4.73,51.1,65.5,48.7,82.4,regular,0.512,0.184,2.92,89.21,71.73,18.85,53.53,65.5,46.87,media,3639.0,0,1369.0,15,56.1,2.2,40.31,"Segmento de 46 m en estado regular: índice de condición 66/100 (intervalo 90 %: 49–82). Detecciones: 6 grietas longitudinales, 1 piel de cocodrilo, 6 baches. Rugosidad IRI 4.7 m/km. Contexto: 15 siniestros a 250 m. Prioridad media (47/100).",bacheo,programada_6_meses,plantilla,det=detector_cpu;fusion=ensamble10,20260930-2219,,,Daño dominante: baches; acción según estado regular.
598,T2-IN-0059,despliegue,India,10,4000612,4.572303,-74.08551,d2g640k,139.5,2026-06-01 16:20,sim_pred,19,0,5,4,5.55,100.0,100.0,93.1,89.3,86.9,4.53,53.0,75.0,58.2,91.8,satisfactorio,0.497,0.037,2.94,85.73,84.96,12.03,83.16,67.04,46.81,media,2954.0,0,375.0,11,83.6,0.7,35.03,"Segmento de 140 m en estado satisfactorio: índice de condición 75/100 (intervalo 90 %: 58–92). Detecciones: 19 grietas longitudinales, 5 piel de cocodrilo, 4 baches. Rugosidad IRI 4.5 m/km. Contexto: hospital a 375 m, 11 siniestros a 250 m. Prioridad media (47/100).",sellado_de_fisuras,programada_6_meses,plantilla,det=detector_cpu;fusion=ensamble10,20260930-2219,,,Daño dominante: baches; acción según estado satisfactorio.
599,TR-JA-0707,test,Japan,10,10008896,4.676944,-74.090192,d2g6d53,51.0,2026-09-05 14:07,sim_gt,32,0,26,1,19.79,100.0,100.0,83.2,95.4,81.6,2.51,76.2,79.7,62.8,96.5,satisfactorio,0.518,0.013,2.83,84.84,84.96,39.76,44.54,73.61,46.64,media,1290.0,0,102.0,30,49.4,,33.41,"Segmento de 51 m en estado satisfactorio: índice de condición 80/100 (intervalo 90 %: 63–96). Detecciones: 32 grietas longitudinales, 26 piel de cocodrilo, 1 baches. Rugosidad IRI 2.5 m/km. Contexto: hospital a 102 m, 30 siniestros a 250 m. Prioridad media (47/100).",sellado_de_fisuras,programada_6_meses,plantilla,det=detector_cpu;fusion=ensamble10,20260930-2219,78.0,satisfactorio,Daño dominante: piel de cocodrilo; acción según estado satisfactorio.
600,T1-JA-0061,despliegue,Japan,10,18001520,4.577221,-74.104055,d2g619r,44.3,2026-06-15 12:42,sim_pred,44,0,8,0,13.28,100.0,100.0,80.0,88.1,75.9,4.72,51.2,67.2,50.4,84.1,regular,0.496,0.143,2.69,25.98,71.73,77.43,60.43,54.85,46.6,media,1253.0,0,515.0,46,63.0,2.3,24.14,"Segmento de 44 m en estado regular: índice de condición 67/100 (intervalo 90 %: 50–84). Detecciones: 44 grietas longitudinales, 8 piel de cocodrilo. Rugosidad IRI 4.7 m/km. Contexto: hospital a 515 m, 46 siniestros a 250 m. Prioridad media (47/100).",parcheo,programada_6_meses,plantilla,det=detector_cpu;fusion=ensamble10,20260930-2219,,,Daño dominante: piel de cocodrilo; acción según estado regular.
601,T1-CZ-0032,despliegue,Czech,10,16005109,4.629016,-74.122496,d2g6369,96.3,2026-07-12 14:38,sim_pred,33,1,5,8,4.68,100.0,100.0,90.6,80.3,77.0,4.66,51.7,68.1,51.3,85.0,regular,0.475,0.129,3.37,0.51,88.17,99.81,44.84,56.02,46.52,media,2278.0,0,719.0,220,49.6,0.0,36.2,"Segmento de 96 m en estado regular: índice de condición 68/100 (intervalo 90 %: 51–85). Detecciones: 33 grietas longitudinales, 1 grietas transversales, 5 piel de cocodrilo, 8 baches. Rugosidad IRI 4.7 m/km. Contexto: hospital a 719 m, 220 siniestros a 250 m. Prioridad media (46/100).",bacheo,programada_6_meses,plantilla,det=detector_cpu;fusion=ensamble10,20260930-2219,,,Daño dominante: baches; acción según estado regular.
602,TR-IN-0581,test,India,10,12001587,4.6687,-74.064893,d2g6d9g,67.6,2026-08-26 09:58,sim_gt,0,0,4,18,5.4,100.0,100.0,94.4,74.9,72.9,3.64,62.1,69.2,52.3,86.0,regular,0.459,0.11,3.22,25.98,84.96,68.25,37.33,57.19,46.39,media,4239.0,0,301.0,62,44.6,1.5,28.88,"Segmento de 68 m en estado regular: índice de condición 69/100 (intervalo 90 %: 52–86). Detecciones: 4 piel de cocodrilo, 18 baches. Rugosidad IRI 3.6 m/km. Contexto: hospital a 301 m, 62 siniestros a 250 m. Prioridad media (46/100).",bacheo,programada_6_meses,plantilla,det=detector_cpu;fusion=ensamble10,20260930-2219,92.6,bueno,Daño dominante: baches; acción según estado regular.
603,TR-IN-0313,test,India,10,11007524,4.729052,-74.050773,d2g6fuv,99.3,2026-06-13 12:55,sim_gt,11,0,5,15,8.06,100.0,100.0,88.5,73.3,69.3,4.76,50.8,62.8,46.0,79.6,regular,0.531,0.255,1.64,5.58,71.73,80.42,97.12,47.44,46.29,media,5499.0,0,916.0,101,156.1,2.0,23.42,"Segmento de 99 m en estado regular: índice de condición 63/100 (intervalo 90 %: 46–80). Detecciones: 11 grietas longitudinales, 5 piel de cocodrilo, 15 baches. Rugosidad IRI 4.8 m/km. Contexto: hospital a 916 m, 101 siniestros a 250 m. Prioridad media (46/100).",bacheo,programada_6_meses,plantilla,det=detector_cpu;fusion=ensamble10,20260930-2219,78.4,satisfactorio,Daño dominante: baches; acción según estado regular.
604,T1-CZ-0015,despliegue,Czech,10,8004574,4.630169,-74.143949,d2g62ff,48.7,2026-07-29 08:42,sim_pred,7,0,1,1,1.78,100.0,100.0,100.0,100.0,100.0,3.01,69.7,89.4,72.5,100.0,bueno,0.629,0.001,0.92,94.46,71.73,97.31,11.53,87.21,46.26,media,604.0,0,293.0,139,26.1,4.1,41.25,"Segmento de 49 m en estado bueno: índice de condición 89/100 (intervalo 90 %: 72–100). Detecciones: 7 grietas longitudinales, 1 piel de cocodrilo, 1 baches. Rugosidad IRI 3.0 m/km. Contexto: hospital a 293 m, 139 siniestros a 250 m. Prioridad media (46/100).",mantenimiento_rutinario,programada_6_meses,plantilla,det=detector_cpu;fusion=ensamble10,20260930-2219,,,Daño dominante: ninguno; acción según estado bueno.
605,TR-JA-0604,test,Japan,10,8005261,4.627459,-74.140683,d2g62fk,101.1,2026-07-29 12:29,sim_gt,22,1,25,6,16.62,100.0,100.0,73.3,81.7,66.9,3.95,58.8,64.0,47.2,80.9,regular,0.501,0.234,4.32,43.88,71.73,24.81,11.53,48.86,46.12,media,816.0,0,392.0,18,26.1,,24.84,"Segmento de 101 m en estado regular: índice de condición 64/100 (intervalo 90 %: 47–81). Detecciones: 22 grietas longitudinales, 1 grietas transversales, 25 piel de cocodrilo, 6 baches. Rugosidad IRI 4.0 m/km. Contexto: hospital a 392 m, 18 siniestros a 250 m. Prioridad media (46/100).",parcheo,programada_6_meses,plantilla,det=detector_cpu;fusion=ensamble10,20260930-2219,72.7,satisfactorio,Daño dominante: piel de cocodrilo; acción según estado regular.
606,TR-IN-0462,test,India,10,8001815,4.642367,-74.163126,d2g62mh,87.0,2026-09-01 09:43,sim_gt,2,0,3,7,3.01,100.0,100.0,97.6,98.6,97.1,3.25,66.6,86.5,69.6,100.0,bueno,0.516,0.003,4.59,70.35,71.73,66.46,14.26,69.86,46.07,media,257.0,2,213.0,43,28.8,1.1,27.01,"Segmento de 87 m en estado bueno: índice de condición 86/100 (intervalo 90 %: 70–100). Detecciones: 2 grietas longitudinales, 3 piel de cocodrilo, 7 baches. Rugosidad IRI 3.2 m/km. Contexto: colegio a 257 m, hospital a 213 m, 43 siniestros a 250 m. Prioridad media (46/100).",mantenimiento_rutinario,programada_6_meses,plantilla,det=detector_cpu;fusion=ensamble10,20260930-2219,72.6,satisfactorio,Daño dominante: ninguno; acción según estado bueno.
607,TR-IN-0359,test,India,10,5001984,4.515131,-74.112941,d2g39tb,40.4,2026-07-17 15:24,sim_gt,2,0,0,0,0.33,100.0,100.0,100.0,92.4,92.4,4.64,51.9,78.2,61.4,95.1,satisfactorio,0.495,0.024,4.73,70.35,100.0,27.28,75.95,69.96,46.04,media,6301.0,0,80.0,18,78.4,7.4,43.43,"Segmento de 40 m en estado satisfactorio: índice de condición 78/100 (intervalo 90 %: 61–95). Detecciones: 2 grietas longitudinales. Rugosidad IRI 4.6 m/km. Contexto: hospital a 80 m, 18 siniestros a 250 m. Prioridad media (46/100).",sellado_de_fisuras,programada_6_meses,plantilla,det=detector_cpu;fusion=ensamble10,20260930-2219,83.1,satisfactorio,Daño dominante: baches; acción según estado satisfactorio.
608,TR-JA-0485,test,Japan,10,18007653,4.578979,-74.108501,d2g619e,72.2,2026-09-24 08:08,sim_gt,34,0,3,2,5.62,100.0,100.0,69.8,100.0,69.8,2.68,74.0,71.2,54.4,88.1,satisfactorio,0.423,0.079,3.5,25.98,71.73,95.56,16.43,59.39,46.01,media,1032.0,0,639.0,104,29.6,,24.84,"Segmento de 72 m en estado satisfactorio: índice de condición 71/100 (intervalo 90 %: 54–88). Detecciones: 34 grietas longitudinales, 3 piel de cocodrilo, 2 baches. Rugosidad IRI 2.7 m/km. Contexto: hospital a 639 m, 104 siniestros a 250 m. Prioridad media (46/100).",sellado_de_fisuras,programada_6_meses,plantilla,det=detector_cpu;fusion=ensamble10,20260930-2219,59.8,regular,Daño dominante: piel de cocodrilo; acción según estado satisfactorio.
609,TR-JA-0715,test,Japan,10,1008075,4.722885,-74.035856,d2g6g7b,91.9,2026-07-28 08:44,sim_gt,15,0,5,2,5.05,99.9,100.0,74.2,97.8,73.4,3.66,61.9,69.4,52.5,86.2,regular,0.444,0.115,4.42,71.86,71.73,10.81,99.36,56.55,46.0,media,7270.0,0,430.0,12,173.8,,27.17,"Segmento de 92 m en estado regular: índice de condición 69/100 (intervalo 90 %: 52–86). Detecciones: 15 grietas longitudinales, 5 piel de cocodrilo, 2 baches. Rugosidad IRI 3.7 m/km. Contexto: hospital a 430 m, 12 siniestros a 250 m. Prioridad media (46/100).",parcheo,programada_6_meses,plantilla,det=detector_cpu;fusion=ensamble10,20260930-2219,51.4,malo,Daño dominante: piel de cocodrilo; acción según estado regular.
610,TR-JA-0733,test,Japan,10,11008615,4.723273,-74.097942,d2g6cgg,73.4,2026-06-26 10:13,sim_gt,42,0,22,11,20.7,100.0,100.0,78.1,82.2,71.8,3.78,60.6,67.9,51.1,84.7,regular,0.484,0.13,2.82,27.98,71.73,71.97,92.91,54.29,45.97,media,1332.0,0,615.0,47,117.9,,24.43,"Segmento de 73 m en estado regular: índice de condición 68/100 (intervalo 90 %: 51–85). Detecciones: 42 grietas longitudinales, 22 piel de cocodrilo, 11 baches. Rugosidad IRI 3.8 m/km. Contexto: hospital a 615 m, 47 siniestros a 250 m. Prioridad media (46/100).",parcheo,programada_6_meses,plantilla,det=detector_cpu;fusion=ensamble10,20260930-2219,52.2,malo,Daño dominante: piel de cocodrilo; acción según estado regular.
611,T2-IN-0000,despliegue,India,10,8009615,4.609668,-74.165135,d2g60r4,110.6,2026-07-08 16:22,sim_pred,0,0,10,3,9.07,100.0,100.0,90.2,79.4,76.0,4.5,53.2,68.0,51.2,84.9,regular,0.456,0.146,5.18,26.92,71.73,23.18,26.56,41.67,45.85,media,138.0,2,463.0,20,38.7,0.9,24.34,"Segmento de 111 m en estado regular: índice de condición 68/100 (intervalo 90 %: 51–85). Detecciones: 10 piel de cocodrilo, 3 baches. Rugosidad IRI 4.5 m/km. Contexto: colegio a 138 m, hospital a 463 m, 20 siniestros a 250 m. Prioridad media (46/100).",bacheo,programada_6_meses,plantilla,det=detector_cpu;fusion=ensamble10,20260930-2219,,,Daño dominante: baches; acción según estado regular.
612,TR-JA-0718,test,Japan,10,19011889,4.5373,-74.136675,d2g3bcz,60.5,2026-06-18 10:57,sim_gt,3,0,37,3,19.9,100.0,100.0,71.0,82.1,64.7,6.43,37.6,55.2,38.4,72.1,malo,0.44,0.529,2.71,21.12,71.73,5.24,59.22,34.86,45.81,media,3152.0,0,927.0,6,61.7,,23.71,"Segmento de 60 m en estado malo: índice de condición 55/100 (intervalo 90 %: 38–72). Detecciones: 3 grietas longitudinales, 37 piel de cocodrilo, 3 baches. Rugosidad IRI 6.4 m/km. Contexto: hospital a 927 m, 6 siniestros a 250 m. Prioridad media (46/100).",rehabilitacion,programada_6_meses,plantilla,det=detector_cpu;fusion=ensamble10,20260930-2219,41.0,malo,Daño dominante: piel de cocodrilo; acción según estado malo.
613,TR-JA-0311,test,Japan,10,4004931,4.544434,-74.087132,d2g3f57,57.5,2026-09-05 08:46,sim_gt,48,0,17,1,8.61,100.0,100.0,87.2,94.5,85.3,2.83,72.0,80.6,63.8,97.5,satisfactorio,0.508,0.011,3.2,80.29,84.96,43.78,75.57,72.8,45.74,media,5330.0,0,245.0,24,78.2,0.0,31.91,"Segmento de 58 m en estado satisfactorio: índice de condición 81/100 (intervalo 90 %: 64–98). Detecciones: 48 grietas longitudinales, 17 piel de cocodrilo, 1 baches. Rugosidad IRI 2.8 m/km. Contexto: hospital a 245 m, 24 siniestros a 250 m. Prioridad media (46/100).",sellado_de_fisuras,programada_6_meses,plantilla,det=detector_cpu;fusion=ensamble10,20260930-2219,73.3,satisfactorio,Daño dominante: piel de cocodrilo; acción según estado satisfactorio.
614,T2-IN-0030,despliegue,India,10,4006090,4.535535,-74.093672,d2g3ccw,46.5,2026-09-24 13:11,sim_pred,7,0,16,2,12.84,100.0,100.0,76.4,67.1,58.9,9.33,22.3,46.1,29.3,62.9,malo,0.498,0.818,3.82,6.56,84.96,4.51,16.43,33.49,45.74,media,6029.0,0,1428.0,3,29.6,0.0,27.05,"Segmento de 46 m en estado malo: índice de condición 46/100 (intervalo 90 %: 29–63). Detecciones: 7 grietas longitudinales, 16 piel de cocodrilo, 2 baches. Rugosidad IRI 9.3 m/km. Contexto: 3 siniestros a 250 m. Prioridad media (46/100).",bacheo,programada_6_meses,plantilla,det=detector_cpu;fusion=ensamble10,20260930-2219,,,Daño dominante: baches; acción según estado malo.
615,T2-JA-0100,despliegue,Japan,10,11000254,4.764984,-74.051494,d2g74gm,85.5,2026-07-01 07:54,sim_pred,1,0,28,4,12.42,100.0,100.0,67.1,73.7,57.9,6.79,35.2,50.0,33.1,66.8,malo,0.517,0.716,2.83,14.92,71.73,2.62,96.21,31.72,45.72,media,5902.0,0,1316.0,3,143.2,5.8,23.42,"Segmento de 86 m en estado malo: índice de condición 50/100 (intervalo 90 %: 33–67). Detecciones: 1 grietas longitudinales, 28 piel de cocodrilo, 4 baches. Rugosidad IRI 6.8 m/km. Contexto: 3 siniestros a 250 m. Prioridad media (46/100).",rehabilitacion,programada_6_meses,plantilla,det=detector_cpu;fusion=ensamble10,20260930-2219,,,Daño dominante: piel de cocodrilo; acción según estado malo.
616,TR-IN-0685,test,India,10,10008485,4.680553,-74.08764,d2g6dh5,82.5,2026-07-04 12:56,sim_gt,6,0,19,0,10.48,100.0,100.0,90.1,100.0,90.1,1.72,87.9,89.3,72.5,100.0,bueno,0.626,0.001,1.44,97.93,71.73,86.04,64.07,85.79,45.72,media,1505.0,0,451.0,91,68.2,3.6,45.07,"Segmento de 82 m en estado bueno: índice de condición 89/100 (intervalo 90 %: 72–100). Detecciones: 6 grietas longitudinales, 19 piel de cocodrilo. Rugosidad IRI 1.7 m/km. Contexto: hospital a 451 m, 91 siniestros a 250 m. Prioridad media (46/100).",mantenimiento_rutinario,programada_6_meses,plantilla,det=detector_cpu;fusion=ensamble10,20260930-2219,99.5,bueno,Daño dominante: piel de cocodrilo; acción según estado bueno.
617,T2-IN-0044,despliegue,India,10,14000228,4.614694,-74.076602,d2g6625,82.4,2026-09-03 16:09,sim_pred,1,0,1,2,1.21,100.0,100.0,98.6,89.8,89.3,3.48,64.0,80.4,63.6,97.3,satisfactorio,0.508,0.011,3.34,89.49,71.73,45.45,48.9,72.26,45.64,media,4475.0,0,215.0,31,51.7,4.9,40.53,"Segmento de 82 m en estado satisfactorio: índice de condición 80/100 (intervalo 90 %: 64–97). Detecciones: 1 grietas longitudinales, 1 piel de cocodrilo, 2 baches. Rugosidad IRI 3.5 m/km. Contexto: hospital a 215 m, 31 siniestros a 250 m. Prioridad media (46/100).",sellado_de_fisuras,programada_6_meses,plantilla,det=detector_cpu;fusion=ensamble10,20260930-2219,,,Daño dominante: baches; acción según estado satisfactorio.
618,TR-IN-0767,test,India,10,11013068,4.757143,-74.113183,d2g71d0,125.2,2026-06-09 13:52,sim_gt,7,0,2,8,2.74,100.0,100.0,90.9,76.1,72.9,3.73,61.2,68.8,52.0,85.6,regular,0.462,0.119,3.64,61.12,84.96,1.67,98.56,54.6,45.55,media,298.0,1,1834.0,1,163.9,0.8,29.79,"Segmento de 125 m en estado regular: índice de condición 69/100 (intervalo 90 %: 52–86). Detecciones: 7 grietas longitudinales, 2 piel de cocodrilo, 8 baches. Rugosidad IRI 3.7 m/km. Contexto: colegio a 298 m, 1 siniestros a 250 m. Prioridad media (46/100).",bacheo,programada_6_meses,plantilla,det=detector_cpu;fusion=ensamble10,20260930-2219,52.1,malo,Daño dominante: baches; acción según estado regular.
619,T2-CZ-0034,despliegue,Czech,10,8009777,4.608773,-74.134254,d2g61p1,48.2,2026-08-10 12:09,sim_pred,3,2,0,3,0.9,100.0,100.0,98.9,79.6,79.2,3.43,64.6,74.1,57.3,90.9,satisfactorio,0.48,0.046,3.32,87.02,71.73,9.83,16.92,62.37,45.48,media,1743.0,0,472.0,11,29.8,2.1,38.56,"Segmento de 48 m en estado satisfactorio: índice de condición 74/100 (intervalo 90 %: 57–91). Detecciones: 3 grietas longitudinales, 2 grietas transversales, 3 baches. Rugosidad IRI 3.4 m/km. Contexto: hospital a 472 m, 11 siniestros a 250 m. Prioridad media (46/100).",sellado_de_fisuras,programada_6_meses,plantilla,det=detector_cpu;fusion=ensamble10,20260930-2219,,,Daño dominante: baches; acción según estado satisfactorio.
620,T2-IN-0036,despliegue,India,10,13001175,4.639378,-74.075065,d2g66ks,110.9,2026-08-22 13:31,sim_pred,0,0,13,4,12.2,100.0,100.0,94.5,72.4,70.4,4.37,54.5,64.9,48.0,81.7,regular,0.523,0.199,2.27,25.98,71.73,51.75,37.33,48.43,45.46,media,5219.0,0,365.0,36,44.6,1.8,24.84,"Segmento de 111 m en estado regular: índice de condición 65/100 (intervalo 90 %: 48–82). Detecciones: 13 piel de cocodrilo, 4 baches. Rugosidad IRI 4.4 m/km. Contexto: hospital a 365 m, 36 siniestros a 250 m. Prioridad media (46/100).",bacheo,programada_6_meses,plantilla,det=detector_cpu;fusion=ensamble10,20260930-2219,,,Daño dominante: baches; acción según estado regular.
621,T1-IN-0029,despliegue,India,10,7000292,4.637919,-74.195701,d2g4rsk,108.7,2026-07-05 12:11,sim_pred,4,0,5,5,5.59,100.0,100.0,93.6,84.1,81.9,4.98,48.8,70.3,53.5,87.2,regular,0.44,0.086,2.38,66.76,71.73,18.85,66.96,56.52,45.41,media,317.0,3,988.0,11,70.5,0.9,26.45,"Segmento de 109 m en estado regular: índice de condición 70/100 (intervalo 90 %: 54–87). Detecciones: 4 grietas longitudinales, 5 piel de cocodrilo, 5 baches. Rugosidad IRI 5.0 m/km. Contexto: colegio a 317 m, hospital a 988 m, 11 siniestros a 250 m. Prioridad media (45/100).",bacheo,programada_6_meses,plantilla,det=detector_cpu;fusion=ensamble10,20260930-2219,,,Daño dominante: baches; acción según estado regular.
622,T2-IN-0029,despliegue,India,10,1002290,4.737132,-74.041906,d2g6gnk,70.5,2026-06-30 12:26,sim_pred,0,0,1,2,1.45,100.0,100.0,90.8,77.3,74.1,5.53,44.3,63.6,46.8,80.5,regular,0.525,0.234,2.46,14.92,71.73,61.61,96.13,46.47,45.41,media,6346.0,0,347.0,48,142.7,0.0,23.42,"Segmento de 70 m en estado regular: índice de condición 64/100 (intervalo 90 %: 47–80). Detecciones: 1 piel de cocodrilo, 2 baches. Rugosidad IRI 5.5 m/km. Contexto: hospital a 347 m, 48 siniestros a 250 m. Prioridad media (45/100).",bacheo,programada_6_meses,plantilla,det=detector_cpu;fusion=ensamble10,20260930-2219,,,Daño dominante: baches; acción según estado regular.
623,TR-IN-0506,test,India,10,11009860,4.714985,-74.069742,d2g6fd2,70.3,2026-09-24 09:27,sim_gt,2,0,1,8,2.76,100.0,100.0,98.5,74.2,73.6,4.45,53.8,66.7,49.9,83.5,regular,0.493,0.162,3.61,52.98,71.73,18.85,52.28,51.01,45.39,media,4001.0,0,160.0,21,55.6,1.4,25.27,"Segmento de 70 m en estado regular: índice de condición 67/100 (intervalo 90 %: 50–84). Detecciones: 2 grietas longitudinales, 1 piel de cocodrilo, 8 baches. Rugosidad IRI 4.5 m/km. Contexto: hospital a 160 m, 21 siniestros a 250 m. Prioridad media (45/100).",bacheo,programada_6_meses,plantilla,det=detector_cpu;fusion=ensamble10,20260930-2219,66.1,regular,Daño dominante: baches; acción según estado regular.
624,TR-IN-0114,test,India,10,11006598,4.732932,-74.05064,d2g6fvt,150.0,2026-07-09 16:00,sim_gt,9,0,23,0,20.37,100.0,100.0,87.2,100.0,87.2,3.67,61.9,78.4,61.5,95.2,satisfactorio,0.507,0.02,3.95,96.38,71.73,69.2,86.08,80.95,45.36,media,5431.0,0,1132.0,62,94.5,0.6,53.03,"Segmento de 150 m en estado satisfactorio: índice de condición 78/100 (intervalo 90 %: 62–95). Detecciones: 9 grietas longitudinales, 23 piel de cocodrilo. Rugosidad IRI 3.7 m/km. Contexto: 62 siniestros a 250 m. Prioridad media (45/100).",sellado_de_fisuras,programada_6_meses,plantilla,det=detector_cpu;fusion=ensamble10,20260930-2219,67.6,regular,Daño dominante: piel de cocodrilo; acción según estado satisfactorio.
625,T2-CZ-0005,despliegue,Czech,10,2000257,4.678527,-74.040316,d2g6e5t,74.7,2026-08-11 10:10,sim_pred,24,6,7,10,5.53,100.0,100.0,91.7,73.5,70.6,4.72,51.2,63.8,47.0,80.7,regular,0.515,0.233,3.31,29.05,71.73,39.76,76.14,46.66,45.36,media,6754.0,0,90.0,40,78.7,0.0,24.71,"Segmento de 75 m en estado regular: índice de condición 64/100 (intervalo 90 %: 47–81). Detecciones: 24 grietas longitudinales, 6 grietas transversales, 7 piel de cocodrilo, 10 baches. Rugosidad IRI 4.7 m/km. Contexto: hospital a 90 m, 40 siniestros a 250 m. Prioridad media (45/100).",bacheo,programada_6_meses,plantilla,det=detector_cpu;fusion=ensamble10,20260930-2219,,,Daño dominante: baches; acción según estado regular.
626,TR-JA-0719,test,Japan,10,8003661,4.634819,-74.127554,d2g635t,51.3,2026-09-08 16:05,sim_gt,47,0,41,15,19.81,100.0,100.0,82.8,91.8,80.0,2.93,70.6,76.7,59.9,93.5,satisfactorio,0.522,0.024,2.12,97.32,71.73,7.17,43.85,65.83,45.32,media,1610.0,0,583.0,9,49.3,,43.01,"Segmento de 51 m en estado satisfactorio: índice de condición 77/100 (intervalo 90 %: 60–94). Detecciones: 47 grietas longitudinales, 41 piel de cocodrilo, 15 baches. Rugosidad IRI 2.9 m/km. Contexto: hospital a 583 m, 9 siniestros a 250 m. Prioridad media (45/100).",sellado_de_fisuras,programada_6_meses,plantilla,det=detector_cpu;fusion=ensamble10,20260930-2219,65.3,regular,Daño dominante: piel de cocodrilo; acción según estado satisfactorio.
627,T2-IN-0032,despliegue,India,10,11010595,4.705066,-74.056914,d2g6fb9,103.2,2026-07-19 09:25,sim_pred,4,0,2,6,2.11,100.0,100.0,88.9,68.9,65.0,5.59,43.8,57.6,40.8,74.4,regular,0.444,0.443,4.31,14.92,71.73,24.01,88.96,37.07,45.27,media,5380.0,0,432.0,23,103.8,1.9,25.07,"Segmento de 103 m en estado regular: índice de condición 58/100 (intervalo 90 %: 41–74). Detecciones: 4 grietas longitudinales, 2 piel de cocodrilo, 6 baches. Rugosidad IRI 5.6 m/km. Contexto: hospital a 432 m, 23 siniestros a 250 m. Prioridad media (45/100).",bacheo,programada_6_meses,plantilla,det=detector_cpu;fusion=ensamble10,20260930-2219,,,Daño dominante: baches; acción según estado regular.
628,T2-IN-0056,despliegue,India,10,18006134,4.543287,-74.104549,d2g3cen,61.7,2026-08-15 15:00,sim_pred,6,0,5,5,4.31,100.0,100.0,90.3,67.9,64.5,5.63,43.5,57.2,40.3,74.0,regular,0.446,0.457,3.05,22.69,71.73,8.5,20.64,36.3,45.23,media,4992.0,0,330.0,7,33.8,6.5,23.99,"Segmento de 62 m en estado regular: índice de condición 57/100 (intervalo 90 %: 40–74). Detecciones: 6 grietas longitudinales, 5 piel de cocodrilo, 5 baches. Rugosidad IRI 5.6 m/km. Contexto: hospital a 330 m, 7 siniestros a 250 m. Prioridad media (45/100).",bacheo,programada_6_meses,plantilla,det=detector_cpu;fusion=ensamble10,20260930-2219,,,Daño dominante: baches; acción según estado regular.
629,TR-JA-0558,test,Japan,10,11000749,4.757698,-74.093089,d2g71fp,51.9,2026-08-10 16:20,sim_gt,47,0,32,2,21.85,100.0,100.0,70.8,88.4,66.8,5.44,45.0,59.2,42.3,76.0,regular,0.485,0.383,2.86,14.92,71.73,32.55,65.71,39.21,45.19,media,1417.0,0,346.0,22,69.7,,24.12,"Segmento de 52 m en estado regular: índice de condición 59/100 (intervalo 90 %: 42–76). Detecciones: 47 grietas longitudinales, 32 piel de cocodrilo, 2 baches. Rugosidad IRI 5.4 m/km. Contexto: hospital a 346 m, 22 siniestros a 250 m. Prioridad media (45/100).",parcheo,programada_6_meses,plantilla,det=detector_cpu;fusion=ensamble10,20260930-2219,50.5,malo,Daño dominante: piel de cocodrilo; acción según estado regular.
630,T2-JA-0104,despliegue,Japan,10,3001454,4.585944,-74.076535,d2g646g,54.1,2026-06-26 07:32,sim_pred,24,0,21,0,15.45,100.0,100.0,79.4,82.3,73.2,5.68,43.1,62.7,45.8,79.5,regular,0.521,0.264,2.75,28.45,71.73,31.71,70.86,44.41,45.17,media,3377.0,0,335.0,18,73.9,37.0,24.62,"Segmento de 54 m en estado regular: índice de condición 63/100 (intervalo 90 %: 46–80). Detecciones: 24 grietas longitudinales, 21 piel de cocodrilo. Rugosidad IRI 5.7 m/km. Contexto: hospital a 335 m, 18 siniestros a 250 m. Prioridad media (45/100).",parcheo,programada_6_meses,plantilla,det=detector_cpu;fusion=ensamble10,20260930-2219,,,Daño dominante: piel de cocodrilo; acción según estado regular.
631,T1-JA-0087,despliegue,Japan,10,4004172,4.549041,-74.088498,d2g3fh4,96.2,2026-06-23 16:56,sim_pred,39,0,10,3,13.27,100.0,100.0,78.9,95.8,77.4,3.39,65.1,73.1,56.3,89.9,satisfactorio,0.469,0.052,2.59,52.22,71.73,56.3,81.94,60.06,45.16,media,4802.0,0,474.0,31,82.0,16.6,25.13,"Segmento de 96 m en estado satisfactorio: índice de condición 73/100 (intervalo 90 %: 56–90). Detecciones: 39 grietas longitudinales, 10 piel de cocodrilo, 3 baches. Rugosidad IRI 3.4 m/km. Contexto: hospital a 474 m, 31 siniestros a 250 m. Prioridad media (45/100).",sellado_de_fisuras,programada_6_meses,plantilla,det=detector_cpu;fusion=ensamble10,20260930-2219,,,Daño dominante: piel de cocodrilo; acción según estado satisfactorio.
632,TR-IN-0249,test,India,10,11007529,4.728755,-74.100532,d2g6cuc,74.4,2026-09-01 16:53,sim_gt,6,0,14,4,10.75,100.0,100.0,88.5,91.7,85.6,3.67,61.8,77.3,60.5,94.1,satisfactorio,0.524,0.021,2.25,52.22,71.73,81.18,70.98,66.29,45.14,media,937.0,0,872.0,58,74.3,1.3,25.89,"Segmento de 74 m en estado satisfactorio: índice de condición 77/100 (intervalo 90 %: 60–94). Detecciones: 6 grietas longitudinales, 14 piel de cocodrilo, 4 baches. Rugosidad IRI 3.7 m/km. Contexto: hospital a 872 m, 58 siniestros a 250 m. Prioridad media (45/100).",sellado_de_fisuras,programada_6_meses,plantilla,det=detector_cpu;fusion=ensamble10,20260930-2219,63.0,regular,Daño dominante: piel de cocodrilo; acción según estado satisfactorio.
633,TR-IN-0261,test,India,10,12000782,4.675998,-74.077815,d2g6d74,87.7,2026-06-30 16:17,sim_gt,7,0,10,2,6.16,100.0,100.0,89.7,80.9,77.3,5.29,46.2,66.4,49.6,83.3,regular,0.504,0.163,2.89,25.98,84.96,39.04,55.73,49.89,45.1,media,2645.0,0,791.0,25,58.4,1.1,28.18,"Segmento de 88 m en estado regular: índice de condición 66/100 (intervalo 90 %: 50–83). Detecciones: 7 grietas longitudinales, 10 piel de cocodrilo, 2 baches. Rugosidad IRI 5.3 m/km. Contexto: hospital a 791 m, 25 siniestros a 250 m. Prioridad media (45/100).",bacheo,programada_6_meses,plantilla,det=detector_cpu;fusion=ensamble10,20260930-2219,53.1,malo,Daño dominante: baches; acción según estado regular.
634,TR-JA-0448,test,Japan,10,9004631,4.652164,-74.127887,d2g63nv,91.8,2026-06-02 10:11,sim_gt,20,0,36,15,17.04,100.0,100.0,80.7,76.4,69.6,4.8,50.4,62.9,46.1,79.7,regular,0.487,0.273,5.17,1.08,84.96,57.25,54.21,44.48,45.05,media,580.0,0,821.0,55,56.8,,19.81,"Segmento de 92 m en estado regular: índice de condición 63/100 (intervalo 90 %: 46–80). Detecciones: 20 grietas longitudinales, 36 piel de cocodrilo, 15 baches. Rugosidad IRI 4.8 m/km. Contexto: hospital a 821 m, 55 siniestros a 250 m. Prioridad media (45/100).",bacheo,programada_6_meses,plantilla,det=detector_cpu;fusion=ensamble10,20260930-2219,57.7,regular,Daño dominante: baches; acción según estado regular.
635,T1-JA-0063,despliegue,Japan,10,19014199,4.539839,-74.156092,d2g3bd3,72.5,2026-06-09 09:37,sim_pred,26,0,13,4,8.54,100.0,100.0,70.2,80.6,63.5,4.75,51.0,59.1,42.2,75.9,regular,0.489,0.384,2.24,5.58,84.96,24.81,61.91,38.17,44.82,media,1116.0,0,232.0,8,65.1,13.8,26.76,"Segmento de 72 m en estado regular: índice de condición 59/100 (intervalo 90 %: 42–76). Detecciones: 26 grietas longitudinales, 13 piel de cocodrilo, 4 baches. Rugosidad IRI 4.8 m/km. Contexto: hospital a 232 m, 8 siniestros a 250 m. Prioridad media (45/100).",parcheo,programada_6_meses,plantilla,det=detector_cpu;fusion=ensamble10,20260930-2219,,,Daño dominante: piel de cocodrilo; acción según estado regular.
636,TR-JA-0447,test,Japan,10,16000113,4.634196,-74.106495,d2g63et,70.5,2026-06-10 08:19,sim_gt,24,0,30,10,15.45,100.0,100.0,82.0,79.2,72.9,4.24,55.8,66.9,50.1,83.8,regular,0.494,0.153,3.23,87.25,71.73,8.5,82.63,62.13,44.69,media,3569.0,0,1191.0,11,82.7,,39.95,"Segmento de 70 m en estado regular: índice de condición 67/100 (intervalo 90 %: 50–84). Detecciones: 24 grietas longitudinales, 30 piel de cocodrilo, 10 baches. Rugosidad IRI 4.2 m/km. Contexto: 11 siniestros a 250 m. Prioridad media (45/100).",bacheo,programada_6_meses,plantilla,det=detector_cpu;fusion=ensamble10,20260930-2219,65.9,regular,Daño dominante: baches; acción según estado regular.
637,T2-JA-0023,despliegue,Japan,10,19010233,4.545356,-74.14971,d2g3bem,97.3,2026-06-04 11:53,sim_pred,16,0,40,3,24.69,100.0,100.0,69.3,93.7,67.1,5.77,42.4,58.4,41.6,75.3,regular,0.475,0.408,2.54,7.03,71.73,35.36,49.77,36.75,44.64,media,1539.0,0,411.0,29,52.2,12.3,23.35,"Segmento de 97 m en estado regular: índice de condición 58/100 (intervalo 90 %: 42–75). Detecciones: 16 grietas longitudinales, 40 piel de cocodrilo, 3 baches. Rugosidad IRI 5.8 m/km. Contexto: hospital a 411 m, 29 siniestros a 250 m. Prioridad media (45/100).",parcheo,programada_6_meses,plantilla,det=detector_cpu;fusion=ensamble10,20260930-2219,,,Daño dominante: piel de cocodrilo; acción según estado regular.
638,TR-JA-0225,test,Japan,10,11009423,4.719303,-74.0586,d2g6fg0,137.2,2026-09-13 15:19,sim_gt,26,0,53,5,22.22,100.0,100.0,87.3,96.7,86.1,2.96,70.3,80.6,63.7,97.4,satisfactorio,0.496,0.013,4.17,88.41,71.73,38.01,75.87,69.97,44.64,media,5060.0,0,669.0,26,78.3,0.0,39.96,"Segmento de 137 m en estado satisfactorio: índice de condición 81/100 (intervalo 90 %: 64–97). Detecciones: 26 grietas longitudinales, 53 piel de cocodrilo, 5 baches. Rugosidad IRI 3.0 m/km. Contexto: hospital a 669 m, 26 siniestros a 250 m. Prioridad media (45/100).",sellado_de_fisuras,programada_6_meses,plantilla,det=detector_cpu;fusion=ensamble10,20260930-2219,76.8,satisfactorio,Daño dominante: piel de cocodrilo; acción según estado satisfactorio.
639,T1-IN-0051,despliegue,India,10,3000874,4.593559,-74.082646,d2g64hn,53.7,2026-07-11 12:54,sim_pred,42,0,1,2,3.25,100.0,100.0,88.5,91.4,85.4,4.29,55.3,74.9,58.1,91.7,satisfactorio,0.464,0.051,5.4,5.67,100.0,96.43,78.11,61.38,44.62,media,2758.0,0,606.0,107,79.8,3.7,39.42,"Segmento de 54 m en estado satisfactorio: índice de condición 75/100 (intervalo 90 %: 58–92). Detecciones: 42 grietas longitudinales, 1 piel de cocodrilo, 2 baches. Rugosidad IRI 4.3 m/km. Contexto: hospital a 606 m, 107 siniestros a 250 m. Prioridad media (45/100).",sellado_de_fisuras,programada_6_meses,plantilla,det=detector_cpu;fusion=ensamble10,20260930-2219,,,Daño dominante: piel de cocodrilo; acción según estado satisfactorio.
640,T1-CZ-0006,despliegue,Czech,10,16000552,4.623881,-74.091367,d2g661b,113.5,2026-06-12 16:16,sim_pred,23,0,5,1,4.25,100.0,100.0,98.0,96.7,96.0,2.47,76.8,89.3,72.4,100.0,bueno,0.621,0.001,3.1,93.79,71.73,81.18,79.74,82.92,44.6,media,4334.0,0,123.0,83,80.9,0.9,42.3,"Segmento de 114 m en estado bueno: índice de condición 89/100 (intervalo 90 %: 72–100). Detecciones: 23 grietas longitudinales, 5 piel de cocodrilo, 1 baches. Rugosidad IRI 2.5 m/km. Contexto: hospital a 123 m, 83 siniestros a 250 m. Prioridad media (45/100).",mantenimiento_rutinario,programada_6_meses,plantilla,det=detector_cpu;fusion=ensamble10,20260930-2219,,,Daño dominante: ninguno; acción según estado bueno.
641,TR-JA-0565,test,Japan,10,6000097,4.592765,-74.135105,d2g61h0,126.1,2026-06-15 11:25,sim_gt,16,0,35,1,25.06,100.0,100.0,88.0,100.0,88.0,2.15,81.3,85.6,68.8,100.0,satisfactorio,0.434,0.002,2.09,75.71,71.73,86.27,60.43,76.95,44.4,media,1375.0,0,347.0,64,63.0,,28.38,"Segmento de 126 m en estado satisfactorio: índice de condición 86/100 (intervalo 90 %: 69–100). Detecciones: 16 grietas longitudinales, 35 piel de cocodrilo, 1 baches. Rugosidad IRI 2.1 m/km. Contexto: hospital a 347 m, 64 siniestros a 250 m. Prioridad media (44/100).",sellado_de_fisuras,programada_6_meses,plantilla,det=detector_cpu;fusion=ensamble10,20260930-2219,76.8,satisfactorio,Daño dominante: piel de cocodrilo; acción según estado satisfactorio.
642,T2-CZ-0012,despliegue,Czech,10,15000810,4.588155,-74.103839,d2g61ep,97.2,2026-07-18 08:56,sim_pred,41,5,2,11,3.66,100.0,100.0,90.7,87.1,83.9,3.88,59.5,75.4,58.5,92.2,satisfactorio,0.479,0.043,4.72,64.53,71.73,42.45,24.47,61.53,44.39,media,342.0,1,423.0,37,37.7,2.1,26.33,"Segmento de 97 m en estado satisfactorio: índice de condición 75/100 (intervalo 90 %: 58–92). Detecciones: 41 grietas longitudinales, 5 grietas transversales, 2 piel de cocodrilo, 11 baches. Rugosidad IRI 3.9 m/km. Contexto: colegio a 342 m, hospital a 423 m, 37 siniestros a 250 m. Prioridad media (44/100).",sellado_de_fisuras,programada_6_meses,plantilla,det=detector_cpu;fusion=ensamble10,20260930-2219,,,Daño dominante: baches; acción según estado satisfactorio.
643,T2-IN-0083,despliegue,India,10,1001310,4.753752,-74.043029,d2g7517,83.5,2026-07-08 11:42,sim_pred,5,0,6,0,4.79,100.0,100.0,96.8,95.1,94.0,3.81,60.3,82.2,65.4,99.0,satisfactorio,0.493,0.007,3.09,81.88,100.0,14.49,96.36,71.37,44.23,media,6388.0,0,619.0,16,145.7,0.0,45.28,"Segmento de 84 m en estado satisfactorio: índice de condición 82/100 (intervalo 90 %: 65–99). Detecciones: 5 grietas longitudinales, 6 piel de cocodrilo. Rugosidad IRI 3.8 m/km. Contexto: hospital a 619 m, 16 siniestros a 250 m. Prioridad media (44/100).",sellado_de_fisuras,programada_6_meses,plantilla,det=detector_cpu;fusion=ensamble10,20260930-2219,,,Daño dominante: ninguno; acción según estado satisfactorio.
644,TR-JA-0863,test,Japan,10,1002013,4.73966,-74.021824,d2g6gwf,59.8,2026-09-18 08:37,sim_gt,27,0,16,5,17.23,100.0,100.0,80.8,69.9,63.2,3.28,66.3,64.3,47.5,81.1,regular,0.51,0.222,3.64,3.89,71.73,71.09,90.36,44.43,44.2,media,8561.0,0,311.0,54,109.9,,23.77,"Segmento de 60 m en estado regular: índice de condición 64/100 (intervalo 90 %: 48–81). Detecciones: 27 grietas longitudinales, 16 piel de cocodrilo, 5 baches. Rugosidad IRI 3.3 m/km. Contexto: hospital a 311 m, 54 siniestros a 250 m. Prioridad media (44/100).",bacheo,programada_6_meses,plantilla,det=detector_cpu;fusion=ensamble10,20260930-2219,46.6,malo,Daño dominante: baches; acción según estado regular.
645,T2-JA-0109,despliegue,Japan,10,4006225,4.533258,-74.093552,d2g3ccq,83.5,2026-08-12 11:43,sim_pred,43,0,44,7,19.76,100.0,100.0,66.1,74.8,57.3,9.05,23.5,45.4,28.6,62.3,malo,0.505,0.842,2.65,5.58,71.73,5.24,19.35,28.64,44.19,media,6278.0,0,1616.0,4,32.1,26.4,22.72,"Segmento de 84 m en estado malo: índice de condición 45/100 (intervalo 90 %: 29–62). Detecciones: 43 grietas longitudinales, 44 piel de cocodrilo, 7 baches. Rugosidad IRI 9.1 m/km. Contexto: 4 siniestros a 250 m. Prioridad media (44/100).",rehabilitacion,programada_6_meses,plantilla,det=detector_cpu;fusion=ensamble10,20260930-2219,,,Daño dominante: piel de cocodrilo; acción según estado malo.
646,T1-IN-0068,despliegue,India,10,14000962,4.601246,-74.093746,d2g61vw,66.9,2026-08-08 09:15,sim_pred,1,0,3,2,1.73,100.0,100.0,100.0,84.9,84.9,2.79,72.4,80.6,63.7,97.4,satisfactorio,0.482,0.016,5.13,52.22,71.73,91.08,18.25,68.76,44.17,media,2065.0,0,243.0,88,31.1,0.0,25.13,"Segmento de 67 m en estado satisfactorio: índice de condición 81/100 (intervalo 90 %: 64–97). Detecciones: 1 grietas longitudinales, 3 piel de cocodrilo, 2 baches. Rugosidad IRI 2.8 m/km. Contexto: hospital a 243 m, 88 siniestros a 250 m. Prioridad media (44/100).",sellado_de_fisuras,programada_6_meses,plantilla,det=detector_cpu;fusion=ensamble10,20260930-2219,,,Daño dominante: baches; acción según estado satisfactorio.
647,TR-JA-0504,test,Japan,10,6001673,4.559371,-74.128904,d2g3cnh,89.8,2026-07-30 13:53,sim_gt,31,0,17,0,10.83,100.0,100.0,89.6,93.0,87.2,2.95,70.3,81.3,64.5,98.1,satisfactorio,0.509,0.008,2.49,72.45,71.73,62.94,24.24,69.82,44.15,media,2531.0,0,326.0,37,37.3,,27.2,"Segmento de 90 m en estado satisfactorio: índice de condición 81/100 (intervalo 90 %: 64–98). Detecciones: 31 grietas longitudinales, 17 piel de cocodrilo. Rugosidad IRI 3.0 m/km. Contexto: hospital a 326 m, 37 siniestros a 250 m. Prioridad media (44/100).",sellado_de_fisuras,programada_6_meses,plantilla,det=detector_cpu;fusion=ensamble10,20260930-2219,74.2,satisfactorio,Daño dominante: piel de cocodrilo; acción según estado satisfactorio.
648,TR-IN-0768,test,India,10,18006895,4.579186,-74.102119,d2g61c8,144.5,2026-08-28 11:52,sim_gt,2,0,3,4,4.0,100.0,100.0,91.8,88.9,86.0,2.82,72.0,81.1,64.3,98.0,satisfactorio,0.509,0.009,2.67,56.13,71.73,87.44,34.56,69.42,44.08,media,1127.0,0,330.0,67,43.1,0.0,25.41,"Segmento de 144 m en estado satisfactorio: índice de condición 81/100 (intervalo 90 %: 64–98). Detecciones: 2 grietas longitudinales, 3 piel de cocodrilo, 4 baches. Rugosidad IRI 2.8 m/km. Contexto: hospital a 330 m, 67 siniestros a 250 m. Prioridad media (44/100).",sellado_de_fisuras,programada_6_meses,plantilla,det=detector_cpu;fusion=ensamble10,20260930-2219,72.0,satisfactorio,Daño dominante: baches; acción según estado satisfactorio.
649,T1-JA-0018,despliegue,Japan,10,11010999,4.698599,-74.078764,d2g6dr3,76.1,2026-08-08 14:55,sim_pred,35,0,18,0,15.41,100.0,100.0,84.4,93.3,82.0,5.12,47.6,70.0,53.2,86.8,regular,0.44,0.098,3.56,43.88,71.73,39.76,27.69,52.59,44.04,media,3155.0,0,423.0,32,39.0,0.0,25.54,"Segmento de 76 m en estado regular: índice de condición 70/100 (intervalo 90 %: 53–87). Detecciones: 35 grietas longitudinales, 18 piel de cocodrilo. Rugosidad IRI 5.1 m/km. Contexto: hospital a 423 m, 32 siniestros a 250 m. Prioridad media (44/100).",parcheo,programada_6_meses,plantilla,det=detector_cpu;fusion=ensamble10,20260930-2219,,,Daño dominante: piel de cocodrilo; acción según estado regular.
650,TR-IN-0689,test,India,10,2000469,4.673649,-74.044958,d2g6e4f,150.0,2026-08-29 10:34,sim_gt,4,0,6,2,9.45,100.0,100.0,96.6,91.3,90.1,3.89,59.4,79.3,62.5,96.2,satisfactorio,0.52,0.014,2.85,68.19,84.96,38.01,84.48,66.52,44.0,media,6284.0,0,713.0,40,87.5,2.2,42.23,"Segmento de 150 m en estado satisfactorio: índice de condición 79/100 (intervalo 90 %: 62–96). Detecciones: 4 grietas longitudinales, 6 piel de cocodrilo, 2 baches. Rugosidad IRI 3.9 m/km. Contexto: hospital a 713 m, 40 siniestros a 250 m. Prioridad media (44/100).",sellado_de_fisuras,programada_6_meses,plantilla,det=detector_cpu;fusion=ensamble10,20260930-2219,73.3,satisfactorio,Daño dominante: baches; acción según estado satisfactorio.
651,T2-CZ-0026,despliegue,Czech,10,1004008,4.717182,-74.031261,d2g6g6s,62.0,2026-07-21 16:12,sim_pred,25,0,0,3,1.71,100.0,100.0,100.0,94.3,94.3,3.14,68.0,85.1,68.2,100.0,satisfactorio,0.441,0.003,3.05,66.76,100.0,53.11,99.09,74.98,43.95,media,7945.0,0,282.0,43,169.0,0.0,43.57,"Segmento de 62 m en estado satisfactorio: índice de condición 85/100 (intervalo 90 %: 68–100). Detecciones: 25 grietas longitudinales, 3 baches. Rugosidad IRI 3.1 m/km. Contexto: hospital a 282 m, 43 siniestros a 250 m. Prioridad media (44/100).",sellado_de_fisuras,programada_6_meses,plantilla,det=detector_cpu;fusion=ensamble10,20260930-2219,,,Daño dominante: baches; acción según estado satisfactorio.
652,T1-JA-0071,despliegue,Japan,10,11014104,4.756152,-74.069802,d2g749b,106.4,2026-08-28 13:36,sim_pred,34,0,17,5,18.87,100.0,100.0,89.7,86.3,82.7,3.92,59.1,74.4,57.6,91.3,satisfactorio,0.488,0.042,3.03,81.88,71.73,4.51,93.29,58.98,43.93,media,3684.0,0,753.0,5,121.2,7.5,28.16,"Segmento de 106 m en estado satisfactorio: índice de condición 74/100 (intervalo 90 %: 58–91). Detecciones: 34 grietas longitudinales, 17 piel de cocodrilo, 5 baches. Rugosidad IRI 3.9 m/km. Contexto: hospital a 753 m, 5 siniestros a 250 m. Prioridad media (44/100).",sellado_de_fisuras,programada_6_meses,plantilla,det=detector_cpu;fusion=ensamble10,20260930-2219,,,Daño dominante: baches; acción según estado satisfactorio.
653,T2-JA-0073,despliegue,Japan,10,12002073,4.663765,-74.067326,d2g6d91,85.6,2026-06-22 09:27,sim_pred,35,0,24,3,18.76,100.0,100.0,79.2,89.8,75.6,5.43,45.0,64.9,48.1,81.8,regular,0.505,0.207,3.86,3.98,71.73,71.97,65.02,44.69,43.92,media,4199.0,0,351.0,51,69.4,1.2,22.66,"Segmento de 86 m en estado regular: índice de condición 65/100 (intervalo 90 %: 48–82). Detecciones: 35 grietas longitudinales, 24 piel de cocodrilo, 3 baches. Rugosidad IRI 5.4 m/km. Contexto: hospital a 351 m, 51 siniestros a 250 m. Prioridad media (44/100).",parcheo,programada_6_meses,plantilla,det=detector_cpu;fusion=ensamble10,20260930-2219,,,Daño dominante: piel de cocodrilo; acción según estado regular.
654,T1-IN-0075,despliegue,India,10,11011432,4.691463,-74.057799,d2g6dy0,54.8,2026-06-13 10:57,sim_pred,6,0,2,16,4.49,100.0,100.0,90.5,68.4,65.0,4.78,50.6,60.0,43.2,76.8,regular,0.502,0.351,2.42,1.87,71.73,44.8,78.95,37.05,43.82,media,4961.0,0,84.0,43,80.7,0.0,20.62,"Segmento de 55 m en estado regular: índice de condición 60/100 (intervalo 90 %: 43–77). Detecciones: 6 grietas longitudinales, 2 piel de cocodrilo, 16 baches. Rugosidad IRI 4.8 m/km. Contexto: hospital a 84 m, 43 siniestros a 250 m. Prioridad media (44/100).",bacheo,programada_6_meses,plantilla,det=detector_cpu;fusion=ensamble10,20260930-2219,,,Daño dominante: baches; acción según estado regular.
655,T1-JA-0083,despliegue,Japan,10,19004524,4.571031,-74.156193,d2g6081,42.4,2026-08-14 15:45,sim_pred,2,0,27,3,20.03,100.0,100.0,79.4,85.9,74.5,5.86,41.7,63.0,46.2,79.8,regular,0.486,0.271,5.26,21.12,71.73,31.71,1.33,41.48,43.79,media,399.0,2,232.0,22,13.2,0.0,23.71,"Segmento de 42 m en estado regular: índice de condición 63/100 (intervalo 90 %: 46–80). Detecciones: 2 grietas longitudinales, 27 piel de cocodrilo, 3 baches. Rugosidad IRI 5.9 m/km. Contexto: colegio a 399 m, hospital a 232 m, 22 siniestros a 250 m. Prioridad media (44/100).",parcheo,programada_6_meses,plantilla,det=detector_cpu;fusion=ensamble10,20260930-2219,,,Daño dominante: piel de cocodrilo; acción según estado regular.
656,T2-CZ-0006,despliegue,Czech,10,10009688,4.668668,-74.108443,d2g699g,95.7,2026-08-09 07:25,sim_pred,16,0,0,0,0.4,100.0,100.0,100.0,100.0,100.0,2.6,75.0,91.2,74.4,100.0,bueno,0.693,0.0,1.86,92.61,71.73,86.57,27.69,83.79,43.77,media,945.0,0,77.0,99,39.0,1.0,41.38,"Segmento de 96 m en estado bueno: índice de condición 91/100 (intervalo 90 %: 74–100). Detecciones: 16 grietas longitudinales. Rugosidad IRI 2.6 m/km. Contexto: hospital a 77 m, 99 siniestros a 250 m. Prioridad media (44/100).",mantenimiento_rutinario,programada_6_meses,plantilla,det=detector_cpu;fusion=ensamble10,20260930-2219,,,Daño dominante: ninguno; acción según estado bueno.
657,T1-CZ-0019,despliegue,Czech,10,11003891,4.743897,-74.094801,d2g6czt,68.7,2026-09-16 08:55,sim_pred,35,0,7,9,4.75,100.0,100.0,87.1,75.8,71.3,5.3,46.1,62.5,45.7,79.3,regular,0.508,0.275,3.72,21.12,71.73,28.38,57.63,40.65,43.76,media,617.0,0,238.0,26,60.8,1.5,23.71,"Segmento de 69 m en estado regular: índice de condición 62/100 (intervalo 90 %: 46–79). Detecciones: 35 grietas longitudinales, 7 piel de cocodrilo, 9 baches. Rugosidad IRI 5.3 m/km. Contexto: hospital a 238 m, 26 siniestros a 250 m. Prioridad media (44/100).",bacheo,programada_6_meses,plantilla,det=detector_cpu;fusion=ensamble10,20260930-2219,,,Daño dominante: baches; acción según estado regular.
658,TR-JA-0264,test,Japan,10,10000605,4.717616,-74.143501,d2g6bff,55.5,2026-06-28 11:04,sim_gt,30,0,39,2,24.53,100.0,100.0,79.0,92.3,76.3,3.12,68.3,73.5,56.7,90.4,satisfactorio,0.471,0.051,3.23,43.93,71.73,7.66,75.87,44.59,43.72,media,120.0,3,426.0,6,78.3,3.6,25.44,"Segmento de 56 m en estado satisfactorio: índice de condición 74/100 (intervalo 90 %: 57–90). Detecciones: 30 grietas longitudinales, 39 piel de cocodrilo, 2 baches. Rugosidad IRI 3.1 m/km. Contexto: colegio a 120 m, hospital a 426 m, 6 siniestros a 250 m. Prioridad media (44/100).",sellado_de_fisuras,programada_6_meses,plantilla,det=detector_cpu;fusion=ensamble10,20260930-2219,58.2,regular,Daño dominante: piel de cocodrilo; acción según estado satisfactorio.
659,TR-IN-0746,test,India,10,8001581,4.643468,-74.171349,d2g62jq,96.5,2026-06-22 07:55,sim_gt,0,0,0,12,0.43,100.0,100.0,98.0,70.4,69.7,4.29,55.3,64.7,47.8,81.5,regular,0.517,0.208,2.96,21.12,71.73,40.63,65.25,43.71,43.69,media,766.0,0,489.0,21,69.4,0.0,23.71,"Segmento de 96 m en estado regular: índice de condición 65/100 (intervalo 90 %: 48–82). Detecciones: 12 baches. Rugosidad IRI 4.3 m/km. Contexto: hospital a 489 m, 21 siniestros a 250 m. Prioridad media (44/100).",bacheo,programada_6_meses,plantilla,det=detector_cpu;fusion=ensamble10,20260930-2219,55.7,malo,Daño dominante: baches; acción según estado regular.
660,T1-CZ-0000,despliegue,Czech,10,2000128,4.681708,-74.042832,d2g6eh7,67.1,2026-08-29 07:06,sim_pred,60,1,0,5,3.05,100.0,100.0,94.7,90.8,89.0,3.23,66.9,81.3,64.4,98.1,satisfactorio,0.5,0.009,3.44,58.33,71.73,79.7,84.48,68.36,43.58,media,6472.0,0,288.0,99,87.5,1.5,27.97,"Segmento de 67 m en estado satisfactorio: índice de condición 81/100 (intervalo 90 %: 64–98). Detecciones: 60 grietas longitudinales, 1 grietas transversales, 5 baches. Rugosidad IRI 3.2 m/km. Contexto: hospital a 288 m, 99 siniestros a 250 m. Prioridad media (44/100).",sellado_de_fisuras,programada_6_meses,plantilla,det=detector_cpu;fusion=ensamble10,20260930-2219,,,Daño dominante: baches; acción según estado satisfactorio.
661,T2-CZ-0023,despliegue,Czech,10,17000305,4.593266,-74.080058,d2g64k0,117.3,2026-09-04 15:46,sim_pred,22,2,0,2,1.55,100.0,100.0,100.0,100.0,100.0,1.98,83.8,94.3,77.5,100.0,bueno,0.791,0.0,1.23,99.62,71.73,91.96,84.48,87.94,43.57,media,3032.0,0,739.0,91,87.5,3.4,44.93,"Segmento de 117 m en estado bueno: índice de condición 94/100 (intervalo 90 %: 78–100). Detecciones: 22 grietas longitudinales, 2 grietas transversales, 2 baches. Rugosidad IRI 2.0 m/km. Contexto: hospital a 739 m, 91 siniestros a 250 m. Prioridad media (44/100).",mantenimiento_rutinario,programada_6_meses,plantilla,det=detector_cpu;fusion=ensamble10,20260930-2219,,,Daño dominante: ninguno; acción según estado bueno.
662,T1-IN-0032,despliegue,India,10,5006063,4.495627,-74.112052,d2g39d3,91.9,2026-09-11 16:57,sim_pred,10,0,22,3,14.22,100.0,100.0,79.6,82.9,73.6,7.47,31.2,58.8,41.9,75.6,regular,0.477,0.398,3.03,21.12,71.73,3.91,68.66,34.53,43.56,media,7051.0,0,274.0,4,71.9,13.1,23.71,"Segmento de 92 m en estado regular: índice de condición 59/100 (intervalo 90 %: 42–76). Detecciones: 10 grietas longitudinales, 22 piel de cocodrilo, 3 baches. Rugosidad IRI 7.5 m/km. Contexto: hospital a 274 m, 4 siniestros a 250 m. Prioridad media (44/100).",parcheo,programada_6_meses,plantilla,det=detector_cpu;fusion=ensamble10,20260930-2219,,,Daño dominante: piel de cocodrilo; acción según estado regular.
663,TR-JA-0732,test,Japan,10,5007416,4.478165,-74.123632,d2g33r0,95.9,2026-06-28 12:13,sim_gt,52,0,18,3,13.21,100.0,100.0,75.2,100.0,75.2,2.25,79.9,76.8,60.0,93.7,satisfactorio,0.507,0.027,3.59,86.62,71.73,7.17,85.05,61.54,43.51,media,6613.0,0,597.0,4,90.2,,37.27,"Segmento de 96 m en estado satisfactorio: índice de condición 77/100 (intervalo 90 %: 60–94). Detecciones: 52 grietas longitudinales, 18 piel de cocodrilo, 3 baches. Rugosidad IRI 2.2 m/km. Contexto: hospital a 597 m, 4 siniestros a 250 m. Prioridad media (44/100).",sellado_de_fisuras,programada_6_meses,plantilla,det=detector_cpu;fusion=ensamble10,20260930-2219,60.3,regular,Daño dominante: piel de cocodrilo; acción según estado satisfactorio.
664,TR-IN-0102,test,India,10,8008292,4.614252,-74.164615,d2g60rf,43.8,2026-07-04 11:11,sim_gt,2,0,4,16,6.63,100.0,100.0,94.4,91.1,89.2,3.69,61.6,79.5,62.7,96.3,satisfactorio,0.506,0.016,3.9,43.88,71.73,91.16,67.11,65.44,43.47,media,334.0,2,653.0,86,70.7,0.0,24.84,"Segmento de 44 m en estado satisfactorio: índice de condición 80/100 (intervalo 90 %: 63–96). Detecciones: 2 grietas longitudinales, 4 piel de cocodrilo, 16 baches. Rugosidad IRI 3.7 m/km. Contexto: colegio a 334 m, hospital a 653 m, 86 siniestros a 250 m. Prioridad media (44/100).",sellado_de_fisuras,programada_6_meses,plantilla,det=detector_cpu;fusion=ensamble10,20260930-2219,88.7,bueno,Daño dominante: baches; acción según estado satisfactorio.
665,T1-IN-0054,despliegue,India,10,6002100,4.570171,-74.126465,d2g3cpy,87.3,2026-08-29 15:52,sim_pred,5,0,4,2,3.82,100.0,100.0,99.7,91.1,91.0,3.48,64.0,81.5,64.7,98.4,satisfactorio,0.493,0.009,3.74,52.22,71.73,89.53,33.92,68.37,43.42,media,2678.0,0,242.0,88,42.8,0.0,25.83,"Segmento de 87 m en estado satisfactorio: índice de condición 82/100 (intervalo 90 %: 65–98). Detecciones: 5 grietas longitudinales, 4 piel de cocodrilo, 2 baches. Rugosidad IRI 3.5 m/km. Contexto: hospital a 242 m, 88 siniestros a 250 m. Prioridad media (43/100).",sellado_de_fisuras,programada_6_meses,plantilla,det=detector_cpu;fusion=ensamble10,20260930-2219,,,Daño dominante: baches; acción según estado satisfactorio.
666,TR-JA-0897,test,Japan,10,19011093,4.541476,-74.136881,d2g3bfz,74.0,2026-08-02 07:45,sim_gt,22,1,22,3,14.93,100.0,100.0,75.7,65.8,57.3,4.54,52.9,55.7,38.9,72.6,malo,0.43,0.51,2.54,14.92,71.73,42.45,20.45,41.68,43.24,media,3009.0,0,1056.0,23,33.4,,24.18,"Segmento de 74 m en estado malo: índice de condición 56/100 (intervalo 90 %: 39–73). Detecciones: 22 grietas longitudinales, 1 grietas transversales, 22 piel de cocodrilo, 3 baches. Rugosidad IRI 4.5 m/km. Contexto: 23 siniestros a 250 m. Prioridad media (43/100).",bacheo,programada_6_meses,plantilla,det=detector_cpu;fusion=ensamble10,20260930-2219,47.1,malo,Daño dominante: baches; acción según estado malo.
667,TR-JA-0864,test,Japan,10,11005485,4.738643,-74.092528,d2g6cyx,52.4,2026-06-18 16:59,sim_gt,37,0,44,4,26.62,100.0,100.0,76.8,81.2,70.2,3.41,64.8,68.3,51.5,85.1,regular,0.477,0.123,2.93,21.12,71.73,57.97,98.07,48.04,43.24,media,750.0,0,587.0,38,160.9,,23.71,"Segmento de 52 m en estado regular: índice de condición 68/100 (intervalo 90 %: 52–85). Detecciones: 37 grietas longitudinales, 44 piel de cocodrilo, 4 baches. Rugosidad IRI 3.4 m/km. Contexto: hospital a 587 m, 38 siniestros a 250 m. Prioridad media (43/100).",parcheo,programada_6_meses,plantilla,det=detector_cpu;fusion=ensamble10,20260930-2219,59.2,regular,Daño dominante: piel de cocodrilo; acción según estado regular.
668,TR-CZ-0039,test,Czech,10,8011621,4.596078,-74.15095,d2g60ss,96.4,2026-07-17 16:56,sim_gt,29,1,2,5,4.08,100.0,100.0,95.6,82.8,81.2,3.06,69.0,77.0,60.1,93.8,satisfactorio,0.471,0.038,5.97,21.12,71.73,59.33,5.58,48.39,43.18,media,163.0,8,640.0,47,19.8,2.1,30.73,"Segmento de 96 m en estado satisfactorio: índice de condición 77/100 (intervalo 90 %: 60–94). Detecciones: 29 grietas longitudinales, 1 grietas transversales, 2 piel de cocodrilo, 5 baches. Rugosidad IRI 3.1 m/km. Contexto: colegio a 163 m, hospital a 640 m, 47 siniestros a 250 m. Prioridad media (43/100).",sellado_de_fisuras,programada_6_meses,plantilla,det=detector_cpu;fusion=ensamble10,20260930-2219,66.4,regular,Daño dominante: baches; acción según estado satisfactorio.
669,T2-IN-0060,despliegue,India,10,19004105,4.572495,-74.167497,d2g6022,60.3,2026-09-03 14:26,sim_pred,2,0,0,2,0.35,100.0,100.0,99.7,94.4,94.3,3.87,59.7,82.2,65.3,99.0,satisfactorio,0.499,0.006,2.45,21.12,100.0,50.8,10.39,56.15,43.16,media,76.0,6,495.0,32,24.3,23.2,41.78,"Segmento de 60 m en estado satisfactorio: índice de condición 82/100 (intervalo 90 %: 65–99). Detecciones: 2 grietas longitudinales, 2 baches. Rugosidad IRI 3.9 m/km. Contexto: colegio a 76 m, hospital a 495 m, 32 siniestros a 250 m. Prioridad media (43/100).",sellado_de_fisuras,programada_6_meses,plantilla,det=detector_cpu;fusion=ensamble10,20260930-2219,,,Daño dominante: baches; acción según estado satisfactorio.
670,T2-JA-0069,despliegue,Japan,10,1003156,4.730457,-74.027286,d2g6gmn,87.0,2026-07-13 10:05,sim_pred,14,0,17,12,12.72,100.0,100.0,84.9,75.6,70.3,5.59,43.7,61.0,44.2,77.8,regular,0.481,0.329,4.95,14.92,71.73,22.27,96.62,36.64,43.05,media,8032.0,0,444.0,17,147.1,0.0,23.42,"Segmento de 87 m en estado regular: índice de condición 61/100 (intervalo 90 %: 44–78). Detecciones: 14 grietas longitudinales, 17 piel de cocodrilo, 12 baches. Rugosidad IRI 5.6 m/km. Contexto: hospital a 444 m, 17 siniestros a 250 m. Prioridad media (43/100).",bacheo,programada_6_meses,plantilla,det=detector_cpu;fusion=ensamble10,20260930-2219,,,Daño dominante: baches; acción según estado regular.
671,TR-IN-0103,test,India,10,4008212,4.573784,-74.082609,d2g640w,104.7,2026-07-04 12:28,sim_gt,0,0,6,3,5.17,100.0,100.0,98.3,93.1,92.4,3.63,62.2,81.9,65.0,98.7,satisfactorio,0.467,0.012,5.39,67.15,84.96,43.78,84.6,67.54,42.89,media,3131.0,0,464.0,29,87.9,1.9,30.68,"Segmento de 105 m en estado satisfactorio: índice de condición 82/100 (intervalo 90 %: 65–99). Detecciones: 6 piel de cocodrilo, 3 baches. Rugosidad IRI 3.6 m/km. Contexto: hospital a 464 m, 29 siniestros a 250 m. Prioridad media (43/100).",sellado_de_fisuras,programada_6_meses,plantilla,det=detector_cpu;fusion=ensamble10,20260930-2219,76.4,satisfactorio,Daño dominante: baches; acción según estado satisfactorio.
672,TR-IN-0463,test,India,10,16002771,4.605169,-74.116931,d2g61qm,49.0,2026-08-26 09:39,sim_gt,4,0,17,6,9.24,100.0,100.0,88.3,66.5,62.4,3.74,61.0,61.9,45.1,78.8,regular,0.514,0.289,3.06,21.12,71.73,15.52,30.31,37.43,42.82,media,2196.0,0,655.0,13,40.3,0.0,23.71,"Segmento de 49 m en estado regular: índice de condición 62/100 (intervalo 90 %: 45–79). Detecciones: 4 grietas longitudinales, 17 piel de cocodrilo, 6 baches. Rugosidad IRI 3.7 m/km. Contexto: hospital a 655 m, 13 siniestros a 250 m. Prioridad media (43/100).",bacheo,programada_6_meses,plantilla,det=detector_cpu;fusion=ensamble10,20260930-2219,45.5,malo,Daño dominante: baches; acción según estado regular.
673,T1-JA-0104,despliegue,Japan,10,1003707,4.722937,-74.043718,d2g6g5g,64.0,2026-08-01 12:59,sim_pred,21,0,20,1,16.76,100.0,100.0,84.7,95.0,83.0,3.91,59.3,74.7,57.8,91.5,satisfactorio,0.476,0.046,4.33,43.88,84.96,36.27,98.14,56.36,42.74,media,6433.0,0,246.0,30,162.8,0.0,29.83,"Segmento de 64 m en estado satisfactorio: índice de condición 75/100 (intervalo 90 %: 58–92). Detecciones: 21 grietas longitudinales, 20 piel de cocodrilo, 1 baches. Rugosidad IRI 3.9 m/km. Contexto: hospital a 246 m, 30 siniestros a 250 m. Prioridad media (43/100).",sellado_de_fisuras,programada_6_meses,plantilla,det=detector_cpu;fusion=ensamble10,20260930-2219,,,Daño dominante: piel de cocodrilo; acción según estado satisfactorio.
674,TR-CZ-0022,test,Czech,10,12002362,4.658413,-74.073152,d2g6d2j,102.1,2026-09-09 16:09,sim_gt,26,0,2,7,2.9,100.0,100.0,88.1,81.8,77.6,4.71,51.3,68.4,51.6,85.2,regular,0.441,0.147,5.9,25.98,71.73,45.45,50.04,46.86,42.71,media,3973.0,0,495.0,39,52.2,0.0,25.09,"Segmento de 102 m en estado regular: índice de condición 68/100 (intervalo 90 %: 52–85). Detecciones: 26 grietas longitudinales, 2 piel de cocodrilo, 7 baches. Rugosidad IRI 4.7 m/km. Contexto: hospital a 495 m, 39 siniestros a 250 m. Prioridad media (43/100).",bacheo,programada_6_meses,plantilla,det=detector_cpu;fusion=ensamble10,20260930-2219,45.8,malo,Daño dominante: baches; acción según estado regular.
675,TR-CZ-0154,test,Czech,10,17000142,4.59818,-74.077148,d2g64m4,105.3,2026-07-11 13:44,sim_gt,9,0,0,5,0.78,100.0,100.0,100.0,100.0,100.0,2.44,77.2,92.0,75.2,100.0,bueno,0.72,0.0,1.28,90.5,71.73,83.38,78.11,82.15,42.66,media,3485.0,0,448.0,65,79.8,6.6,42.88,"Segmento de 105 m en estado bueno: índice de condición 92/100 (intervalo 90 %: 75–100). Detecciones: 9 grietas longitudinales, 5 baches. Rugosidad IRI 2.4 m/km. Contexto: hospital a 448 m, 65 siniestros a 250 m. Prioridad media (43/100).",mantenimiento_rutinario,programada_6_meses,plantilla,det=detector_cpu;fusion=ensamble10,20260930-2219,91.8,bueno,Daño dominante: ninguno; acción según estado bueno.
676,TR-IN-0710,test,India,10,11006339,4.734381,-74.097461,d2g6cvg,72.4,2026-09-03 11:07,sim_gt,9,0,12,2,9.21,100.0,100.0,83.3,93.2,80.9,4.62,52.1,70.8,54.0,87.6,regular,0.431,0.077,1.96,61.96,71.73,51.75,77.62,62.82,42.65,media,516.0,0,1042.0,31,79.4,2.8,25.76,"Segmento de 72 m en estado regular: índice de condición 71/100 (intervalo 90 %: 54–88). Detecciones: 9 grietas longitudinales, 12 piel de cocodrilo, 2 baches. Rugosidad IRI 4.6 m/km. Contexto: 31 siniestros a 250 m. Prioridad media (43/100).",parcheo,programada_6_meses,plantilla,det=detector_cpu;fusion=ensamble10,20260930-2219,65.4,regular,Daño dominante: piel de cocodrilo; acción según estado regular.
677,T2-CZ-0017,despliegue,Czech,10,19008635,4.551241,-74.143136,d2g3bud,42.8,2026-07-12 16:53,sim_pred,83,0,2,6,4.48,100.0,100.0,96.8,94.7,93.6,2.86,71.5,85.8,69.0,100.0,satisfactorio,0.425,0.002,2.97,71.86,71.73,74.47,26.97,72.47,42.48,media,1929.0,0,231.0,51,38.8,0.0,27.17,"Segmento de 43 m en estado satisfactorio: índice de condición 86/100 (intervalo 90 %: 69–100). Detecciones: 83 grietas longitudinales, 2 piel de cocodrilo, 6 baches. Rugosidad IRI 2.9 m/km. Contexto: hospital a 231 m, 51 siniestros a 250 m. Prioridad media (42/100).",sellado_de_fisuras,programada_6_meses,plantilla,det=detector_cpu;fusion=ensamble10,20260930-2219,,,Daño dominante: baches; acción según estado satisfactorio.
678,TR-JA-0575,test,Japan,10,1004763,4.700618,-74.039747,d2g6ept,57.7,2026-08-04 12:15,sim_gt,26,0,28,15,20.66,100.0,100.0,74.8,91.4,71.8,3.17,67.7,70.4,53.6,87.2,regular,0.431,0.092,3.56,21.5,84.96,43.02,82.02,49.09,42.4,media,7166.0,0,412.0,31,82.1,,29.54,"Segmento de 58 m en estado regular: índice de condición 70/100 (intervalo 90 %: 54–87). Detecciones: 26 grietas longitudinales, 28 piel de cocodrilo, 15 baches. Rugosidad IRI 3.2 m/km. Contexto: hospital a 412 m, 31 siniestros a 250 m. Prioridad media (42/100).",parcheo,programada_6_meses,plantilla,det=detector_cpu;fusion=ensamble10,20260930-2219,74.5,satisfactorio,Daño dominante: piel de cocodrilo; acción según estado regular.
679,TR-JA-1017,test,Japan,10,6000726,4.585508,-74.150123,d2g60dv,61.1,2026-08-10 08:39,sim_gt,41,0,26,12,17.35,100.0,100.0,79.6,72.1,65.0,4.63,52.1,60.5,43.6,77.3,regular,0.513,0.333,1.7,21.12,71.73,2.12,0.23,34.08,42.35,media,446.0,1,716.0,2,11.7,,23.71,"Segmento de 61 m en estado regular: índice de condición 60/100 (intervalo 90 %: 44–77). Detecciones: 41 grietas longitudinales, 26 piel de cocodrilo, 12 baches. Rugosidad IRI 4.6 m/km. Contexto: colegio a 446 m, hospital a 716 m, 2 siniestros a 250 m. Prioridad media (42/100).",bacheo,programada_6_meses,plantilla,det=detector_cpu;fusion=ensamble10,20260930-2219,47.4,malo,Daño dominante: baches; acción según estado regular.
680,TR-JA-0260,test,Japan,10,8010011,4.607857,-74.158265,d2g60qz,47.6,2026-07-21 16:57,sim_gt,33,0,31,0,21.52,100.0,100.0,84.4,88.5,80.4,3.32,65.9,75.3,58.5,92.2,satisfactorio,0.498,0.035,3.19,64.53,71.73,21.4,7.7,56.26,42.31,media,515.0,0,963.0,14,21.8,0.0,26.33,"Segmento de 48 m en estado satisfactorio: índice de condición 75/100 (intervalo 90 %: 58–92). Detecciones: 33 grietas longitudinales, 31 piel de cocodrilo. Rugosidad IRI 3.3 m/km. Contexto: hospital a 963 m, 14 siniestros a 250 m. Prioridad media (42/100).",sellado_de_fisuras,programada_6_meses,plantilla,det=detector_cpu;fusion=ensamble10,20260930-2219,73.9,satisfactorio,Daño dominante: piel de cocodrilo; acción según estado satisfactorio.
681,TR-IN-0312,test,India,10,15000947,4.58683,-74.105759,d2g61ej,70.0,2026-09-17 16:44,sim_gt,8,0,4,7,5.67,100.0,100.0,100.0,91.3,91.3,3.6,62.7,81.3,64.5,98.1,satisfactorio,0.507,0.008,2.74,26.66,71.73,66.88,18.89,52.49,42.22,media,193.0,1,304.0,56,31.5,2.9,24.28,"Segmento de 70 m en estado satisfactorio: índice de condición 81/100 (intervalo 90 %: 64–98). Detecciones: 8 grietas longitudinales, 4 piel de cocodrilo, 7 baches. Rugosidad IRI 3.6 m/km. Contexto: colegio a 193 m, hospital a 304 m, 56 siniestros a 250 m. Prioridad media (42/100).",sellado_de_fisuras,programada_6_meses,plantilla,det=detector_cpu;fusion=ensamble10,20260930-2219,65.8,regular,Daño dominante: baches; acción según estado satisfactorio.
682,T1-CZ-0014,despliegue,Czech,10,14000497,4.608689,-74.079919,d2g64qb,91.2,2026-08-31 10:04,sim_pred,33,0,2,1,2.59,100.0,100.0,100.0,92.1,92.1,2.4,77.8,87.1,70.2,100.0,bueno,0.539,0.002,3.48,56.22,100.0,63.85,84.03,73.45,42.14,media,3767.0,0,86.0,45,86.5,2.2,43.16,"Segmento de 91 m en estado bueno: índice de condición 87/100 (intervalo 90 %: 70–100). Detecciones: 33 grietas longitudinales, 2 piel de cocodrilo, 1 baches. Rugosidad IRI 2.4 m/km. Contexto: hospital a 86 m, 45 siniestros a 250 m. Prioridad media (42/100).",mantenimiento_rutinario,programada_6_meses,plantilla,det=detector_cpu;fusion=ensamble10,20260930-2219,,,Daño dominante: baches; acción según estado bueno.
683,T2-JA-0084,despliegue,Japan,10,10003629,4.707637,-74.133698,d2g6c0c,41.3,2026-09-08 11:28,sim_pred,14,0,11,3,9.36,100.0,100.0,82.8,79.9,73.9,4.03,58.0,68.3,51.5,85.1,regular,0.478,0.123,2.87,52.22,71.73,46.4,69.76,57.59,42.06,media,556.0,0,1133.0,25,72.3,0.0,25.13,"Segmento de 41 m en estado regular: índice de condición 68/100 (intervalo 90 %: 52–85). Detecciones: 14 grietas longitudinales, 11 piel de cocodrilo, 3 baches. Rugosidad IRI 4.0 m/km. Contexto: 25 siniestros a 250 m. Prioridad media (42/100).",bacheo,programada_6_meses,plantilla,det=detector_cpu;fusion=ensamble10,20260930-2219,,,Daño dominante: baches; acción según estado regular.
684,T2-IN-0091,despliegue,India,10,1000413,4.765508,-74.022714,d2g75ed,137.6,2026-07-08 07:32,sim_pred,5,0,6,3,4.34,100.0,100.0,97.7,90.0,89.2,4.34,54.8,77.2,60.3,94.0,satisfactorio,0.527,0.02,1.78,43.88,88.17,39.04,96.36,58.17,41.97,media,8913.0,0,447.0,25,145.7,0.7,37.22,"Segmento de 138 m en estado satisfactorio: índice de condición 77/100 (intervalo 90 %: 60–94). Detecciones: 5 grietas longitudinales, 6 piel de cocodrilo, 3 baches. Rugosidad IRI 4.3 m/km. Contexto: hospital a 447 m, 25 siniestros a 250 m. Prioridad media (42/100).",sellado_de_fisuras,programada_6_meses,plantilla,det=detector_cpu;fusion=ensamble10,20260930-2219,,,Daño dominante: baches; acción según estado satisfactorio.
685,T1-CZ-0023,despliegue,Czech,10,7005638,4.608059,-74.19505,d2g4pwu,104.8,2026-08-08 15:49,sim_pred,20,6,4,2,5.09,100.0,100.0,100.0,96.7,96.7,2.68,73.9,88.7,71.9,100.0,bueno,0.602,0.001,2.9,52.22,71.73,67.75,0.42,62.93,41.93,media,276.0,4,434.0,40,12.2,1.0,25.13,"Segmento de 105 m en estado bueno: índice de condición 89/100 (intervalo 90 %: 72–100). Detecciones: 20 grietas longitudinales, 6 grietas transversales, 4 piel de cocodrilo, 2 baches. Rugosidad IRI 2.7 m/km. Contexto: colegio a 276 m, hospital a 434 m, 40 siniestros a 250 m. Prioridad media (42/100).",mantenimiento_rutinario,programada_6_meses,plantilla,det=detector_cpu;fusion=ensamble10,20260930-2219,,,Daño dominante: ninguno; acción según estado bueno.
686,TR-JA-0576,test,Japan,10,19002320,4.579148,-74.168489,d2g6038,43.5,2026-09-01 13:58,sim_gt,52,0,22,4,11.56,100.0,100.0,82.2,92.6,79.6,2.57,75.3,78.1,61.3,95.0,satisfactorio,0.512,0.02,3.59,14.92,84.96,43.78,9.83,46.65,41.79,media,255.0,10,312.0,29,24.1,,27.46,"Segmento de 44 m en estado satisfactorio: índice de condición 78/100 (intervalo 90 %: 61–95). Detecciones: 52 grietas longitudinales, 22 piel de cocodrilo, 4 baches. Rugosidad IRI 2.6 m/km. Contexto: colegio a 255 m, hospital a 312 m, 29 siniestros a 250 m. Prioridad media (42/100).",sellado_de_fisuras,programada_6_meses,plantilla,det=detector_cpu;fusion=ensamble10,20260930-2219,64.3,regular,Daño dominante: piel de cocodrilo; acción según estado satisfactorio.
687,TR-JA-0258,test,Japan,10,8009344,4.610666,-74.157749,d2g60rr,101.0,2026-07-07 11:22,sim_gt,53,0,7,0,7.17,100.0,100.0,92.1,100.0,92.1,2.14,81.5,88.4,71.6,100.0,bueno,0.589,0.001,2.89,83.87,100.0,23.18,50.04,74.34,41.7,media,407.0,1,784.0,16,52.2,3.0,45.11,"Segmento de 101 m en estado bueno: índice de condición 88/100 (intervalo 90 %: 72–100). Detecciones: 53 grietas longitudinales, 7 piel de cocodrilo. Rugosidad IRI 2.1 m/km. Contexto: colegio a 407 m, hospital a 784 m, 16 siniestros a 250 m. Prioridad media (42/100).",mantenimiento_rutinario,programada_6_meses,plantilla,det=detector_cpu;fusion=ensamble10,20260930-2219,82.8,satisfactorio,Daño dominante: piel de cocodrilo; acción según estado bueno.
688,T2-CZ-0027,despliegue,Czech,10,10006924,4.692977,-74.0881,d2g6dn6,141.3,2026-07-13 07:28,sim_pred,25,0,0,5,1.0,100.0,100.0,100.0,90.2,90.2,2.81,72.2,83.9,67.1,100.0,satisfactorio,0.464,0.004,3.14,93.95,71.73,69.54,43.32,80.07,41.68,media,1999.0,0,1099.0,75,48.9,1.4,41.11,"Segmento de 141 m en estado satisfactorio: índice de condición 84/100 (intervalo 90 %: 67–100). Detecciones: 25 grietas longitudinales, 5 baches. Rugosidad IRI 2.8 m/km. Contexto: 75 siniestros a 250 m. Prioridad media (42/100).",sellado_de_fisuras,programada_6_meses,plantilla,det=detector_cpu;fusion=ensamble10,20260930-2219,,,Daño dominante: baches; acción según estado satisfactorio.
689,T2-CZ-0002,despliegue,Czech,10,11011509,4.690704,-74.074921,d2g6dmu,86.3,2026-07-03 09:29,sim_pred,31,0,0,5,1.69,100.0,100.0,100.0,90.6,90.6,2.92,70.7,83.6,66.8,100.0,satisfactorio,0.463,0.006,3.76,88.41,84.96,7.17,59.67,66.89,41.58,media,3122.0,0,589.0,11,61.8,1.2,44.58,"Segmento de 86 m en estado satisfactorio: índice de condición 84/100 (intervalo 90 %: 67–100). Detecciones: 31 grietas longitudinales, 5 baches. Rugosidad IRI 2.9 m/km. Contexto: hospital a 589 m, 11 siniestros a 250 m. Prioridad media (42/100).",sellado_de_fisuras,programada_6_meses,plantilla,det=detector_cpu;fusion=ensamble10,20260930-2219,,,Daño dominante: baches; acción según estado satisfactorio.
690,T1-CZ-0018,despliegue,Czech,10,8004549,4.630447,-74.164614,d2g626f,87.3,2026-06-20 07:36,sim_pred,32,0,4,2,5.59,100.0,100.0,92.6,94.2,90.5,3.45,64.3,81.4,64.5,98.2,satisfactorio,0.483,0.012,4.59,27.98,71.73,58.65,71.4,50.96,41.57,media,288.0,4,489.0,35,74.6,0.0,25.13,"Segmento de 87 m en estado satisfactorio: índice de condición 81/100 (intervalo 90 %: 64–98). Detecciones: 32 grietas longitudinales, 4 piel de cocodrilo, 2 baches. Rugosidad IRI 3.5 m/km. Contexto: colegio a 288 m, hospital a 489 m, 35 siniestros a 250 m. Prioridad media (42/100).",sellado_de_fisuras,programada_6_meses,plantilla,det=detector_cpu;fusion=ensamble10,20260930-2219,,,Daño dominante: piel de cocodrilo; acción según estado satisfactorio.
691,TR-IN-0298,test,India,10,11013293,4.749131,-74.066836,d2g748d,143.7,2026-06-28 13:43,sim_gt,4,0,7,12,9.32,100.0,100.0,87.5,94.5,85.6,2.72,73.4,81.3,64.5,98.2,satisfactorio,0.503,0.009,3.13,66.76,84.96,27.28,96.7,63.26,41.51,media,3704.0,0,190.0,23,150.1,1.4,30.49,"Segmento de 144 m en estado satisfactorio: índice de condición 81/100 (intervalo 90 %: 64–98). Detecciones: 4 grietas longitudinales, 7 piel de cocodrilo, 12 baches. Rugosidad IRI 2.7 m/km. Contexto: hospital a 190 m, 23 siniestros a 250 m. Prioridad media (42/100).",sellado_de_fisuras,programada_6_meses,plantilla,det=detector_cpu;fusion=ensamble10,20260930-2219,76.3,satisfactorio,Daño dominante: piel de cocodrilo; acción según estado satisfactorio.
692,TR-JA-0290,test,Japan,10,10007162,4.690906,-74.106623,d2g69tv,57.1,2026-09-05 08:07,sim_gt,57,2,22,4,17.58,100.0,100.0,83.1,95.0,81.3,2.56,75.6,79.3,62.5,96.1,satisfactorio,0.53,0.012,1.74,43.88,71.73,69.54,44.54,60.04,41.43,media,861.0,0,614.0,59,49.4,1.8,24.84,"Segmento de 57 m en estado satisfactorio: índice de condición 79/100 (intervalo 90 %: 62–96). Detecciones: 57 grietas longitudinales, 2 grietas transversales, 22 piel de cocodrilo, 4 baches. Rugosidad IRI 2.6 m/km. Contexto: hospital a 614 m, 59 siniestros a 250 m. Prioridad media (41/100).",sellado_de_fisuras,programada_6_meses,plantilla,det=detector_cpu;fusion=ensamble10,20260930-2219,83.4,satisfactorio,Daño dominante: piel de cocodrilo; acción según estado satisfactorio.
693,T1-JA-0014,despliegue,Japan,10,11011384,4.692457,-74.058255,d2g6dy0,54.7,2026-06-06 14:40,sim_pred,20,2,13,3,6.68,100.0,100.0,88.0,89.5,84.3,5.61,43.6,70.1,53.2,86.9,regular,0.435,0.099,3.91,26.04,71.73,42.45,55.5,46.13,41.42,media,4940.0,0,41.0,29,58.2,3.7,24.96,"Segmento de 55 m en estado regular: índice de condición 70/100 (intervalo 90 %: 53–87). Detecciones: 20 grietas longitudinales, 2 grietas transversales, 13 piel de cocodrilo, 3 baches. Rugosidad IRI 5.6 m/km. Contexto: hospital a 41 m, 29 siniestros a 250 m. Prioridad media (41/100).",parcheo,programada_6_meses,plantilla,det=detector_cpu;fusion=ensamble10,20260930-2219,,,Daño dominante: piel de cocodrilo; acción según estado regular.
694,TR-JA-0445,test,Japan,10,1002532,4.735171,-74.031093,d2g6gqh,125.7,2026-08-24 13:35,sim_gt,13,2,13,5,10.11,100.0,100.0,76.4,98.1,75.7,2.36,78.3,76.6,59.8,93.5,satisfactorio,0.511,0.027,3.1,52.22,71.73,39.04,91.62,55.75,41.33,media,7556.0,0,801.0,22,115.3,,25.13,"Segmento de 126 m en estado satisfactorio: índice de condición 77/100 (intervalo 90 %: 60–94). Detecciones: 13 grietas longitudinales, 2 grietas transversales, 13 piel de cocodrilo, 5 baches. Rugosidad IRI 2.4 m/km. Contexto: hospital a 801 m, 22 siniestros a 250 m. Prioridad media (41/100).",sellado_de_fisuras,programada_6_meses,plantilla,det=detector_cpu;fusion=ensamble10,20260930-2219,68.4,regular,Daño dominante: piel de cocodrilo; acción según estado satisfactorio.
695,T2-IN-0080,despliegue,India,10,11013127,4.758595,-74.112467,d2g71d2,150.0,2026-07-20 11:13,sim_pred,2,0,8,13,4.99,100.0,100.0,90.1,78.2,74.7,4.41,54.1,67.5,50.7,84.3,regular,0.489,0.14,3.02,61.12,84.96,1.67,89.98,54.6,41.33,media,388.0,1,1982.0,1,108.1,0.0,29.79,"Segmento de 150 m en estado regular: índice de condición 68/100 (intervalo 90 %: 51–84). Detecciones: 2 grietas longitudinales, 8 piel de cocodrilo, 13 baches. Rugosidad IRI 4.4 m/km. Contexto: colegio a 388 m, 1 siniestros a 250 m. Prioridad media (41/100).",bacheo,programada_6_meses,plantilla,det=detector_cpu;fusion=ensamble10,20260930-2219,,,Daño dominante: baches; acción según estado regular.
696,T2-CZ-0001,despliegue,Czech,10,14001126,4.599647,-74.104149,d2g61tr,53.2,2026-06-20 09:20,sim_pred,21,0,3,6,5.78,100.0,100.0,97.7,93.8,92.9,3.35,65.6,83.4,66.5,100.0,satisfactorio,0.483,0.004,2.02,43.88,71.73,91.96,53.98,65.64,41.24,media,1318.0,0,514.0,114,56.7,3.8,24.84,"Segmento de 53 m en estado satisfactorio: índice de condición 83/100 (intervalo 90 %: 66–100). Detecciones: 21 grietas longitudinales, 3 piel de cocodrilo, 6 baches. Rugosidad IRI 3.4 m/km. Contexto: hospital a 514 m, 114 siniestros a 250 m. Prioridad media (41/100).",sellado_de_fisuras,programada_6_meses,plantilla,det=detector_cpu;fusion=ensamble10,20260930-2219,,,Daño dominante: baches; acción según estado satisfactorio.
697,TR-JA-0291,test,Japan,10,11014281,4.816689,-74.042636,d2g77hg,150.0,2026-09-01 11:50,sim_gt,84,0,76,10,35.17,100.0,100.0,64.3,80.2,57.3,5.42,45.1,53.1,36.2,69.9,malo,0.488,0.611,1.93,5.58,84.96,0.72,56.98,32.15,41.02,media,7783.0,0,5640.0,0,59.9,1.4,26.76,"Segmento de 150 m en estado malo: índice de condición 53/100 (intervalo 90 %: 36–70). Detecciones: 84 grietas longitudinales, 76 piel de cocodrilo, 10 baches. Rugosidad IRI 5.4 m/km. Prioridad media (41/100).",rehabilitacion,programada_6_meses,plantilla,det=detector_cpu;fusion=ensamble10,20260930-2219,45.0,malo,Daño dominante: piel de cocodrilo; acción según estado malo.
698,TR-CZ-0024,test,Czech,10,8004920,4.628656,-74.131971,d2g634d,61.2,2026-07-23 12:11,sim_gt,35,0,11,3,13.41,100.0,100.0,100.0,96.1,96.1,1.87,85.4,92.4,75.5,100.0,bueno,0.722,0.0,3.7,53.13,100.0,88.85,53.53,78.46,40.96,media,1339.0,0,260.0,89,56.1,0.0,41.76,"Segmento de 61 m en estado bueno: índice de condición 92/100 (intervalo 90 %: 76–100). Detecciones: 35 grietas longitudinales, 11 piel de cocodrilo, 3 baches. Rugosidad IRI 1.9 m/km. Contexto: hospital a 260 m, 89 siniestros a 250 m. Prioridad media (41/100).",mantenimiento_rutinario,programada_6_meses,plantilla,det=detector_cpu;fusion=ensamble10,20260930-2219,91.1,bueno,Daño dominante: ninguno; acción según estado bueno.
699,TR-JA-0316,test,Japan,10,7004911,4.611548,-74.181631,d2g4pzw,100.6,2026-08-17 15:51,sim_gt,25,0,57,3,26.03,100.0,100.0,75.0,89.6,71.4,2.4,77.7,73.6,56.8,90.4,satisfactorio,0.476,0.049,2.87,21.12,71.73,66.08,10.66,50.07,40.88,media,313.0,3,461.0,37,24.5,3.0,24.47,"Segmento de 101 m en estado satisfactorio: índice de condición 74/100 (intervalo 90 %: 57–90). Detecciones: 25 grietas longitudinales, 57 piel de cocodrilo, 3 baches. Rugosidad IRI 2.4 m/km. Contexto: colegio a 313 m, hospital a 461 m, 37 siniestros a 250 m. Prioridad media (41/100).",sellado_de_fisuras,programada_6_meses,plantilla,det=detector_cpu;fusion=ensamble10,20260930-2219,58.9,regular,Daño dominante: piel de cocodrilo; acción según estado satisfactorio.
700,T2-CZ-0035,despliegue,Czech,10,7005388,4.608818,-74.201311,d2g4px0,45.0,2026-07-20 10:04,sim_pred,32,0,5,2,7.16,100.0,100.0,100.0,100.0,100.0,2.11,81.9,93.7,76.8,100.0,bueno,0.764,0.0,3.01,52.22,84.96,67.75,7.74,67.56,40.83,media,122.0,9,343.0,40,21.9,0.0,39.91,"Segmento de 45 m en estado bueno: índice de condición 94/100 (intervalo 90 %: 77–100). Detecciones: 32 grietas longitudinales, 5 piel de cocodrilo, 2 baches. Rugosidad IRI 2.1 m/km. Contexto: colegio a 122 m, hospital a 343 m, 40 siniestros a 250 m. Prioridad media (41/100).",mantenimiento_rutinario,programada_6_meses,plantilla,det=detector_cpu;fusion=ensamble10,20260930-2219,,,Daño dominante: ninguno; acción según estado bueno.
701,TR-CZ-0153,test,Czech,10,11011703,4.693379,-74.061617,d2g6dwm,40.5,2026-07-01 13:54,sim_gt,44,0,0,0,1.27,100.0,100.0,100.0,98.9,98.9,3.53,63.4,86.5,69.7,100.0,bueno,0.519,0.002,2.75,96.38,71.73,22.27,56.11,69.22,40.78,media,4612.0,0,427.0,27,58.5,2.5,42.99,"Segmento de 40 m en estado bueno: índice de condición 86/100 (intervalo 90 %: 70–100). Detecciones: 44 grietas longitudinales. Rugosidad IRI 3.5 m/km. Contexto: hospital a 427 m, 27 siniestros a 250 m. Prioridad media (41/100).",mantenimiento_rutinario,programada_6_meses,plantilla,det=detector_cpu;fusion=ensamble10,20260930-2219,58.5,regular,Daño dominante: ninguno; acción según estado bueno.
702,TR-IN-0766,test,India,10,13000484,4.647842,-74.072852,d2g66qj,80.4,2026-07-31 08:52,sim_gt,2,0,0,3,0.49,100.0,100.0,90.4,83.6,80.2,6.19,39.3,65.9,49.1,82.7,regular,0.5,0.181,3.72,1.51,84.96,31.71,45.07,38.27,40.76,media,4700.0,0,549.0,24,49.9,0.0,21.6,"Segmento de 80 m en estado regular: índice de condición 66/100 (intervalo 90 %: 49–83). Detecciones: 2 grietas longitudinales, 3 baches. Rugosidad IRI 6.2 m/km. Contexto: hospital a 549 m, 24 siniestros a 250 m. Prioridad media (41/100).",bacheo,programada_6_meses,plantilla,det=detector_cpu;fusion=ensamble10,20260930-2219,51.2,malo,Daño dominante: baches; acción según estado regular.
703,TR-JA-0444,test,Japan,10,1000743,4.763127,-74.032684,d2g7575,150.0,2026-08-29 10:08,sim_gt,69,2,3,2,4.36,100.0,100.0,94.9,88.4,86.6,3.27,66.5,79.5,62.7,96.4,satisfactorio,0.512,0.014,3.45,43.88,100.0,23.18,90.9,58.35,40.61,media,7781.0,0,272.0,22,113.2,,41.26,"Segmento de 150 m en estado satisfactorio: índice de condición 80/100 (intervalo 90 %: 63–96). Detecciones: 69 grietas longitudinales, 2 grietas transversales, 3 piel de cocodrilo, 2 baches. Rugosidad IRI 3.3 m/km. Contexto: hospital a 272 m, 22 siniestros a 250 m. Prioridad media (41/100).",sellado_de_fisuras,programada_6_meses,plantilla,det=detector_cpu;fusion=ensamble10,20260930-2219,77.5,satisfactorio,Daño dominante: baches; acción según estado satisfactorio.
704,TR-JA-0788,test,Japan,10,3002276,4.587184,-74.07589,d2g6475,103.9,2026-08-14 07:34,sim_gt,72,2,30,6,26.02,100.0,100.0,85.5,91.8,82.6,2.65,74.3,79.7,62.9,96.5,satisfactorio,0.526,0.011,2.08,28.45,100.0,48.44,66.01,58.49,40.58,media,3441.0,0,402.0,29,69.8,,41.04,"Segmento de 104 m en estado satisfactorio: índice de condición 80/100 (intervalo 90 %: 63–96). Detecciones: 72 grietas longitudinales, 2 grietas transversales, 30 piel de cocodrilo, 6 baches. Rugosidad IRI 2.6 m/km. Contexto: hospital a 402 m, 29 siniestros a 250 m. Prioridad media (41/100).",sellado_de_fisuras,programada_6_meses,plantilla,det=detector_cpu;fusion=ensamble10,20260930-2219,76.5,satisfactorio,Daño dominante: piel de cocodrilo; acción según estado satisfactorio.
705,TR-CZ-0014,test,Czech,10,13001650,4.632303,-74.068798,d2g66e2,71.8,2026-06-05 13:35,sim_gt,37,1,3,7,4.22,100.0,100.0,95.9,97.0,94.8,2.39,77.9,88.9,72.1,100.0,bueno,0.607,0.001,3.27,62.46,84.96,70.41,54.63,72.32,40.58,media,6268.0,0,324.0,59,57.1,1.4,30.58,"Segmento de 72 m en estado bueno: índice de condición 89/100 (intervalo 90 %: 72–100). Detecciones: 37 grietas longitudinales, 1 grietas transversales, 3 piel de cocodrilo, 7 baches. Rugosidad IRI 2.4 m/km. Contexto: hospital a 324 m, 59 siniestros a 250 m. Prioridad media (41/100).",mantenimiento_rutinario,programada_6_meses,plantilla,det=detector_cpu;fusion=ensamble10,20260930-2219,94.8,bueno,Daño dominante: ninguno; acción según estado bueno.
706,TR-IN-0661,test,India,10,18005836,4.545059,-74.110319,d2g3ce6,45.1,2026-06-26 16:17,sim_gt,8,0,1,8,2.88,100.0,100.0,99.1,80.6,80.3,4.63,52.0,70.4,53.6,87.3,regular,0.438,0.084,2.25,14.92,71.73,53.87,31.94,44.54,40.56,media,4803.0,0,432.0,29,41.3,11.1,23.42,"Segmento de 45 m en estado regular: índice de condición 70/100 (intervalo 90 %: 54–87). Detecciones: 8 grietas longitudinales, 1 piel de cocodrilo, 8 baches. Rugosidad IRI 4.6 m/km. Contexto: hospital a 432 m, 29 siniestros a 250 m. Prioridad media (41/100).",bacheo,programada_6_meses,plantilla,det=detector_cpu;fusion=ensamble10,20260930-2219,60.3,regular,Daño dominante: baches; acción según estado regular.
707,T1-IN-0023,despliegue,India,10,10009406,4.672349,-74.09937,d2g69fd,41.1,2026-08-04 09:38,sim_pred,1,0,3,6,3.27,100.0,100.0,93.0,84.8,82.4,4.68,51.5,71.6,54.8,88.4,satisfactorio,0.441,0.066,1.83,43.88,71.73,63.85,25.0,58.62,40.49,media,695.0,0,1011.0,55,37.9,0.0,25.54,"Segmento de 41 m en estado satisfactorio: índice de condición 72/100 (intervalo 90 %: 55–88). Detecciones: 1 grietas longitudinales, 3 piel de cocodrilo, 6 baches. Rugosidad IRI 4.7 m/km. Contexto: 55 siniestros a 250 m. Prioridad media (40/100).",sellado_de_fisuras,programada_6_meses,plantilla,det=detector_cpu;fusion=ensamble10,20260930-2219,,,Daño dominante: baches; acción según estado satisfactorio.
708,TR-JA-0489,test,Japan,10,4002682,4.558185,-74.101497,d2g3cvb,96.5,2026-08-27 09:37,sim_gt,17,0,64,4,31.38,100.0,100.0,73.3,90.9,70.1,2.99,69.9,70.0,53.2,86.9,regular,0.441,0.095,3.19,43.88,71.73,4.51,33.19,43.78,40.49,media,3383.0,0,991.0,5,42.0,,24.84,"Segmento de 96 m en estado regular: índice de condición 70/100 (intervalo 90 %: 53–87). Detecciones: 17 grietas longitudinales, 64 piel de cocodrilo, 4 baches. Rugosidad IRI 3.0 m/km. Contexto: hospital a 991 m, 5 siniestros a 250 m. Prioridad media (40/100).",parcheo,programada_6_meses,plantilla,det=detector_cpu;fusion=ensamble10,20260930-2219,61.9,regular,Daño dominante: piel de cocodrilo; acción según estado regular.
709,T1-CZ-0029,despliegue,Czech,10,19005070,4.569529,-74.169742,d2g3bpz,93.7,2026-07-19 07:54,sim_pred,25,0,4,8,5.87,100.0,100.0,91.2,84.0,80.9,3.6,62.7,74.5,57.7,91.4,satisfactorio,0.479,0.045,3.94,25.98,71.73,9.83,29.14,37.95,40.47,media,90.0,10,221.0,7,39.7,3.2,24.14,"Segmento de 94 m en estado satisfactorio: índice de condición 74/100 (intervalo 90 %: 58–91). Detecciones: 25 grietas longitudinales, 4 piel de cocodrilo, 8 baches. Rugosidad IRI 3.6 m/km. Contexto: colegio a 90 m, hospital a 221 m, 7 siniestros a 250 m. Prioridad media (40/100).",sellado_de_fisuras,programada_6_meses,plantilla,det=detector_cpu;fusion=ensamble10,20260930-2219,,,Daño dominante: baches; acción según estado satisfactorio.
710,TR-JA-0315,test,Japan,10,4008331,4.53197,-74.088171,d2g3f14,131.1,2026-06-10 12:04,sim_gt,34,0,59,10,32.9,100.0,100.0,82.2,91.5,79.3,3.02,69.6,75.9,59.0,92.7,satisfactorio,0.511,0.029,2.55,61.96,100.0,20.6,84.56,64.93,40.46,media,6581.0,0,1495.0,13,87.9,1.5,42.18,"Segmento de 131 m en estado satisfactorio: índice de condición 76/100 (intervalo 90 %: 59–93). Detecciones: 34 grietas longitudinales, 59 piel de cocodrilo, 10 baches. Rugosidad IRI 3.0 m/km. Contexto: 13 siniestros a 250 m. Prioridad media (40/100).",sellado_de_fisuras,programada_6_meses,plantilla,det=detector_cpu;fusion=ensamble10,20260930-2219,65.2,regular,Daño dominante: piel de cocodrilo; acción según estado satisfactorio.
711,T1-JA-0073,despliegue,Japan,10,5007157,4.487519,-74.101639,d2g39bb,108.7,2026-08-14 11:17,sim_pred,12,0,4,6,8.31,100.0,100.0,84.8,94.3,82.8,2.99,69.8,78.3,61.4,95.1,satisfactorio,0.519,0.018,3.02,56.13,100.0,43.78,61.19,68.4,40.4,media,8403.0,0,1505.0,21,64.0,5.5,41.83,"Segmento de 109 m en estado satisfactorio: índice de condición 78/100 (intervalo 90 %: 61–95). Detecciones: 12 grietas longitudinales, 4 piel de cocodrilo, 6 baches. Rugosidad IRI 3.0 m/km. Contexto: 21 siniestros a 250 m. Prioridad media (40/100).",sellado_de_fisuras,programada_6_meses,plantilla,det=detector_cpu;fusion=ensamble10,20260930-2219,,,Daño dominante: piel de cocodrilo; acción según estado satisfactorio.
712,T1-CZ-0017,despliegue,Czech,10,14000469,4.609288,-74.084566,d2g64pj,80.6,2026-09-15 09:34,sim_pred,40,1,3,3,4.8,100.0,100.0,100.0,100.0,100.0,1.9,85.0,94.8,77.9,100.0,bueno,0.801,0.0,1.72,90.41,71.73,77.43,69.23,80.62,40.39,media,3418.0,0,491.0,52,72.2,2.5,43.31,"Segmento de 81 m en estado bueno: índice de condición 95/100 (intervalo 90 %: 78–100). Detecciones: 40 grietas longitudinales, 1 grietas transversales, 3 piel de cocodrilo, 3 baches. Rugosidad IRI 1.9 m/km. Contexto: hospital a 491 m, 52 siniestros a 250 m. Prioridad media (40/100).",mantenimiento_rutinario,programada_6_meses,plantilla,det=detector_cpu;fusion=ensamble10,20260930-2219,,,Daño dominante: ninguno; acción según estado bueno.
713,T2-IN-0019,despliegue,India,10,5004063,4.503513,-74.10454,d2g39ey,56.2,2026-06-20 10:02,sim_pred,0,0,9,5,6.2,100.0,100.0,86.8,87.5,82.4,3.98,58.5,74.1,57.2,90.9,satisfactorio,0.484,0.044,2.8,26.66,71.73,55.2,83.61,49.57,40.39,media,7600.0,0,387.0,33,84.5,0.0,24.28,"Segmento de 56 m en estado satisfactorio: índice de condición 74/100 (intervalo 90 %: 57–91). Detecciones: 9 piel de cocodrilo, 5 baches. Rugosidad IRI 4.0 m/km. Contexto: hospital a 387 m, 33 siniestros a 250 m. Prioridad media (40/100).",sellado_de_fisuras,programada_6_meses,plantilla,det=detector_cpu;fusion=ensamble10,20260930-2219,,,Daño dominante: piel de cocodrilo; acción según estado satisfactorio.
714,TR-CZ-0013,test,Czech,10,9001309,4.682384,-74.151101,d2g68sk,91.3,2026-07-22 13:43,sim_gt,29,0,9,7,8.95,100.0,100.0,97.9,100.0,97.9,2.85,71.7,88.7,71.9,100.0,bueno,0.604,0.001,2.04,83.13,71.73,52.31,12.18,71.43,40.32,media,410.0,2,376.0,44,26.8,1.1,29.14,"Segmento de 91 m en estado bueno: índice de condición 89/100 (intervalo 90 %: 72–100). Detecciones: 29 grietas longitudinales, 9 piel de cocodrilo, 7 baches. Rugosidad IRI 2.9 m/km. Contexto: colegio a 410 m, hospital a 376 m, 44 siniestros a 250 m. Prioridad media (40/100).",mantenimiento_rutinario,programada_6_meses,plantilla,det=detector_cpu;fusion=ensamble10,20260930-2219,69.1,regular,Daño dominante: ninguno; acción según estado bueno.
715,TR-JA-0314,test,Japan,10,5002372,4.512994,-74.090205,d2g3dj9,99.6,2026-07-13 15:46,sim_gt,39,0,30,6,15.73,100.0,100.0,75.9,100.0,75.9,2.73,73.3,75.0,58.2,91.8,satisfactorio,0.482,0.043,4.22,43.88,84.96,13.54,69.04,50.67,40.26,media,8557.0,0,353.0,11,72.0,0.0,28.88,"Segmento de 100 m en estado satisfactorio: índice de condición 75/100 (intervalo 90 %: 58–92). Detecciones: 39 grietas longitudinales, 30 piel de cocodrilo, 6 baches. Rugosidad IRI 2.7 m/km. Contexto: hospital a 353 m, 11 siniestros a 250 m. Prioridad media (40/100).",sellado_de_fisuras,programada_6_meses,plantilla,det=detector_cpu;fusion=ensamble10,20260930-2219,54.7,malo,Daño dominante: piel de cocodrilo; acción según estado satisfactorio.
716,T2-CZ-0030,despliegue,Czech,10,9002723,4.670316,-74.129349,d2g694h,116.1,2026-08-29 12:22,sim_pred,52,1,2,1,5.14,100.0,100.0,95.5,98.1,94.8,3.57,62.9,83.7,66.8,100.0,satisfactorio,0.473,0.004,2.61,66.76,71.73,47.08,41.96,63.58,40.23,media,326.0,3,852.0,36,47.8,0.0,26.45,"Segmento de 116 m en estado satisfactorio: índice de condición 84/100 (intervalo 90 %: 67–100). Detecciones: 52 grietas longitudinales, 1 grietas transversales, 2 piel de cocodrilo, 1 baches. Rugosidad IRI 3.6 m/km. Contexto: colegio a 326 m, hospital a 852 m, 36 siniestros a 250 m. Prioridad media (40/100).",sellado_de_fisuras,programada_6_meses,plantilla,det=detector_cpu;fusion=ensamble10,20260930-2219,,,Daño dominante: ninguno; acción según estado satisfactorio.
717,T2-IN-0038,despliegue,India,10,1002893,4.73275,-74.024847,d2g6gt8,52.8,2026-06-05 09:08,sim_pred,14,0,13,2,7.89,100.0,100.0,86.1,95.7,84.6,5.49,44.5,70.6,53.8,87.4,regular,0.427,0.088,3.49,25.98,71.73,33.27,98.94,43.81,40.17,media,8269.0,0,77.0,26,167.6,3.8,24.14,"Segmento de 53 m en estado regular: índice de condición 71/100 (intervalo 90 %: 54–87). Detecciones: 14 grietas longitudinales, 13 piel de cocodrilo, 2 baches. Rugosidad IRI 5.5 m/km. Contexto: hospital a 77 m, 26 siniestros a 250 m. Prioridad media (40/100).",parcheo,programada_6_meses,plantilla,det=detector_cpu;fusion=ensamble10,20260930-2219,,,Daño dominante: piel de cocodrilo; acción según estado regular.
718,T1-IN-0000,despliegue,India,10,16002367,4.608304,-74.113159,d2g61wb,53.4,2026-09-01 10:29,sim_pred,0,0,6,3,4.55,100.0,100.0,89.6,78.8,75.2,5.55,44.1,64.3,47.5,81.1,regular,0.519,0.218,2.93,14.92,71.73,12.71,39.98,34.25,40.13,media,2348.0,0,701.0,12,46.0,1.9,23.42,"Segmento de 53 m en estado regular: índice de condición 64/100 (intervalo 90 %: 48–81). Detecciones: 6 piel de cocodrilo, 3 baches. Rugosidad IRI 5.5 m/km. Contexto: hospital a 701 m, 12 siniestros a 250 m. Prioridad media (40/100).",bacheo,programada_6_meses,plantilla,det=detector_cpu;fusion=ensamble10,20260930-2219,,,Daño dominante: baches; acción según estado regular.
719,TR-CZ-0020,test,Czech,10,10006712,4.69432,-74.115072,d2g69qx,84.4,2026-09-21 12:15,sim_gt,17,0,5,7,7.43,100.0,100.0,100.0,100.0,100.0,2.43,77.3,92.0,75.2,100.0,bueno,0.72,0.0,1.94,71.86,71.73,36.27,21.51,62.91,39.94,baja,156.0,2,450.0,26,35.0,1.2,27.17,"Segmento de 84 m en estado bueno: índice de condición 92/100 (intervalo 90 %: 75–100). Detecciones: 17 grietas longitudinales, 5 piel de cocodrilo, 7 baches. Rugosidad IRI 2.4 m/km. Contexto: colegio a 156 m, hospital a 450 m, 26 siniestros a 250 m. Prioridad baja (40/100).",mantenimiento_rutinario,rutinaria_12_meses,plantilla,det=detector_cpu;fusion=ensamble10,20260930-2219,71.3,satisfactorio,Daño dominante: ninguno; acción según estado bueno.
720,TR-IN-0748,test,India,10,8004374,4.631641,-74.171081,d2g625n,92.9,2026-07-25 10:27,sim_gt,0,0,0,7,0.47,100.0,100.0,100.0,100.0,100.0,2.06,82.6,93.9,77.1,100.0,bueno,0.78,0.0,0.63,72.45,71.73,44.8,14.49,65.29,39.78,baja,57.0,3,850.0,30,28.9,0.0,27.2,"Segmento de 93 m en estado bueno: índice de condición 94/100 (intervalo 90 %: 77–100). Detecciones: 7 baches. Rugosidad IRI 2.1 m/km. Contexto: colegio a 57 m, hospital a 850 m, 30 siniestros a 250 m. Prioridad baja (40/100).",mantenimiento_rutinario,rutinaria_12_meses,plantilla,det=detector_cpu;fusion=ensamble10,20260930-2219,97.6,bueno,Daño dominante: ninguno; acción según estado bueno.
721,T1-CZ-0004,despliegue,Czech,10,12000176,4.685352,-74.071727,d2g6dky,77.1,2026-06-21 16:06,sim_pred,17,1,2,15,3.33,100.0,100.0,95.4,73.2,71.6,4.29,55.3,65.9,49.0,82.7,regular,0.499,0.183,3.82,23.2,71.73,5.24,65.55,35.69,39.76,baja,3311.0,0,288.0,8,69.6,0.0,24.05,"Segmento de 77 m en estado regular: índice de condición 66/100 (intervalo 90 %: 49–83). Detecciones: 17 grietas longitudinales, 1 grietas transversales, 2 piel de cocodrilo, 15 baches. Rugosidad IRI 4.3 m/km. Contexto: hospital a 288 m, 8 siniestros a 250 m. Prioridad baja (40/100).",bacheo,rutinaria_12_meses,plantilla,det=detector_cpu;fusion=ensamble10,20260930-2219,,,Daño dominante: baches; acción según estado regular.
722,TR-JA-0263,test,Japan,10,19006145,4.56475,-74.155282,d2g3bwc,96.0,2026-07-16 13:37,sim_gt,18,0,39,5,17.55,100.0,100.0,77.0,91.0,73.8,4.34,54.8,67.2,50.3,84.0,regular,0.499,0.144,2.44,21.12,71.73,15.52,24.36,37.43,39.68,baja,595.0,0,703.0,11,37.6,5.2,23.71,"Segmento de 96 m en estado regular: índice de condición 67/100 (intervalo 90 %: 50–84). Detecciones: 18 grietas longitudinales, 39 piel de cocodrilo, 5 baches. Rugosidad IRI 4.3 m/km. Contexto: hospital a 703 m, 11 siniestros a 250 m. Prioridad baja (40/100).",parcheo,rutinaria_12_meses,plantilla,det=detector_cpu;fusion=ensamble10,20260930-2219,43.0,malo,Daño dominante: piel de cocodrilo; acción según estado regular.
723,TR-JA-0313,test,Japan,10,15000396,4.591998,-74.123101,d2g617c,115.2,2026-08-18 16:13,sim_gt,41,0,3,4,4.12,100.0,100.0,99.0,97.7,97.3,2.51,76.2,90.0,73.1,100.0,bueno,0.645,0.001,2.94,81.92,71.73,54.44,32.85,71.48,39.62,baja,1844.0,0,982.0,45,41.5,8.7,29.82,"Segmento de 115 m en estado bueno: índice de condición 90/100 (intervalo 90 %: 73–100). Detecciones: 41 grietas longitudinales, 3 piel de cocodrilo, 4 baches. Rugosidad IRI 2.5 m/km. Contexto: hospital a 982 m, 45 siniestros a 250 m. Prioridad baja (40/100).",mantenimiento_rutinario,rutinaria_12_meses,plantilla,det=detector_cpu;fusion=ensamble10,20260930-2219,85.8,satisfactorio,Daño dominante: ninguno; acción según estado bueno.
724,TR-JA-0045,test,Japan,10,9002772,4.669969,-74.117932,d2g696h,60.1,2026-06-06 10:05,sim_gt,93,0,7,3,6.97,100.0,100.0,99.9,96.6,96.6,3.25,66.7,86.1,69.3,100.0,bueno,0.504,0.002,2.69,93.95,71.73,12.03,55.5,65.69,39.61,baja,1280.0,0,220.0,11,58.2,1.7,41.81,"Segmento de 60 m en estado bueno: índice de condición 86/100 (intervalo 90 %: 69–100). Detecciones: 93 grietas longitudinales, 7 piel de cocodrilo, 3 baches. Rugosidad IRI 3.2 m/km. Contexto: hospital a 220 m, 11 siniestros a 250 m. Prioridad baja (40/100).",mantenimiento_rutinario,rutinaria_12_meses,plantilla,det=detector_cpu;fusion=ensamble10,20260930-2219,84.8,satisfactorio,Daño dominante: ninguno; acción según estado bueno.
725,TR-JA-0346,test,Japan,10,11008577,4.723335,-74.084752,d2g6f5v,53.7,2026-07-28 10:50,sim_gt,22,0,6,6,8.43,100.0,100.0,82.7,98.2,82.1,3.17,67.7,77.0,60.2,93.9,satisfactorio,0.503,0.027,3.94,52.22,71.73,24.01,90.55,51.99,39.58,baja,2382.0,0,978.0,14,111.5,5.6,25.13,"Segmento de 54 m en estado satisfactorio: índice de condición 77/100 (intervalo 90 %: 60–94). Detecciones: 22 grietas longitudinales, 6 piel de cocodrilo, 6 baches. Rugosidad IRI 3.2 m/km. Contexto: hospital a 978 m, 14 siniestros a 250 m. Prioridad baja (40/100).",sellado_de_fisuras,rutinaria_12_meses,plantilla,det=detector_cpu;fusion=ensamble10,20260930-2219,69.2,regular,Daño dominante: piel de cocodrilo; acción según estado satisfactorio.
726,TR-CZ-0245,test,Czech,10,8006826,4.620646,-74.127354,d2g631n,53.3,2026-08-22 13:15,sim_gt,22,0,0,8,1.6,100.0,100.0,100.0,100.0,100.0,1.83,86.1,95.1,78.3,100.0,bueno,0.805,0.0,3.04,81.88,71.73,84.98,37.33,79.1,39.56,baja,2251.0,0,708.0,60,44.6,1.9,28.16,"Segmento de 53 m en estado bueno: índice de condición 95/100 (intervalo 90 %: 78–100). Detecciones: 22 grietas longitudinales, 8 baches. Rugosidad IRI 1.8 m/km. Contexto: hospital a 708 m, 60 siniestros a 250 m. Prioridad baja (40/100).",mantenimiento_rutinario,rutinaria_12_meses,plantilla,det=detector_cpu;fusion=ensamble10,20260930-2219,81.9,satisfactorio,Daño dominante: ninguno; acción según estado bueno.
727,T1-CZ-0028,despliegue,Czech,10,9004147,4.687375,-74.129761,d2g69jk,132.5,2026-09-21 08:43,sim_pred,34,7,0,13,2.54,100.0,100.0,100.0,80.5,80.5,2.52,76.1,78.9,62.1,95.8,satisfactorio,0.504,0.019,4.1,3.06,100.0,74.05,21.51,54.74,39.53,baja,393.0,1,657.0,69,35.0,0.8,39.08,"Segmento de 132 m en estado satisfactorio: índice de condición 79/100 (intervalo 90 %: 62–96). Detecciones: 34 grietas longitudinales, 7 grietas transversales, 13 baches. Rugosidad IRI 2.5 m/km. Contexto: colegio a 393 m, hospital a 657 m, 69 siniestros a 250 m. Prioridad baja (40/100).",sellado_de_fisuras,rutinaria_12_meses,plantilla,det=detector_cpu;fusion=ensamble10,20260930-2219,,,Daño dominante: baches; acción según estado satisfactorio.
728,TR-JA-0839,test,Japan,10,11001096,4.756154,-74.087158,d2g741g,105.8,2026-08-07 14:04,sim_gt,8,0,18,6,9.88,100.0,100.0,86.0,93.8,83.8,2.16,81.1,82.9,66.1,99.7,satisfactorio,0.467,0.008,4.5,80.29,71.73,13.54,95.52,60.61,39.51,baja,1859.0,0,540.0,13,136.6,,27.87,"Segmento de 106 m en estado satisfactorio: índice de condición 83/100 (intervalo 90 %: 66–100). Detecciones: 8 grietas longitudinales, 18 piel de cocodrilo, 6 baches. Rugosidad IRI 2.2 m/km. Contexto: hospital a 540 m, 13 siniestros a 250 m. Prioridad baja (40/100).",sellado_de_fisuras,rutinaria_12_meses,plantilla,det=detector_cpu;fusion=ensamble10,20260930-2219,67.8,regular,Daño dominante: piel de cocodrilo; acción según estado satisfactorio.
729,T1-CZ-0020,despliegue,Czech,10,4004420,4.547745,-74.089469,d2g3f5c,82.1,2026-08-23 14:13,sim_pred,31,0,0,9,1.5,100.0,100.0,100.0,86.7,86.7,2.69,73.8,82.2,65.4,99.0,satisfactorio,0.473,0.01,4.67,52.22,71.73,53.11,73.33,59.27,39.38,baja,4889.0,0,489.0,30,77.0,11.0,25.13,"Segmento de 82 m en estado satisfactorio: índice de condición 82/100 (intervalo 90 %: 65–99). Detecciones: 31 grietas longitudinales, 9 baches. Rugosidad IRI 2.7 m/km. Contexto: hospital a 489 m, 30 siniestros a 250 m. Prioridad baja (39/100).",sellado_de_fisuras,rutinaria_12_meses,plantilla,det=detector_cpu;fusion=ensamble10,20260930-2219,,,Daño dominante: baches; acción según estado satisfactorio.
730,T2-CZ-0019,despliegue,Czech,10,10011623,4.72233,-74.128626,d2g6c5t,119.9,2026-08-29 09:46,sim_pred,2,0,5,4,6.29,100.0,100.0,99.4,98.9,98.7,3.2,67.3,87.7,70.9,100.0,bueno,0.564,0.002,3.26,66.76,100.0,21.4,68.44,67.05,39.19,baja,196.0,3,1524.0,12,71.8,1.7,42.87,"Segmento de 120 m en estado bueno: índice de condición 88/100 (intervalo 90 %: 71–100). Detecciones: 2 grietas longitudinales, 5 piel de cocodrilo, 4 baches. Rugosidad IRI 3.2 m/km. Contexto: colegio a 196 m, 12 siniestros a 250 m. Prioridad baja (39/100).",mantenimiento_rutinario,rutinaria_12_meses,plantilla,det=detector_cpu;fusion=ensamble10,20260930-2219,,,Daño dominante: ninguno; acción según estado bueno.
731,TR-IN-0687,test,India,10,12002100,4.663313,-74.072209,d2g6d2y,86.4,2026-09-20 16:39,sim_gt,3,0,1,7,3.32,100.0,100.0,95.9,86.9,85.5,4.19,56.3,75.3,58.5,92.1,satisfactorio,0.502,0.034,2.8,22.69,71.73,56.3,23.48,48.25,39.13,baja,3749.0,0,526.0,42,36.9,0.0,36.19,"Segmento de 86 m en estado satisfactorio: índice de condición 75/100 (intervalo 90 %: 58–92). Detecciones: 3 grietas longitudinales, 1 piel de cocodrilo, 7 baches. Rugosidad IRI 4.2 m/km. Contexto: hospital a 526 m, 42 siniestros a 250 m. Prioridad baja (39/100).",sellado_de_fisuras,rutinaria_12_meses,plantilla,det=detector_cpu;fusion=ensamble10,20260930-2219,53.6,malo,Daño dominante: baches; acción según estado satisfactorio.
732,TR-JA-0731,test,Japan,10,10008557,4.679832,-74.114184,d2g697z,40.8,2026-09-22 13:26,sim_gt,14,0,2,10,6.7,100.0,100.0,85.8,85.9,80.9,3.21,67.2,76.1,59.3,92.9,satisfactorio,0.505,0.031,3.33,14.92,71.73,23.18,21.24,36.87,39.08,baja,139.0,1,607.0,24,34.9,,23.42,"Segmento de 41 m en estado satisfactorio: índice de condición 76/100 (intervalo 90 %: 59–93). Detecciones: 14 grietas longitudinales, 2 piel de cocodrilo, 10 baches. Rugosidad IRI 3.2 m/km. Contexto: colegio a 139 m, hospital a 607 m, 24 siniestros a 250 m. Prioridad baja (39/100).",sellado_de_fisuras,rutinaria_12_meses,plantilla,det=detector_cpu;fusion=ensamble10,20260930-2219,65.2,regular,Daño dominante: piel de cocodrilo; acción según estado satisfactorio.
733,T1-CZ-0007,despliegue,Czech,10,3001243,4.588169,-74.078336,d2g6473,96.2,2026-09-04 12:05,sim_pred,14,0,1,0,1.98,100.0,100.0,98.7,97.1,96.6,3.42,64.7,85.5,68.6,100.0,satisfactorio,0.435,0.003,2.78,68.17,71.73,43.78,84.48,63.32,39.05,baja,3169.0,0,211.0,27,87.5,1.0,27.44,"Segmento de 96 m en estado satisfactorio: índice de condición 86/100 (intervalo 90 %: 69–100). Detecciones: 14 grietas longitudinales, 1 piel de cocodrilo. Rugosidad IRI 3.4 m/km. Contexto: hospital a 211 m, 27 siniestros a 250 m. Prioridad baja (39/100).",sellado_de_fisuras,rutinaria_12_meses,plantilla,det=detector_cpu;fusion=ensamble10,20260930-2219,,,Daño dominante: ninguno; acción según estado satisfactorio.
734,TR-CZ-0151,test,Czech,10,11007811,4.727753,-74.093224,d2g6cuw,87.8,2026-06-16 15:17,sim_gt,20,0,6,1,6.44,100.0,100.0,100.0,100.0,100.0,2.76,72.9,90.5,73.7,100.0,bueno,0.669,0.0,1.64,99.77,71.73,23.18,97.5,70.81,39.01,baja,1386.0,0,189.0,16,158.3,0.0,45.81,"Segmento de 88 m en estado bueno: índice de condición 90/100 (intervalo 90 %: 74–100). Detecciones: 20 grietas longitudinales, 6 piel de cocodrilo, 1 baches. Rugosidad IRI 2.8 m/km. Contexto: hospital a 189 m, 16 siniestros a 250 m. Prioridad baja (39/100).",mantenimiento_rutinario,rutinaria_12_meses,plantilla,det=detector_cpu;fusion=ensamble10,20260930-2219,88.7,bueno,Daño dominante: ninguno; acción según estado bueno.
735,TR-CZ-0098,test,Czech,10,10008960,4.676449,-74.092246,d2g69gr,45.6,2026-06-19 15:57,sim_gt,26,0,1,1,2.62,100.0,100.0,100.0,100.0,100.0,2.7,73.7,90.8,73.9,100.0,bueno,0.68,0.0,0.35,92.61,71.73,35.36,82.85,70.99,38.93,baja,1099.0,0,234.0,31,82.8,0.0,40.68,"Segmento de 46 m en estado bueno: índice de condición 91/100 (intervalo 90 %: 74–100). Detecciones: 26 grietas longitudinales, 1 piel de cocodrilo, 1 baches. Rugosidad IRI 2.7 m/km. Contexto: hospital a 234 m, 31 siniestros a 250 m. Prioridad baja (39/100).",mantenimiento_rutinario,rutinaria_12_meses,plantilla,det=detector_cpu;fusion=ensamble10,20260930-2219,91.4,bueno,Daño dominante: ninguno; acción según estado bueno.
736,TR-JA-0318,test,Japan,10,5004634,4.501323,-74.097528,d2g39g7,59.6,2026-07-24 13:40,sim_gt,48,1,55,9,22.82,100.0,100.0,75.8,93.3,73.5,4.55,52.7,66.2,49.4,83.1,regular,0.516,0.162,1.8,21.12,71.73,2.12,83.38,34.08,38.89,baja,8414.0,0,505.0,2,84.2,31.9,23.71,"Segmento de 60 m en estado regular: índice de condición 66/100 (intervalo 90 %: 49–83). Detecciones: 48 grietas longitudinales, 1 grietas transversales, 55 piel de cocodrilo, 9 baches. Rugosidad IRI 4.5 m/km. Contexto: hospital a 505 m, 2 siniestros a 250 m. Prioridad baja (39/100).",parcheo,rutinaria_12_meses,plantilla,det=detector_cpu;fusion=ensamble10,20260930-2219,61.1,regular,Daño dominante: piel de cocodrilo; acción según estado regular.
737,TR-CZ-0110,test,Czech,10,19002856,4.57719,-74.163083,d2g603k,48.5,2026-09-16 16:38,sim_gt,64,0,2,3,5.23,100.0,100.0,100.0,96.3,96.3,2.44,77.2,89.6,72.8,100.0,bueno,0.635,0.001,2.32,61.96,71.73,25.64,0.72,56.3,38.76,baja,107.0,6,330.0,15,12.8,0.0,25.76,"Segmento de 48 m en estado bueno: índice de condición 90/100 (intervalo 90 %: 73–100). Detecciones: 64 grietas longitudinales, 2 piel de cocodrilo, 3 baches. Rugosidad IRI 2.4 m/km. Contexto: colegio a 107 m, hospital a 330 m, 15 siniestros a 250 m. Prioridad baja (39/100).",mantenimiento_rutinario,rutinaria_12_meses,plantilla,det=detector_cpu;fusion=ensamble10,20260930-2219,86.0,satisfactorio,Daño dominante: ninguno; acción según estado bueno.
738,TR-IN-0262,test,India,10,13002020,4.627709,-74.074756,d2g666k,83.8,2026-09-19 16:57,sim_gt,3,0,6,1,4.77,100.0,100.0,100.0,98.3,98.3,4.27,55.5,83.3,66.5,100.0,satisfactorio,0.483,0.004,2.13,53.13,71.73,51.75,24.73,59.29,38.73,baja,5665.0,0,116.0,32,37.8,0.0,26.04,"Segmento de 84 m en estado satisfactorio: índice de condición 83/100 (intervalo 90 %: 66–100). Detecciones: 3 grietas longitudinales, 6 piel de cocodrilo, 1 baches. Rugosidad IRI 4.3 m/km. Contexto: hospital a 116 m, 32 siniestros a 250 m. Prioridad baja (39/100).",sellado_de_fisuras,rutinaria_12_meses,plantilla,det=detector_cpu;fusion=ensamble10,20260930-2219,76.5,satisfactorio,Daño dominante: ninguno; acción según estado satisfactorio.
739,T1-CZ-0003,despliegue,Czech,10,11009255,4.720286,-74.066478,d2g6fe6,113.4,2026-07-26 15:24,sim_pred,44,7,6,0,4.7,100.0,100.0,98.6,99.8,98.5,3.06,69.0,88.2,71.3,100.0,bueno,0.582,0.001,2.59,95.36,71.73,10.81,92.68,65.95,38.48,baja,4246.0,0,209.0,14,117.3,0.9,41.6,"Segmento de 113 m en estado bueno: índice de condición 88/100 (intervalo 90 %: 71–100). Detecciones: 44 grietas longitudinales, 7 grietas transversales, 6 piel de cocodrilo. Rugosidad IRI 3.1 m/km. Contexto: hospital a 209 m, 14 siniestros a 250 m. Prioridad baja (38/100).",mantenimiento_rutinario,rutinaria_12_meses,plantilla,det=detector_cpu;fusion=ensamble10,20260930-2219,,,Daño dominante: ninguno; acción según estado bueno.
740,TR-CZ-0114,test,Czech,10,18005590,4.546859,-74.111281,d2g3ce9,57.8,2026-08-10 12:22,sim_gt,59,4,2,2,5.16,100.0,100.0,100.0,99.2,99.2,2.68,73.9,90.4,73.5,100.0,bueno,0.66,0.001,2.72,56.13,88.17,63.32,16.92,69.14,38.44,baja,4614.0,0,554.0,40,29.8,0.0,37.79,"Segmento de 58 m en estado bueno: índice de condición 90/100 (intervalo 90 %: 74–100). Detecciones: 59 grietas longitudinales, 4 grietas transversales, 2 piel de cocodrilo, 2 baches. Rugosidad IRI 2.7 m/km. Contexto: hospital a 554 m, 40 siniestros a 250 m. Prioridad baja (38/100).",mantenimiento_rutinario,rutinaria_12_meses,plantilla,det=detector_cpu;fusion=ensamble10,20260930-2219,82.9,satisfactorio,Daño dominante: ninguno; acción según estado bueno.
741,TR-JA-0259,test,Japan,10,15000197,4.593747,-74.098861,d2g61u6,77.5,2026-08-17 15:55,sim_gt,64,0,7,2,15.4,100.0,100.0,85.8,100.0,85.8,2.08,82.3,84.6,67.8,100.0,satisfactorio,0.457,0.003,2.32,52.22,71.73,57.25,38.24,60.3,38.37,baja,1091.0,0,704.0,39,44.8,0.0,25.13,"Segmento de 78 m en estado satisfactorio: índice de condición 85/100 (intervalo 90 %: 68–100). Detecciones: 64 grietas longitudinales, 7 piel de cocodrilo, 2 baches. Rugosidad IRI 2.1 m/km. Contexto: hospital a 704 m, 39 siniestros a 250 m. Prioridad baja (38/100).",sellado_de_fisuras,rutinaria_12_meses,plantilla,det=detector_cpu;fusion=ensamble10,20260930-2219,72.3,satisfactorio,Daño dominante: piel de cocodrilo; acción según estado satisfactorio.
742,TR-CZ-0035,test,Czech,10,10004050,4.706077,-74.102799,d2g6c8x,44.1,2026-06-20 08:01,sim_gt,43,5,1,6,4.42,100.0,100.0,100.0,100.0,100.0,2.09,82.2,93.8,76.9,100.0,bueno,0.776,0.0,1.05,86.08,71.73,57.97,96.66,74.03,38.34,baja,415.0,1,184.0,42,148.1,0.0,31.31,"Segmento de 44 m en estado bueno: índice de condición 94/100 (intervalo 90 %: 77–100). Detecciones: 43 grietas longitudinales, 5 grietas transversales, 1 piel de cocodrilo, 6 baches. Rugosidad IRI 2.1 m/km. Contexto: colegio a 415 m, hospital a 184 m, 42 siniestros a 250 m. Prioridad baja (38/100).",mantenimiento_rutinario,rutinaria_12_meses,plantilla,det=detector_cpu;fusion=ensamble10,20260930-2219,89.7,bueno,Daño dominante: ninguno; acción según estado bueno.
743,TR-IN-0583,test,India,10,9003362,4.665272,-74.134024,d2g6913,145.7,2026-06-30 11:04,sim_gt,21,0,4,0,4.28,100.0,100.0,100.0,100.0,100.0,2.42,77.4,92.1,75.3,100.0,bueno,0.721,0.0,2.04,66.76,100.0,38.01,55.73,71.21,38.23,baja,507.0,0,814.0,32,58.4,0.7,42.87,"Segmento de 146 m en estado bueno: índice de condición 92/100 (intervalo 90 %: 75–100). Detecciones: 21 grietas longitudinales, 4 piel de cocodrilo. Rugosidad IRI 2.4 m/km. Contexto: hospital a 814 m, 32 siniestros a 250 m. Prioridad baja (38/100).",mantenimiento_rutinario,rutinaria_12_meses,plantilla,det=detector_cpu;fusion=ensamble10,20260930-2219,92.6,bueno,Daño dominante: ninguno; acción según estado bueno.
744,T2-CZ-0007,despliegue,Czech,10,19003529,4.574805,-74.158503,d2g602z,95.2,2026-08-15 15:09,sim_pred,15,0,1,0,2.0,100.0,100.0,100.0,100.0,100.0,2.72,73.4,90.7,73.8,100.0,bueno,0.676,0.0,1.02,73.37,71.73,8.5,1.93,56.58,38.22,baja,102.0,2,261.0,9,13.9,3.2,27.3,"Segmento de 95 m en estado bueno: índice de condición 91/100 (intervalo 90 %: 74–100). Detecciones: 15 grietas longitudinales, 1 piel de cocodrilo. Rugosidad IRI 2.7 m/km. Contexto: colegio a 102 m, hospital a 261 m, 9 siniestros a 250 m. Prioridad baja (38/100).",mantenimiento_rutinario,rutinaria_12_meses,plantilla,det=detector_cpu;fusion=ensamble10,20260930-2219,,,Daño dominante: ninguno; acción según estado bueno.
745,TR-CZ-0023,test,Czech,10,4007380,4.544565,-74.089937,d2g3f53,77.9,2026-06-22 13:12,sim_gt,23,0,8,0,7.84,100.0,100.0,100.0,100.0,100.0,2.49,76.5,91.8,74.9,100.0,bueno,0.71,0.0,2.34,74.16,84.96,43.02,82.13,70.16,37.99,baja,5197.0,0,549.0,28,82.3,12.8,31.53,"Segmento de 78 m en estado bueno: índice de condición 92/100 (intervalo 90 %: 75–100). Detecciones: 23 grietas longitudinales, 8 piel de cocodrilo. Rugosidad IRI 2.5 m/km. Contexto: hospital a 549 m, 28 siniestros a 250 m. Prioridad baja (38/100).",mantenimiento_rutinario,rutinaria_12_meses,plantilla,det=detector_cpu;fusion=ensamble10,20260930-2219,95.3,bueno,Daño dominante: ninguno; acción según estado bueno.
746,T2-CZ-0031,despliegue,Czech,10,8001117,4.645096,-74.168758,d2g62jx,150.0,2026-07-05 14:30,sim_pred,55,0,0,7,2.29,100.0,100.0,98.5,97.8,97.3,2.56,75.5,89.7,72.8,100.0,bueno,0.633,0.001,3.4,68.17,100.0,18.85,66.96,66.98,37.99,baja,599.0,0,595.0,15,70.5,0.5,43.92,"Segmento de 150 m en estado bueno: índice de condición 90/100 (intervalo 90 %: 73–100). Detecciones: 55 grietas longitudinales, 7 baches. Rugosidad IRI 2.6 m/km. Contexto: hospital a 595 m, 15 siniestros a 250 m. Prioridad baja (38/100).",mantenimiento_rutinario,rutinaria_12_meses,plantilla,det=detector_cpu;fusion=ensamble10,20260930-2219,,,Daño dominante: ninguno; acción según estado bueno.
747,TR-IN-0637,test,India,10,19000420,4.592464,-74.173941,d2g60hh,59.0,2026-08-27 12:31,sim_gt,3,0,0,16,0.79,100.0,100.0,100.0,95.6,95.6,2.41,77.6,89.3,72.5,100.0,bueno,0.622,0.001,3.18,43.88,71.73,44.8,6.03,53.86,37.96,baja,90.0,9,649.0,24,20.7,6.8,25.42,"Segmento de 59 m en estado bueno: índice de condición 89/100 (intervalo 90 %: 72–100). Detecciones: 3 grietas longitudinales, 16 baches. Rugosidad IRI 2.4 m/km. Contexto: colegio a 90 m, hospital a 649 m, 24 siniestros a 250 m. Prioridad baja (38/100).",mantenimiento_rutinario,rutinaria_12_meses,plantilla,det=detector_cpu;fusion=ensamble10,20260930-2219,78.7,satisfactorio,Daño dominante: ninguno; acción según estado bueno.
748,T1-IN-0046,despliegue,India,10,19005196,4.56937,-74.170505,d2g3bpy,96.2,2026-08-18 13:57,sim_pred,1,0,7,1,6.67,100.0,100.0,94.1,95.3,92.4,3.42,64.7,82.7,65.9,99.5,satisfactorio,0.477,0.007,3.88,43.88,71.73,3.91,32.85,43.63,37.84,baja,112.0,10,270.0,4,41.5,15.6,24.84,"Segmento de 96 m en estado satisfactorio: índice de condición 83/100 (intervalo 90 %: 66–100). Detecciones: 1 grietas longitudinales, 7 piel de cocodrilo, 1 baches. Rugosidad IRI 3.4 m/km. Contexto: colegio a 112 m, hospital a 270 m, 4 siniestros a 250 m. Prioridad baja (38/100).",sellado_de_fisuras,rutinaria_12_meses,plantilla,det=detector_cpu;fusion=ensamble10,20260930-2219,,,Daño dominante: piel de cocodrilo; acción según estado satisfactorio.
749,TR-CZ-0246,test,Czech,10,7000732,4.631966,-74.189758,d2g4rg0,95.6,2026-06-29 10:41,sim_gt,27,0,3,11,5.53,100.0,100.0,97.6,100.0,97.6,1.51,91.2,95.4,78.6,100.0,bueno,0.812,0.0,2.94,70.35,71.73,84.98,61.76,74.49,37.57,baja,439.0,1,121.0,48,65.0,1.0,27.01,"Segmento de 96 m en estado bueno: índice de condición 95/100 (intervalo 90 %: 79–100). Detecciones: 27 grietas longitudinales, 3 piel de cocodrilo, 11 baches. Rugosidad IRI 1.5 m/km. Contexto: colegio a 439 m, hospital a 121 m, 48 siniestros a 250 m. Prioridad baja (38/100).",mantenimiento_rutinario,rutinaria_12_meses,plantilla,det=detector_cpu;fusion=ensamble10,20260930-2219,97.9,bueno,Daño dominante: ninguno; acción según estado bueno.
750,T2-IN-0037,despliegue,India,10,19001671,4.585071,-74.167324,d2g6069,49.1,2026-06-30 11:01,sim_pred,0,0,1,8,3.98,100.0,100.0,97.6,86.9,86.1,3.72,61.3,77.4,60.6,94.2,satisfactorio,0.514,0.023,3.21,5.58,71.73,30.69,64.15,35.01,37.56,baja,136.0,13,190.0,19,68.5,12.2,22.72,"Segmento de 49 m en estado satisfactorio: índice de condición 77/100 (intervalo 90 %: 61–94). Detecciones: 1 piel de cocodrilo, 8 baches. Rugosidad IRI 3.7 m/km. Contexto: colegio a 136 m, hospital a 190 m, 19 siniestros a 250 m. Prioridad baja (38/100).",sellado_de_fisuras,rutinaria_12_meses,plantilla,det=detector_cpu;fusion=ensamble10,20260930-2219,,,Daño dominante: baches; acción según estado satisfactorio.
751,TR-CZ-0010,test,Czech,10,11009158,4.720436,-74.070097,d2g6f7r,40.2,2026-06-21 14:17,sim_gt,30,0,4,1,4.76,100.0,100.0,100.0,99.4,99.4,2.43,77.3,91.7,74.9,100.0,bueno,0.709,0.0,1.62,71.86,84.96,41.54,95.79,68.87,37.53,baja,3893.0,0,195.0,26,142.1,2.5,31.91,"Segmento de 40 m en estado bueno: índice de condición 92/100 (intervalo 90 %: 75–100). Detecciones: 30 grietas longitudinales, 4 piel de cocodrilo, 1 baches. Rugosidad IRI 2.4 m/km. Contexto: hospital a 195 m, 26 siniestros a 250 m. Prioridad baja (38/100).",mantenimiento_rutinario,rutinaria_12_meses,plantilla,det=detector_cpu;fusion=ensamble10,20260930-2219,92.3,bueno,Daño dominante: ninguno; acción según estado bueno.
752,T2-IN-0061,despliegue,India,10,18007898,4.565478,-74.119761,d2g3cr5,122.9,2026-06-21 12:28,sim_pred,3,0,1,7,1.81,100.0,100.0,97.5,74.8,73.9,4.32,55.0,67.3,50.5,84.1,regular,0.495,0.142,2.63,2.8,84.96,4.51,48.33,31.99,37.41,baja,2892.0,0,652.0,3,51.4,14.6,24.71,"Segmento de 123 m en estado regular: índice de condición 67/100 (intervalo 90 %: 50–84). Detecciones: 3 grietas longitudinales, 1 piel de cocodrilo, 7 baches. Rugosidad IRI 4.3 m/km. Contexto: hospital a 652 m, 3 siniestros a 250 m. Prioridad baja (37/100).",bacheo,rutinaria_12_meses,plantilla,det=detector_cpu;fusion=ensamble10,20260930-2219,,,Daño dominante: baches; acción según estado regular.
753,T2-IN-0052,despliegue,India,10,19010713,4.543044,-74.138611,d2g3bgj,128.0,2026-06-14 09:30,sim_pred,2,0,3,3,3.14,100.0,100.0,100.0,97.8,97.8,3.52,63.5,85.8,69.0,100.0,satisfactorio,0.43,0.002,2.11,52.22,71.73,54.44,59.98,59.6,37.36,baja,2791.0,0,846.0,26,62.7,1.6,25.13,"Segmento de 128 m en estado satisfactorio: índice de condición 86/100 (intervalo 90 %: 69–100). Detecciones: 2 grietas longitudinales, 3 piel de cocodrilo, 3 baches. Rugosidad IRI 3.5 m/km. Contexto: hospital a 846 m, 26 siniestros a 250 m. Prioridad baja (37/100).",sellado_de_fisuras,rutinaria_12_meses,plantilla,det=detector_cpu;fusion=ensamble10,20260930-2219,,,Daño dominante: ninguno; acción según estado satisfactorio.
754,T1-IN-0007,despliegue,India,10,5009263,4.515045,-74.110461,d2g39tf,45.4,2026-08-10 08:35,sim_pred,4,0,5,2,3.49,100.0,100.0,84.9,89.7,81.3,4.7,51.4,70.8,54.0,87.6,regular,0.414,0.093,4.62,21.12,71.73,13.54,55.01,36.94,37.29,baja,6563.0,0,326.0,13,57.9,6.6,23.71,"Segmento de 45 m en estado regular: índice de condición 71/100 (intervalo 90 %: 54–88). Detecciones: 4 grietas longitudinales, 5 piel de cocodrilo, 2 baches. Rugosidad IRI 4.7 m/km. Contexto: hospital a 326 m, 13 siniestros a 250 m. Prioridad baja (37/100).",parcheo,rutinaria_12_meses,plantilla,det=detector_cpu;fusion=ensamble10,20260930-2219,,,Daño dominante: piel de cocodrilo; acción según estado regular.
755,TR-CZ-0012,test,Czech,10,8011606,4.596056,-74.145916,d2g60u8,47.0,2026-07-27 10:08,sim_gt,22,0,8,0,6.17,100.0,100.0,100.0,99.5,99.5,2.32,78.9,92.3,75.4,100.0,bueno,0.727,0.0,1.89,14.92,71.73,99.01,6.3,55.82,36.97,baja,169.0,3,405.0,155,20.9,2.1,23.42,"Segmento de 47 m en estado bueno: índice de condición 92/100 (intervalo 90 %: 75–100). Detecciones: 22 grietas longitudinales, 8 piel de cocodrilo. Rugosidad IRI 2.3 m/km. Contexto: colegio a 169 m, hospital a 405 m, 155 siniestros a 250 m. Prioridad baja (37/100).",mantenimiento_rutinario,rutinaria_12_meses,plantilla,det=detector_cpu;fusion=ensamble10,20260930-2219,88.0,bueno,Daño dominante: ninguno; acción según estado bueno.
756,TR-IN-0088,test,India,10,11010714,4.702787,-74.079561,d2g6f20,47.7,2026-07-12 14:13,sim_gt,2,0,16,0,11.14,100.0,100.0,100.0,97.3,97.3,2.76,72.9,88.7,71.9,100.0,bueno,0.601,0.001,3.37,52.22,71.73,67.41,87.37,62.84,36.89,baja,2932.0,0,742.0,71,98.5,0.0,25.13,"Segmento de 48 m en estado bueno: índice de condición 89/100 (intervalo 90 %: 72–100). Detecciones: 2 grietas longitudinales, 16 piel de cocodrilo. Rugosidad IRI 2.8 m/km. Contexto: hospital a 742 m, 71 siniestros a 250 m. Prioridad baja (37/100).",mantenimiento_rutinario,rutinaria_12_meses,plantilla,det=detector_cpu;fusion=ensamble10,20260930-2219,88.5,bueno,Daño dominante: ninguno; acción según estado bueno.
757,T2-CZ-0029,despliegue,Czech,10,11011537,4.690661,-74.061365,d2g6dty,150.0,2026-07-18 15:21,sim_pred,24,0,3,4,5.27,100.0,100.0,99.3,97.1,96.8,3.0,69.8,87.4,70.5,100.0,bueno,0.551,0.001,2.54,66.76,84.96,15.52,45.56,60.32,36.72,baja,4556.0,0,410.0,17,50.0,0.0,30.49,"Segmento de 150 m en estado bueno: índice de condición 87/100 (intervalo 90 %: 70–100). Detecciones: 24 grietas longitudinales, 3 piel de cocodrilo, 4 baches. Rugosidad IRI 3.0 m/km. Contexto: hospital a 410 m, 17 siniestros a 250 m. Prioridad baja (37/100).",mantenimiento_rutinario,rutinaria_12_meses,plantilla,det=detector_cpu;fusion=ensamble10,20260930-2219,,,Daño dominante: ninguno; acción según estado bueno.
758,TR-CZ-0249,test,Czech,10,10003941,4.706489,-74.133473,d2g6c0c,67.9,2026-08-25 07:04,sim_gt,49,1,1,7,4.95,100.0,100.0,100.0,92.5,92.5,2.59,75.1,86.4,69.6,100.0,bueno,0.515,0.002,2.97,56.13,88.17,71.97,67.79,71.31,36.68,baja,686.0,0,1247.0,49,71.3,5.9,37.79,"Segmento de 68 m en estado bueno: índice de condición 86/100 (intervalo 90 %: 70–100). Detecciones: 49 grietas longitudinales, 1 grietas transversales, 1 piel de cocodrilo, 7 baches. Rugosidad IRI 2.6 m/km. Contexto: 49 siniestros a 250 m. Prioridad baja (37/100).",mantenimiento_rutinario,rutinaria_12_meses,plantilla,det=detector_cpu;fusion=ensamble10,20260930-2219,81.1,satisfactorio,Daño dominante: baches; acción según estado bueno.
759,T1-CZ-0009,despliegue,Czech,10,16000336,4.627647,-74.094955,d2g63fm,91.9,2026-08-13 13:46,sim_pred,8,0,3,2,3.7,100.0,100.0,89.5,90.8,86.2,3.84,59.9,77.0,60.2,93.9,satisfactorio,0.496,0.029,4.46,0.05,71.73,75.19,26.33,43.92,36.35,baja,4591.0,0,635.0,67,38.6,1.1,10.79,"Segmento de 92 m en estado satisfactorio: índice de condición 77/100 (intervalo 90 %: 60–94). Detecciones: 8 grietas longitudinales, 3 piel de cocodrilo, 2 baches. Rugosidad IRI 3.8 m/km. Contexto: hospital a 635 m, 67 siniestros a 250 m. Prioridad baja (36/100).",sellado_de_fisuras,rutinaria_12_meses,plantilla,det=detector_cpu;fusion=ensamble10,20260930-2219,,,Daño dominante: piel de cocodrilo; acción según estado satisfactorio.
760,TR-CZ-0096,test,Czech,10,9004841,4.690619,-74.160859,d2g68mv,150.0,2026-09-10 09:05,sim_gt,8,3,1,1,1.92,100.0,100.0,91.9,90.8,88.0,3.47,64.1,79.6,62.8,96.5,satisfactorio,0.502,0.016,4.12,0.47,71.73,37.03,17.64,34.55,36.04,baja,205.0,3,507.0,39,30.3,0.0,13.61,"Segmento de 150 m en estado satisfactorio: índice de condición 80/100 (intervalo 90 %: 63–96). Detecciones: 8 grietas longitudinales, 3 grietas transversales, 1 piel de cocodrilo, 1 baches. Rugosidad IRI 3.5 m/km. Contexto: colegio a 205 m, hospital a 507 m, 39 siniestros a 250 m. Prioridad baja (36/100).",sellado_de_fisuras,rutinaria_12_meses,plantilla,det=detector_cpu;fusion=ensamble10,20260930-2219,83.8,satisfactorio,Daño dominante: baches; acción según estado satisfactorio.
761,T1-CZ-0024,despliegue,Czech,10,15001239,4.582768,-74.100748,d2g61f3,78.9,2026-07-04 15:14,sim_pred,32,1,0,1,1.69,100.0,100.0,100.0,97.8,97.8,2.41,77.6,90.7,73.9,100.0,bueno,0.674,0.0,2.43,22.69,84.96,99.01,37.78,63.57,35.99,baja,907.0,0,259.0,141,44.7,2.5,34.1,"Segmento de 79 m en estado bueno: índice de condición 91/100 (intervalo 90 %: 74–100). Detecciones: 32 grietas longitudinales, 1 grietas transversales, 1 baches. Rugosidad IRI 2.4 m/km. Contexto: hospital a 259 m, 141 siniestros a 250 m. Prioridad baja (36/100).",mantenimiento_rutinario,rutinaria_12_meses,plantilla,det=detector_cpu;fusion=ensamble10,20260930-2219,,,Daño dominante: ninguno; acción según estado bueno.
762,TR-CZ-0011,test,Czech,10,10005134,4.701911,-74.09635,d2g69zu,71.8,2026-07-24 14:19,sim_gt,13,0,12,9,10.1,100.0,100.0,100.0,97.0,97.0,2.64,74.4,89.1,72.3,100.0,bueno,0.614,0.001,3.19,52.22,71.73,60.28,52.73,61.06,35.97,baja,1257.0,0,418.0,44,55.8,1.4,25.13,"Segmento de 72 m en estado bueno: índice de condición 89/100 (intervalo 90 %: 72–100). Detecciones: 13 grietas longitudinales, 12 piel de cocodrilo, 9 baches. Rugosidad IRI 2.6 m/km. Contexto: hospital a 418 m, 44 siniestros a 250 m. Prioridad baja (36/100).",mantenimiento_rutinario,rutinaria_12_meses,plantilla,det=detector_cpu;fusion=ensamble10,20260930-2219,87.8,bueno,Daño dominante: ninguno; acción según estado bueno.
763,T1-CZ-0001,despliegue,Czech,10,10009613,4.669739,-74.097997,d2g69f5,41.0,2026-08-28 14:37,sim_pred,6,0,5,3,4.3,100.0,100.0,94.2,83.7,81.7,5.32,45.9,69.2,52.4,86.0,regular,0.446,0.119,4.5,22.69,71.73,37.03,41.96,43.43,35.86,baja,1001.0,0,1087.0,37,47.8,0.0,29.94,"Segmento de 41 m en estado regular: índice de condición 69/100 (intervalo 90 %: 52–86). Detecciones: 6 grietas longitudinales, 5 piel de cocodrilo, 3 baches. Rugosidad IRI 5.3 m/km. Contexto: 37 siniestros a 250 m. Prioridad baja (36/100).",bacheo,rutinaria_12_meses,plantilla,det=detector_cpu;fusion=ensamble10,20260930-2219,,,Daño dominante: baches; acción según estado regular.
764,T2-IN-0034,despliegue,India,10,19013560,4.594374,-74.18209,d2g4puq,54.2,2026-07-29 07:44,sim_pred,4,0,0,0,0.27,100.0,100.0,99.2,92.4,92.1,4.33,54.9,79.1,62.2,95.9,satisfactorio,0.519,0.015,2.99,14.92,71.73,7.66,4.86,32.99,35.75,baja,164.0,7,451.0,6,18.6,0.0,23.42,"Segmento de 54 m en estado satisfactorio: índice de condición 79/100 (intervalo 90 %: 62–96). Detecciones: 4 grietas longitudinales. Rugosidad IRI 4.3 m/km. Contexto: colegio a 164 m, hospital a 451 m, 6 siniestros a 250 m. Prioridad baja (36/100).",sellado_de_fisuras,rutinaria_12_meses,plantilla,det=detector_cpu;fusion=ensamble10,20260930-2219,,,Daño dominante: baches; acción según estado satisfactorio.
765,T1-IN-0013,despliegue,India,10,13002793,4.646766,-74.095064,d2g63vv,150.0,2026-07-15 09:54,sim_pred,1,0,13,4,7.67,100.0,100.0,89.2,75.9,72.1,3.67,61.9,68.5,51.7,85.4,regular,0.471,0.12,3.17,0.83,71.73,16.39,42.41,29.53,35.7,baja,3424.0,0,258.0,16,48.2,0.6,14.2,"Segmento de 150 m en estado regular: índice de condición 68/100 (intervalo 90 %: 52–85). Detecciones: 1 grietas longitudinales, 13 piel de cocodrilo, 4 baches. Rugosidad IRI 3.7 m/km. Contexto: hospital a 258 m, 16 siniestros a 250 m. Prioridad baja (36/100).",bacheo,rutinaria_12_meses,plantilla,det=detector_cpu;fusion=ensamble10,20260930-2219,,,Daño dominante: baches; acción según estado regular.
766,TR-IN-0699,test,India,10,19014373,4.543406,-74.148028,d2g3bep,127.8,2026-07-30 08:47,sim_gt,0,0,8,4,9.19,100.0,100.0,93.5,84.7,82.4,5.1,47.8,70.3,53.5,87.1,regular,0.43,0.095,3.9,1.08,84.96,6.68,24.24,31.84,35.55,baja,1756.0,0,283.0,8,37.3,13.3,18.28,"Segmento de 128 m en estado regular: índice de condición 70/100 (intervalo 90 %: 54–87). Detecciones: 8 piel de cocodrilo, 4 baches. Rugosidad IRI 5.1 m/km. Contexto: hospital a 283 m, 8 siniestros a 250 m. Prioridad baja (36/100).",bacheo,rutinaria_12_meses,plantilla,det=detector_cpu;fusion=ensamble10,20260930-2219,42.4,malo,Daño dominante: baches; acción según estado regular.
767,TR-JA-0228,test,Japan,10,9003260,4.666055,-74.113428,d2g6992,79.7,2026-06-25 14:54,sim_gt,65,0,6,5,8.35,100.0,100.0,91.4,99.1,91.1,3.05,69.1,83.4,66.5,100.0,satisfactorio,0.483,0.004,2.01,3.72,71.73,98.63,60.77,51.25,35.48,baja,1505.0,0,532.0,186,63.2,1.3,22.93,"Segmento de 80 m en estado satisfactorio: índice de condición 83/100 (intervalo 90 %: 66–100). Detecciones: 65 grietas longitudinales, 6 piel de cocodrilo, 5 baches. Rugosidad IRI 3.0 m/km. Contexto: hospital a 532 m, 186 siniestros a 250 m. Prioridad baja (36/100).",sellado_de_fisuras,rutinaria_12_meses,plantilla,det=detector_cpu;fusion=ensamble10,20260930-2219,61.6,regular,Daño dominante: piel de cocodrilo; acción según estado satisfactorio.
768,TR-IN-0580,test,India,10,2003626,4.628866,-74.060529,d2g66dw,59.4,2026-06-06 08:16,sim_gt,0,0,9,15,4.82,100.0,100.0,100.0,99.2,99.2,3.07,68.9,88.6,71.7,100.0,bueno,0.596,0.001,2.52,43.88,100.0,25.64,55.5,58.96,35.45,baja,6853.0,0,550.0,17,58.2,0.0,41.26,"Segmento de 59 m en estado bueno: índice de condición 89/100 (intervalo 90 %: 72–100). Detecciones: 9 piel de cocodrilo, 15 baches. Rugosidad IRI 3.1 m/km. Contexto: hospital a 550 m, 17 siniestros a 250 m. Prioridad baja (36/100).",mantenimiento_rutinario,rutinaria_12_meses,plantilla,det=detector_cpu;fusion=ensamble10,20260930-2219,84.7,satisfactorio,Daño dominante: ninguno; acción según estado bueno.
769,TR-IN-0314,test,India,10,13001094,4.640696,-74.0699,d2g66kz,54.1,2026-06-06 10:08,sim_gt,6,0,1,3,2.98,100.0,100.0,100.0,100.0,100.0,2.3,79.2,92.7,75.9,100.0,bueno,0.744,0.0,1.04,44.25,88.17,66.08,55.5,65.08,35.4,baja,5487.0,0,245.0,52,58.2,1.8,38.08,"Segmento de 54 m en estado bueno: índice de condición 93/100 (intervalo 90 %: 76–100). Detecciones: 6 grietas longitudinales, 1 piel de cocodrilo, 3 baches. Rugosidad IRI 2.3 m/km. Contexto: hospital a 245 m, 52 siniestros a 250 m. Prioridad baja (35/100).",mantenimiento_rutinario,rutinaria_12_meses,plantilla,det=detector_cpu;fusion=ensamble10,20260930-2219,85.2,satisfactorio,Daño dominante: ninguno; acción según estado bueno.
770,TR-JA-0312,test,Japan,10,10003996,4.706309,-74.118159,d2g6c2u,77.6,2026-08-14 07:32,sim_gt,48,0,19,0,8.86,100.0,100.0,96.1,91.9,90.5,3.07,68.9,83.0,66.1,99.8,satisfactorio,0.49,0.005,2.06,14.92,71.73,77.09,62.52,50.34,35.37,baja,337.0,2,166.0,68,65.9,0.0,23.42,"Segmento de 78 m en estado satisfactorio: índice de condición 83/100 (intervalo 90 %: 66–100). Detecciones: 48 grietas longitudinales, 19 piel de cocodrilo. Rugosidad IRI 3.1 m/km. Contexto: colegio a 337 m, hospital a 166 m, 68 siniestros a 250 m. Prioridad baja (35/100).",sellado_de_fisuras,rutinaria_12_meses,plantilla,det=detector_cpu;fusion=ensamble10,20260930-2219,86.9,bueno,Daño dominante: baches; acción según estado satisfactorio.
771,TR-CZ-0095,test,Czech,10,7008445,4.635388,-74.199901,d2g4rec,106.8,2026-09-24 14:51,sim_gt,45,0,3,1,3.0,100.0,100.0,100.0,100.0,100.0,3.16,67.8,88.7,71.9,100.0,bueno,0.603,0.001,2.23,66.76,88.17,53.87,6.15,71.03,35.18,baja,357.0,3,1187.0,25,20.8,0.0,38.83,"Segmento de 107 m en estado bueno: índice de condición 89/100 (intervalo 90 %: 72–100). Detecciones: 45 grietas longitudinales, 3 piel de cocodrilo, 1 baches. Rugosidad IRI 3.2 m/km. Contexto: colegio a 357 m, 25 siniestros a 250 m. Prioridad baja (35/100).",mantenimiento_rutinario,rutinaria_12_meses,plantilla,det=detector_cpu;fusion=ensamble10,20260930-2219,84.0,satisfactorio,Daño dominante: ninguno; acción según estado bueno.
772,TR-JA-0229,test,Japan,10,4005322,4.541856,-74.094553,d2g3cfv,106.4,2026-06-02 13:24,sim_gt,32,0,19,4,10.26,100.0,100.0,95.7,96.5,94.5,3.36,65.4,84.3,67.5,100.0,satisfactorio,0.463,0.003,2.3,93.75,71.73,5.99,49.24,64.1,35.05,baja,5324.0,0,1076.0,5,51.8,7.5,41.73,"Segmento de 106 m en estado satisfactorio: índice de condición 84/100 (intervalo 90 %: 68–100). Detecciones: 32 grietas longitudinales, 19 piel de cocodrilo, 4 baches. Rugosidad IRI 3.4 m/km. Contexto: 5 siniestros a 250 m. Prioridad baja (35/100).",sellado_de_fisuras,rutinaria_12_meses,plantilla,det=detector_cpu;fusion=ensamble10,20260930-2219,50.3,malo,Daño dominante: ninguno; acción según estado satisfactorio.
773,TR-JA-0899,test,Japan,10,4006654,4.52301,-74.09224,d2g39zr,88.6,2026-06-24 09:32,sim_gt,23,0,36,7,24.61,100.0,100.0,79.1,88.1,74.9,3.33,65.8,71.7,54.9,88.5,satisfactorio,0.439,0.068,2.62,14.92,71.73,5.99,78.49,32.57,35.02,baja,7421.0,0,804.0,5,80.5,,23.42,"Segmento de 89 m en estado satisfactorio: índice de condición 72/100 (intervalo 90 %: 55–88). Detecciones: 23 grietas longitudinales, 36 piel de cocodrilo, 7 baches. Rugosidad IRI 3.3 m/km. Contexto: hospital a 804 m, 5 siniestros a 250 m. Prioridad baja (35/100).",sellado_de_fisuras,rutinaria_12_meses,plantilla,det=detector_cpu;fusion=ensamble10,20260930-2219,62.9,regular,Daño dominante: piel de cocodrilo; acción según estado satisfactorio.
774,T1-CZ-0016,despliegue,Czech,10,9000040,4.6974,-74.168723,d2g68pp,57.4,2026-08-15 11:31,sim_pred,29,0,6,4,3.85,100.0,100.0,91.3,92.4,88.6,4.28,55.4,77.0,60.1,93.8,satisfactorio,0.501,0.028,4.05,21.12,71.73,26.48,4.44,40.17,34.88,baja,252.0,1,1642.0,12,17.6,0.0,23.71,"Segmento de 57 m en estado satisfactorio: índice de condición 77/100 (intervalo 90 %: 60–94). Detecciones: 29 grietas longitudinales, 6 piel de cocodrilo, 4 baches. Rugosidad IRI 4.3 m/km. Contexto: colegio a 252 m, 12 siniestros a 250 m. Prioridad baja (35/100).",sellado_de_fisuras,rutinaria_12_meses,plantilla,det=detector_cpu;fusion=ensamble10,20260930-2219,,,Daño dominante: piel de cocodrilo; acción según estado satisfactorio.
775,TR-CZ-0097,test,Czech,10,4004459,4.547245,-74.096494,d2g3cgu,84.5,2026-08-31 14:57,sim_gt,15,0,0,2,0.95,100.0,100.0,100.0,100.0,100.0,2.23,80.2,93.1,76.2,100.0,bueno,0.755,0.0,0.6,80.29,71.73,27.28,40.52,64.04,34.78,baja,4690.0,0,653.0,21,46.1,20.1,27.87,"Segmento de 84 m en estado bueno: índice de condición 93/100 (intervalo 90 %: 76–100). Detecciones: 15 grietas longitudinales, 2 baches. Rugosidad IRI 2.2 m/km. Contexto: hospital a 653 m, 21 siniestros a 250 m. Prioridad baja (35/100).",mantenimiento_rutinario,rutinaria_12_meses,plantilla,det=detector_cpu;fusion=ensamble10,20260930-2219,93.4,bueno,Daño dominante: ninguno; acción según estado bueno.
776,TR-IN-0698,test,India,10,18003700,4.56285,-74.119739,d2g3cqe,57.2,2026-07-13 15:27,sim_gt,10,0,13,10,10.41,100.0,100.0,95.2,88.4,86.8,3.44,64.5,79.0,62.1,95.8,satisfactorio,0.518,0.016,3.06,43.88,71.73,0.72,25.46,42.83,34.76,baja,3149.0,0,653.0,0,38.3,0.0,24.84,"Segmento de 57 m en estado satisfactorio: índice de condición 79/100 (intervalo 90 %: 62–96). Detecciones: 10 grietas longitudinales, 13 piel de cocodrilo, 10 baches. Rugosidad IRI 3.4 m/km. Contexto: hospital a 653 m. Prioridad baja (35/100).",sellado_de_fisuras,rutinaria_12_meses,plantilla,det=detector_cpu;fusion=ensamble10,20260930-2219,86.1,bueno,Daño dominante: baches; acción según estado satisfactorio.
777,TR-IN-0356,test,India,10,12002002,4.664771,-74.074215,d2g6d3h,84.9,2026-08-16 16:08,sim_gt,0,0,2,7,3.05,100.0,100.0,100.0,100.0,100.0,2.96,70.3,89.6,72.8,100.0,bueno,0.636,0.001,1.93,22.72,71.73,95.94,38.24,58.18,34.51,baja,3475.0,0,523.0,144,44.8,1.2,24.01,"Segmento de 85 m en estado bueno: índice de condición 90/100 (intervalo 90 %: 73–100). Detecciones: 2 piel de cocodrilo, 7 baches. Rugosidad IRI 3.0 m/km. Contexto: hospital a 523 m, 144 siniestros a 250 m. Prioridad baja (34/100).",mantenimiento_rutinario,rutinaria_12_meses,plantilla,det=detector_cpu;fusion=ensamble10,20260930-2219,94.2,bueno,Daño dominante: ninguno; acción según estado bueno.
778,TR-JA-0602,test,Japan,10,2000290,4.677888,-74.050406,d2g6dgw,88.1,2026-08-05 16:10,sim_gt,24,0,13,1,11.47,100.0,100.0,77.3,100.0,77.3,2.33,78.8,77.8,61.0,94.6,satisfactorio,0.505,0.023,4.01,1.29,71.73,59.33,28.95,40.45,34.51,baja,5640.0,0,440.0,60,39.6,,17.81,"Segmento de 88 m en estado satisfactorio: índice de condición 78/100 (intervalo 90 %: 61–95). Detecciones: 24 grietas longitudinales, 13 piel de cocodrilo, 1 baches. Rugosidad IRI 2.3 m/km. Contexto: hospital a 440 m, 60 siniestros a 250 m. Prioridad baja (34/100).",sellado_de_fisuras,rutinaria_12_meses,plantilla,det=detector_cpu;fusion=ensamble10,20260930-2219,64.3,regular,Daño dominante: piel de cocodrilo; acción según estado satisfactorio.
779,T1-CZ-0031,despliegue,Czech,10,1002873,4.733064,-74.027188,d2g6gmx,90.2,2026-06-27 14:03,sim_pred,37,0,2,5,2.43,100.0,100.0,99.7,99.4,99.3,2.89,71.1,89.5,72.6,100.0,bueno,0.629,0.001,2.33,60.61,71.73,33.99,96.05,57.85,34.46,baja,8008.0,0,331.0,23,142.5,2.2,25.7,"Segmento de 90 m en estado bueno: índice de condición 90/100 (intervalo 90 %: 73–100). Detecciones: 37 grietas longitudinales, 2 piel de cocodrilo, 5 baches. Rugosidad IRI 2.9 m/km. Contexto: hospital a 331 m, 23 siniestros a 250 m. Prioridad baja (34/100).",mantenimiento_rutinario,rutinaria_12_meses,plantilla,det=detector_cpu;fusion=ensamble10,20260930-2219,,,Daño dominante: ninguno; acción según estado bueno.
780,T2-IN-0073,despliegue,India,10,5005229,4.499725,-74.079742,d2g3d70,80.2,2026-07-17 11:45,sim_pred,0,0,4,9,7.45,100.0,100.0,92.3,71.4,68.7,5.5,44.5,60.2,43.4,77.1,regular,0.502,0.345,2.73,1.98,71.73,0.72,70.3,26.08,34.3,baja,10281.0,0,2148.0,0,73.1,18.7,19.24,"Segmento de 80 m en estado regular: índice de condición 60/100 (intervalo 90 %: 43–77). Detecciones: 4 piel de cocodrilo, 9 baches. Rugosidad IRI 5.5 m/km. Prioridad baja (34/100).",bacheo,rutinaria_12_meses,plantilla,det=detector_cpu;fusion=ensamble10,20260930-2219,,,Daño dominante: baches; acción según estado regular.
781,TR-CZ-0111,test,Czech,10,1000244,4.766746,-74.025037,d2g75eb,64.5,2026-06-19 15:22,sim_gt,33,0,0,1,1.5,100.0,100.0,100.0,99.9,99.9,1.73,87.8,95.7,78.8,100.0,bueno,0.82,0.0,2.75,43.88,100.0,56.3,99.81,66.63,34.25,baja,8714.0,0,236.0,33,194.7,41.9,41.26,"Segmento de 64 m en estado bueno: índice de condición 96/100 (intervalo 90 %: 79–100). Detecciones: 33 grietas longitudinales, 1 baches. Rugosidad IRI 1.7 m/km. Contexto: hospital a 236 m, 33 siniestros a 250 m. Prioridad baja (34/100).",mantenimiento_rutinario,rutinaria_12_meses,plantilla,det=detector_cpu;fusion=ensamble10,20260930-2219,96.3,bueno,Daño dominante: ninguno; acción según estado bueno.
782,TR-JA-0895,test,Japan,10,11011503,4.690779,-74.071792,d2g6dmy,99.2,2026-09-15 15:33,sim_gt,27,0,33,3,18.71,100.0,100.0,91.3,100.0,91.3,1.91,84.9,89.1,72.3,100.0,bueno,0.616,0.001,2.5,43.88,71.73,56.3,36.65,56.73,34.24,baja,3451.0,0,372.0,50,43.6,,24.84,"Segmento de 99 m en estado bueno: índice de condición 89/100 (intervalo 90 %: 72–100). Detecciones: 27 grietas longitudinales, 33 piel de cocodrilo, 3 baches. Rugosidad IRI 1.9 m/km. Contexto: hospital a 372 m, 50 siniestros a 250 m. Prioridad baja (34/100).",mantenimiento_rutinario,rutinaria_12_meses,plantilla,det=detector_cpu;fusion=ensamble10,20260930-2219,76.3,satisfactorio,Daño dominante: piel de cocodrilo; acción según estado bueno.
783,TR-JA-0717,test,Japan,10,10002547,4.710939,-74.14237,d2g6bce,68.8,2026-09-19 14:35,sim_gt,20,0,19,3,14.55,100.0,100.0,89.9,98.7,89.4,2.09,82.2,86.9,70.1,100.0,bueno,0.533,0.002,2.88,52.22,71.73,29.21,18.29,53.29,34.19,baja,537.0,0,530.0,18,31.2,,25.13,"Segmento de 69 m en estado bueno: índice de condición 87/100 (intervalo 90 %: 70–100). Detecciones: 20 grietas longitudinales, 19 piel de cocodrilo, 3 baches. Rugosidad IRI 2.1 m/km. Contexto: hospital a 530 m, 18 siniestros a 250 m. Prioridad baja (34/100).",mantenimiento_rutinario,rutinaria_12_meses,plantilla,det=detector_cpu;fusion=ensamble10,20260930-2219,79.5,satisfactorio,Daño dominante: piel de cocodrilo; acción según estado bueno.
784,TR-IN-0264,test,India,10,3001963,4.578855,-74.072291,d2g643w,66.0,2026-09-12 16:02,sim_gt,0,0,43,1,26.84,100.0,100.0,87.8,100.0,87.8,2.98,70.1,81.6,64.7,98.4,satisfactorio,0.488,0.01,4.13,43.88,71.73,9.83,81.53,45.11,34.1,baja,3975.0,0,955.0,7,81.6,10.6,24.84,"Segmento de 66 m en estado satisfactorio: índice de condición 82/100 (intervalo 90 %: 65–98). Detecciones: 43 piel de cocodrilo, 1 baches. Rugosidad IRI 3.0 m/km. Contexto: hospital a 955 m, 7 siniestros a 250 m. Prioridad baja (34/100).",sellado_de_fisuras,rutinaria_12_meses,plantilla,det=detector_cpu;fusion=ensamble10,20260930-2219,91.7,bueno,Daño dominante: piel de cocodrilo; acción según estado satisfactorio.
785,TR-JA-0789,test,Japan,10,12001644,4.668192,-74.06205,d2g6d9v,57.4,2026-07-31 13:44,sim_gt,35,0,44,1,27.67,100.0,100.0,93.5,93.7,91.3,2.38,78.0,86.6,69.8,100.0,bueno,0.524,0.002,2.01,3.98,84.96,82.44,45.07,51.94,33.8,baja,4557.0,0,266.0,86,49.9,,26.7,"Segmento de 57 m en estado bueno: índice de condición 87/100 (intervalo 90 %: 70–100). Detecciones: 35 grietas longitudinales, 44 piel de cocodrilo, 1 baches. Rugosidad IRI 2.4 m/km. Contexto: hospital a 266 m, 86 siniestros a 250 m. Prioridad baja (34/100).",mantenimiento_rutinario,rutinaria_12_meses,plantilla,det=detector_cpu;fusion=ensamble10,20260930-2219,67.4,regular,Daño dominante: piel de cocodrilo; acción según estado bueno.
786,TR-IN-0296,test,India,10,9002038,4.67703,-74.13989,d2g68gk,102.2,2026-09-02 07:28,sim_gt,0,0,0,7,0.36,100.0,100.0,97.4,92.2,91.3,2.08,82.3,88.1,71.3,100.0,bueno,0.58,0.001,2.81,29.05,71.73,69.2,14.64,54.02,33.73,baja,521.0,0,177.0,57,29.0,1.0,25.41,"Segmento de 102 m en estado bueno: índice de condición 88/100 (intervalo 90 %: 71–100). Detecciones: 7 baches. Rugosidad IRI 2.1 m/km. Contexto: hospital a 177 m, 57 siniestros a 250 m. Prioridad baja (34/100).",mantenimiento_rutinario,rutinaria_12_meses,plantilla,det=detector_cpu;fusion=ensamble10,20260930-2219,97.3,bueno,Daño dominante: baches; acción según estado bueno.
787,TR-CZ-0005,test,Czech,10,8002336,4.640124,-74.16236,d2g62ks,74.8,2026-09-25 16:19,sim_gt,26,6,2,10,3.3,100.0,100.0,100.0,99.6,99.6,1.97,84.0,94.2,77.3,100.0,bueno,0.782,0.0,2.44,14.92,71.73,76.44,6.64,50.18,33.57,baja,47.0,5,336.0,61,21.0,1.3,23.42,"Segmento de 75 m en estado bueno: índice de condición 94/100 (intervalo 90 %: 77–100). Detecciones: 26 grietas longitudinales, 6 grietas transversales, 2 piel de cocodrilo, 10 baches. Rugosidad IRI 2.0 m/km. Contexto: colegio a 47 m, hospital a 336 m, 61 siniestros a 250 m. Prioridad baja (34/100).",mantenimiento_rutinario,rutinaria_12_meses,plantilla,det=detector_cpu;fusion=ensamble10,20260930-2219,87.5,bueno,Daño dominante: ninguno; acción según estado bueno.
788,T2-CZ-0020,despliegue,Czech,10,8006167,4.623913,-74.154491,d2g629f,150.0,2026-09-16 13:40,sim_pred,34,0,1,0,1.68,100.0,100.0,100.0,100.0,100.0,2.12,81.8,93.6,76.8,100.0,bueno,0.772,0.0,1.05,2.84,71.73,91.69,3.22,49.16,33.49,baja,206.0,6,202.0,100,16.8,0.6,33.87,"Segmento de 150 m en estado bueno: índice de condición 94/100 (intervalo 90 %: 77–100). Detecciones: 34 grietas longitudinales, 1 piel de cocodrilo. Rugosidad IRI 2.1 m/km. Contexto: colegio a 206 m, hospital a 202 m, 100 siniestros a 250 m. Prioridad baja (34/100).",mantenimiento_rutinario,rutinaria_12_meses,plantilla,det=detector_cpu;fusion=ensamble10,20260930-2219,,,Daño dominante: ninguno; acción según estado bueno.
789,T1-JA-0108,despliegue,Japan,10,4006981,4.563464,-74.06636,d2g3fwf,70.1,2026-08-15 07:34,sim_pred,21,0,11,5,5.37,100.0,100.0,84.8,77.8,72.5,5.43,45.1,62.9,46.1,79.7,regular,0.52,0.257,2.83,6.56,71.73,0.72,60.47,27.91,33.42,baja,5266.0,0,2009.0,0,63.1,0.0,23.01,"Segmento de 70 m en estado regular: índice de condición 63/100 (intervalo 90 %: 46–80). Detecciones: 21 grietas longitudinales, 11 piel de cocodrilo, 5 baches. Rugosidad IRI 5.4 m/km. Prioridad baja (33/100).",bacheo,rutinaria_12_meses,plantilla,det=detector_cpu;fusion=ensamble10,20260930-2219,,,Daño dominante: baches; acción según estado regular.
790,TR-CZ-0009,test,Czech,10,10011605,4.725179,-74.135583,d2g6ch0,116.5,2026-07-11 07:42,sim_gt,49,1,1,2,4.06,100.0,100.0,99.0,97.9,97.5,2.51,76.3,90.1,73.3,100.0,bueno,0.652,0.001,2.19,63.42,84.96,3.53,86.91,55.99,33.34,baja,255.0,4,1223.0,7,98.0,0.0,30.08,"Segmento de 116 m en estado bueno: índice de condición 90/100 (intervalo 90 %: 73–100). Detecciones: 49 grietas longitudinales, 1 grietas transversales, 1 piel de cocodrilo, 2 baches. Rugosidad IRI 2.5 m/km. Contexto: colegio a 255 m, 7 siniestros a 250 m. Prioridad baja (33/100).",mantenimiento_rutinario,rutinaria_12_meses,plantilla,det=detector_cpu;fusion=ensamble10,20260930-2219,86.1,bueno,Daño dominante: ninguno; acción según estado bueno.
791,T2-JA-0014,despliegue,Japan,10,16000179,4.631889,-74.119784,d2g6375,52.2,2026-07-30 16:44,sim_pred,38,0,5,3,4.7,100.0,100.0,91.2,93.9,89.1,3.76,60.9,79.2,62.4,96.1,satisfactorio,0.513,0.015,3.43,6.68,84.96,78.53,45.94,52.04,33.28,baja,2480.0,0,1057.0,73,50.5,0.0,28.14,"Segmento de 52 m en estado satisfactorio: índice de condición 79/100 (intervalo 90 %: 62–96). Detecciones: 38 grietas longitudinales, 5 piel de cocodrilo, 3 baches. Rugosidad IRI 3.8 m/km. Contexto: 73 siniestros a 250 m. Prioridad baja (33/100).",sellado_de_fisuras,rutinaria_12_meses,plantilla,det=detector_cpu;fusion=ensamble10,20260930-2219,,,Daño dominante: piel de cocodrilo; acción según estado satisfactorio.
792,TR-IN-0662,test,India,10,1000222,4.766907,-74.027215,d2g757z,66.7,2026-07-03 09:20,sim_gt,0,0,0,16,0.46,100.0,100.0,100.0,99.1,99.1,2.86,71.6,89.4,72.6,100.0,bueno,0.627,0.001,2.79,43.88,71.73,48.44,97.0,54.77,33.25,baja,8493.0,0,333.0,30,153.2,3.0,24.84,"Segmento de 67 m en estado bueno: índice de condición 89/100 (intervalo 90 %: 73–100). Detecciones: 16 baches. Rugosidad IRI 2.9 m/km. Contexto: hospital a 333 m, 30 siniestros a 250 m. Prioridad baja (33/100).",mantenimiento_rutinario,rutinaria_12_meses,plantilla,det=detector_cpu;fusion=ensamble10,20260930-2219,81.8,satisfactorio,Daño dominante: ninguno; acción según estado bueno.
793,TR-JA-0174,test,Japan,10,16002295,4.609015,-74.113308,d2g61x0,43.1,2026-06-24 07:57,sim_gt,46,0,43,4,20.98,100.0,100.0,92.1,97.2,91.1,2.75,73.0,84.8,67.9,100.0,satisfactorio,0.45,0.003,2.79,43.88,71.73,19.69,41.46,47.58,33.18,baja,2428.0,0,782.0,16,47.8,2.3,24.84,"Segmento de 43 m en estado satisfactorio: índice de condición 85/100 (intervalo 90 %: 68–100). Detecciones: 46 grietas longitudinales, 43 piel de cocodrilo, 4 baches. Rugosidad IRI 2.8 m/km. Contexto: hospital a 782 m, 16 siniestros a 250 m. Prioridad baja (33/100).",sellado_de_fisuras,rutinaria_12_meses,plantilla,det=detector_cpu;fusion=ensamble10,20260930-2219,78.4,satisfactorio,Daño dominante: piel de cocodrilo; acción según estado satisfactorio.
794,TR-IN-0688,test,India,10,18002868,4.567784,-74.122905,d2g3cr9,66.8,2026-06-11 13:06,sim_gt,3,0,1,9,3.26,100.0,100.0,100.0,98.2,98.2,3.27,66.5,87.1,70.3,100.0,bueno,0.544,0.001,1.8,43.88,71.73,33.27,61.53,50.97,33.11,baja,2873.0,0,498.0,22,64.9,0.0,24.84,"Segmento de 67 m en estado bueno: índice de condición 87/100 (intervalo 90 %: 70–100). Detecciones: 3 grietas longitudinales, 1 piel de cocodrilo, 9 baches. Rugosidad IRI 3.3 m/km. Contexto: hospital a 498 m, 22 siniestros a 250 m. Prioridad baja (33/100).",mantenimiento_rutinario,rutinaria_12_meses,plantilla,det=detector_cpu;fusion=ensamble10,20260930-2219,77.9,satisfactorio,Daño dominante: ninguno; acción según estado bueno.
795,T2-CZ-0016,despliegue,Czech,10,12002642,4.653387,-74.071028,d2g66rp,59.9,2026-07-03 10:56,sim_pred,15,5,1,1,2.13,100.0,100.0,97.4,98.3,96.8,4.31,55.1,82.2,65.4,99.0,satisfactorio,0.494,0.007,2.93,5.58,71.73,64.42,59.67,43.44,33.06,baja,4477.0,0,35.0,50,61.8,1.7,23.42,"Segmento de 60 m en estado satisfactorio: índice de condición 82/100 (intervalo 90 %: 65–99). Detecciones: 15 grietas longitudinales, 5 grietas transversales, 1 piel de cocodrilo, 1 baches. Rugosidad IRI 4.3 m/km. Contexto: hospital a 35 m, 50 siniestros a 250 m. Prioridad baja (33/100).",sellado_de_fisuras,rutinaria_12_meses,plantilla,det=detector_cpu;fusion=ensamble10,20260930-2219,,,Daño dominante: ninguno; acción según estado satisfactorio.
796,T1-IN-0040,despliegue,India,10,18004292,4.5596,-74.116328,d2g3cqn,44.4,2026-08-16 16:48,sim_pred,0,0,3,3,2.83,100.0,100.0,99.2,95.5,95.2,3.65,62.1,83.6,66.8,100.0,satisfactorio,0.468,0.005,3.31,43.88,71.73,10.81,26.1,45.36,32.98,baja,3338.0,0,502.0,10,38.4,0.0,25.6,"Segmento de 44 m en estado satisfactorio: índice de condición 84/100 (intervalo 90 %: 67–100). Detecciones: 3 piel de cocodrilo, 3 baches. Rugosidad IRI 3.6 m/km. Contexto: hospital a 502 m, 10 siniestros a 250 m. Prioridad baja (33/100).",sellado_de_fisuras,rutinaria_12_meses,plantilla,det=detector_cpu;fusion=ensamble10,20260930-2219,,,Daño dominante: ninguno; acción según estado satisfactorio.
797,T2-CZ-0025,despliegue,Czech,10,2000696,4.668214,-74.046698,d2g6e1b,64.7,2026-06-27 14:02,sim_pred,18,2,2,2,2.48,100.0,100.0,100.0,100.0,100.0,2.19,80.8,93.3,76.4,100.0,bueno,0.761,0.0,0.84,56.13,71.73,41.54,86.46,57.94,32.21,baja,6199.0,0,596.0,40,96.6,13.9,25.41,"Segmento de 65 m en estado bueno: índice de condición 93/100 (intervalo 90 %: 76–100). Detecciones: 18 grietas longitudinales, 2 grietas transversales, 2 piel de cocodrilo, 2 baches. Rugosidad IRI 2.2 m/km. Contexto: hospital a 596 m, 40 siniestros a 250 m. Prioridad baja (32/100).",mantenimiento_rutinario,rutinaria_12_meses,plantilla,det=detector_cpu;fusion=ensamble10,20260930-2219,,,Daño dominante: ninguno; acción según estado bueno.
798,TR-JA-0159,test,Japan,10,5010147,4.535161,-74.109721,d2g3c9d,48.6,2026-09-25 07:23,sim_gt,67,0,20,2,11.79,100.0,100.0,83.1,89.6,79.5,4.16,56.6,71.4,54.6,88.3,satisfactorio,0.432,0.072,2.79,21.12,71.73,16.39,15.63,37.65,32.19,baja,5734.0,0,1212.0,9,29.2,12.3,23.71,"Segmento de 49 m en estado satisfactorio: índice de condición 71/100 (intervalo 90 %: 55–88). Detecciones: 67 grietas longitudinales, 20 piel de cocodrilo, 2 baches. Rugosidad IRI 4.2 m/km. Contexto: 9 siniestros a 250 m. Prioridad baja (32/100).",sellado_de_fisuras,rutinaria_12_meses,plantilla,det=detector_cpu;fusion=ensamble10,20260930-2219,57.5,regular,Daño dominante: piel de cocodrilo; acción según estado satisfactorio.
799,TR-JA-0049,test,Japan,10,5000754,4.525469,-74.112088,d2g39xc,41.5,2026-07-10 13:56,sim_gt,35,0,17,4,6.1,100.0,100.0,83.5,96.0,82.1,2.83,72.0,78.5,61.7,95.4,satisfactorio,0.512,0.019,3.62,21.12,71.73,8.5,75.42,35.68,32.15,baja,6086.0,0,499.0,7,78.1,0.0,23.71,"Segmento de 42 m en estado satisfactorio: índice de condición 78/100 (intervalo 90 %: 62–95). Detecciones: 35 grietas longitudinales, 17 piel de cocodrilo, 4 baches. Rugosidad IRI 2.8 m/km. Contexto: hospital a 499 m, 7 siniestros a 250 m. Prioridad baja (32/100).",sellado_de_fisuras,rutinaria_12_meses,plantilla,det=detector_cpu;fusion=ensamble10,20260930-2219,77.7,satisfactorio,Daño dominante: piel de cocodrilo; acción según estado satisfactorio.
800,T2-CZ-0028,despliegue,Czech,10,1003527,4.725559,-74.03571,d2g6gk2,95.3,2026-06-03 07:36,sim_pred,4,0,0,1,0.62,100.0,100.0,100.0,99.0,99.0,1.93,84.6,94.0,77.2,100.0,bueno,0.776,0.0,2.66,71.86,71.73,18.85,98.71,58.56,32.03,baja,7212.0,0,707.0,17,165.6,3.1,27.87,"Segmento de 95 m en estado bueno: índice de condición 94/100 (intervalo 90 %: 77–100). Detecciones: 4 grietas longitudinales, 1 baches. Rugosidad IRI 1.9 m/km. Contexto: hospital a 707 m, 17 siniestros a 250 m. Prioridad baja (32/100).",mantenimiento_rutinario,rutinaria_12_meses,plantilla,det=detector_cpu;fusion=ensamble10,20260930-2219,,,Daño dominante: ninguno; acción según estado bueno.
801,TR-CZ-0008,test,Czech,10,9003257,4.666708,-74.12418,d2g6938,150.0,2026-06-03 10:16,sim_gt,73,1,0,1,2.69,100.0,100.0,100.0,97.8,97.8,2.64,74.4,89.6,72.8,100.0,bueno,0.635,0.001,2.09,52.22,71.73,23.18,52.73,51.79,31.96,baja,946.0,0,397.0,18,55.8,0.5,25.13,"Segmento de 150 m en estado bueno: índice de condición 90/100 (intervalo 90 %: 73–100). Detecciones: 73 grietas longitudinales, 1 grietas transversales, 1 baches. Rugosidad IRI 2.6 m/km. Contexto: hospital a 397 m, 18 siniestros a 250 m. Prioridad baja (32/100).",mantenimiento_rutinario,rutinaria_12_meses,plantilla,det=detector_cpu;fusion=ensamble10,20260930-2219,71.5,satisfactorio,Daño dominante: ninguno; acción según estado bueno.
802,T2-CZ-0014,despliegue,Czech,10,4005072,4.543531,-74.097063,d2g3cgh,88.8,2026-06-04 12:29,sim_pred,25,0,1,3,2.4,100.0,100.0,96.9,83.5,82.4,4.01,58.2,73.9,57.1,90.8,satisfactorio,0.476,0.048,3.44,28.45,71.73,15.52,49.77,40.36,31.79,baja,5077.0,0,1014.0,11,52.2,4.5,24.62,"Segmento de 89 m en estado satisfactorio: índice de condición 74/100 (intervalo 90 %: 57–91). Detecciones: 25 grietas longitudinales, 1 piel de cocodrilo, 3 baches. Rugosidad IRI 4.0 m/km. Contexto: 11 siniestros a 250 m. Prioridad baja (32/100).",sellado_de_fisuras,rutinaria_12_meses,plantilla,det=detector_cpu;fusion=ensamble10,20260930-2219,,,Daño dominante: baches; acción según estado satisfactorio.
803,T2-IN-0001,despliegue,India,10,1007244,4.704375,-74.026415,d2g6g2r,40.8,2026-07-26 09:53,sim_pred,12,0,3,2,3.12,100.0,100.0,96.6,92.8,91.6,4.57,52.6,78.0,61.1,94.8,satisfactorio,0.518,0.02,3.04,14.92,71.73,9.07,99.73,33.34,31.55,baja,8701.0,0,559.0,12,186.1,0.0,23.42,"Segmento de 41 m en estado satisfactorio: índice de condición 78/100 (intervalo 90 %: 61–95). Detecciones: 12 grietas longitudinales, 3 piel de cocodrilo, 2 baches. Rugosidad IRI 4.6 m/km. Contexto: hospital a 559 m, 12 siniestros a 250 m. Prioridad baja (32/100).",sellado_de_fisuras,rutinaria_12_meses,plantilla,det=detector_cpu;fusion=ensamble10,20260930-2219,,,Daño dominante: baches; acción según estado satisfactorio.
804,T2-CZ-0008,despliegue,Czech,10,13001768,4.631173,-74.083371,d2g665n,61.4,2026-07-14 09:16,sim_pred,10,5,1,1,2.14,100.0,100.0,100.0,100.0,100.0,3.4,65.0,87.7,70.9,100.0,bueno,0.567,0.001,1.92,3.67,71.73,83.69,43.66,47.5,31.35,baja,5452.0,0,425.0,84,48.9,1.6,22.85,"Segmento de 61 m en estado bueno: índice de condición 88/100 (intervalo 90 %: 71–100). Detecciones: 10 grietas longitudinales, 5 grietas transversales, 1 piel de cocodrilo, 1 baches. Rugosidad IRI 3.4 m/km. Contexto: hospital a 425 m, 84 siniestros a 250 m. Prioridad baja (31/100).",mantenimiento_rutinario,rutinaria_12_meses,plantilla,det=detector_cpu;fusion=ensamble10,20260930-2219,,,Daño dominante: ninguno; acción según estado bueno.
805,T2-JA-0002,despliegue,Japan,10,5006476,4.492636,-74.101628,d2g39cb,40.3,2026-07-22 13:46,sim_pred,35,0,7,1,10.6,100.0,100.0,93.2,98.8,92.8,2.8,72.3,85.6,68.8,100.0,satisfactorio,0.437,0.002,1.29,43.88,71.73,4.51,80.39,43.78,31.13,baja,8252.0,0,937.0,3,81.2,7.4,24.84,"Segmento de 40 m en estado satisfactorio: índice de condición 86/100 (intervalo 90 %: 69–100). Detecciones: 35 grietas longitudinales, 7 piel de cocodrilo, 1 baches. Rugosidad IRI 2.8 m/km. Contexto: hospital a 937 m, 3 siniestros a 250 m. Prioridad baja (31/100).",sellado_de_fisuras,rutinaria_12_meses,plantilla,det=detector_cpu;fusion=ensamble10,20260930-2219,,,Daño dominante: piel de cocodrilo; acción según estado satisfactorio.
806,TR-CZ-0152,test,Czech,10,6001766,4.556687,-74.124205,d2g3cm8,50.1,2026-06-18 09:56,sim_gt,11,1,1,2,2.77,100.0,100.0,100.0,100.0,100.0,1.88,85.3,94.9,78.0,100.0,bueno,0.805,0.0,1.31,25.98,84.96,66.88,59.22,56.85,30.83,baja,3123.0,0,332.0,54,61.7,10.0,28.18,"Segmento de 50 m en estado bueno: índice de condición 95/100 (intervalo 90 %: 78–100). Detecciones: 11 grietas longitudinales, 1 grietas transversales, 1 piel de cocodrilo, 2 baches. Rugosidad IRI 1.9 m/km. Contexto: hospital a 332 m, 54 siniestros a 250 m. Prioridad baja (31/100).",mantenimiento_rutinario,rutinaria_12_meses,plantilla,det=detector_cpu;fusion=ensamble10,20260930-2219,91.4,bueno,Daño dominante: ninguno; acción según estado bueno.
807,T2-CZ-0011,despliegue,Czech,10,7000099,4.641509,-74.197041,d2g4rsg,125.8,2026-07-23 15:16,sim_pred,60,0,0,2,1.78,100.0,100.0,100.0,96.7,96.7,3.19,67.4,86.5,69.6,100.0,bueno,0.518,0.002,2.46,71.86,71.73,10.81,13.51,56.55,30.74,baja,561.0,0,1399.0,8,28.4,0.8,27.17,"Segmento de 126 m en estado bueno: índice de condición 86/100 (intervalo 90 %: 70–100). Detecciones: 60 grietas longitudinales, 2 baches. Rugosidad IRI 3.2 m/km. Contexto: 8 siniestros a 250 m. Prioridad baja (31/100).",mantenimiento_rutinario,rutinaria_12_meses,plantilla,det=detector_cpu;fusion=ensamble10,20260930-2219,,,Daño dominante: ninguno; acción según estado bueno.
808,T1-JA-0131,despliegue,Japan,3,4006596,4.525811,-74.094357,d2g39zy,80.7,2026-09-21 10:25,sim_pred,3,0,5,0,13.66,100.0,100.0,76.1,96.9,75.0,4.29,55.3,68.1,51.3,84.9,regular,0.458,0.144,4.98,6.56,71.73,2.12,51.1,28.26,30.45,baja,7067.0,0,1180.0,2,53.9,14.9,23.01,"Segmento de 81 m en estado regular: índice de condición 68/100 (intervalo 90 %: 51–85). Detecciones: 3 grietas longitudinales, 5 piel de cocodrilo. Rugosidad IRI 4.3 m/km. Contexto: 2 siniestros a 250 m. Prioridad baja (30/100).",parcheo,rutinaria_12_meses,plantilla,det=detector_cpu;fusion=ensamble10,20260930-2219,,,Daño dominante: piel de cocodrilo; acción según estado regular.
809,T2-CZ-0021,despliegue,Czech,10,10006269,4.696889,-74.114717,d2g69rp,48.7,2026-08-24 08:06,sim_pred,43,2,2,3,5.36,100.0,100.0,100.0,100.0,100.0,2.74,73.0,90.6,73.7,100.0,bueno,0.672,0.0,1.14,43.88,71.73,26.48,38.47,49.27,30.37,baja,325.0,1,503.0,20,44.8,0.0,24.84,"Segmento de 49 m en estado bueno: índice de condición 91/100 (intervalo 90 %: 74–100). Detecciones: 43 grietas longitudinales, 2 grietas transversales, 2 piel de cocodrilo, 3 baches. Rugosidad IRI 2.7 m/km. Contexto: colegio a 325 m, hospital a 503 m, 20 siniestros a 250 m. Prioridad baja (30/100).",mantenimiento_rutinario,rutinaria_12_meses,plantilla,det=detector_cpu;fusion=ensamble10,20260930-2219,,,Daño dominante: ninguno; acción según estado bueno.
810,T1-IN-0008,despliegue,India,10,1001421,4.747142,-74.038422,d2g750n,90.4,2026-08-07 13:05,sim_pred,0,0,9,2,6.19,100.0,100.0,96.7,87.6,86.5,2.75,73.0,81.7,64.9,98.6,satisfactorio,0.482,0.01,4.43,14.92,71.73,17.87,95.52,35.54,30.17,baja,6764.0,0,383.0,14,136.6,2.2,24.18,"Segmento de 90 m en estado satisfactorio: índice de condición 82/100 (intervalo 90 %: 65–99). Detecciones: 9 piel de cocodrilo, 2 baches. Rugosidad IRI 2.8 m/km. Contexto: hospital a 383 m, 14 siniestros a 250 m. Prioridad baja (30/100).",sellado_de_fisuras,rutinaria_12_meses,plantilla,det=detector_cpu;fusion=ensamble10,20260930-2219,,,Daño dominante: baches; acción según estado satisfactorio.
811,TR-CZ-0036,test,Czech,10,16001857,4.612921,-74.11587,d2g61ry,58.1,2026-07-25 16:20,sim_gt,32,0,11,3,8.95,100.0,100.0,100.0,100.0,100.0,2.55,75.6,91.5,74.6,100.0,bueno,0.701,0.0,1.66,43.88,71.73,78.15,35.93,62.19,30.0,baja,2930.0,0,1177.0,50,43.5,0.0,24.84,"Segmento de 58 m en estado bueno: índice de condición 92/100 (intervalo 90 %: 75–100). Detecciones: 32 grietas longitudinales, 11 piel de cocodrilo, 3 baches. Rugosidad IRI 2.5 m/km. Contexto: 50 siniestros a 250 m. Prioridad baja (30/100).",mantenimiento_rutinario,rutinaria_12_meses,plantilla,det=detector_cpu;fusion=ensamble10,20260930-2219,83.9,satisfactorio,Daño dominante: ninguno; acción según estado bueno.
812,TR-IN-0765,test,India,10,8010763,4.605097,-74.175221,d2g60n7,44.7,2026-07-08 09:23,sim_gt,0,0,0,18,1.03,100.0,100.0,97.8,93.3,92.6,3.77,60.8,81.4,64.6,98.3,satisfactorio,0.491,0.01,3.97,21.12,71.73,3.91,26.56,34.53,29.95,baja,320.0,5,826.0,4,38.7,4.5,23.71,"Segmento de 45 m en estado satisfactorio: índice de condición 81/100 (intervalo 90 %: 65–98). Detecciones: 18 baches. Rugosidad IRI 3.8 m/km. Contexto: colegio a 320 m, hospital a 826 m, 4 siniestros a 250 m. Prioridad baja (30/100).",sellado_de_fisuras,rutinaria_12_meses,plantilla,det=detector_cpu;fusion=ensamble10,20260930-2219,87.3,bueno,Daño dominante: baches; acción según estado satisfactorio.
813,T2-CZ-0022,despliegue,Czech,10,19012261,4.534073,-74.144504,d2g3bc3,94.9,2026-09-16 12:36,sim_pred,26,0,4,2,5.14,100.0,100.0,95.2,87.8,86.1,3.25,66.7,79.3,62.5,96.2,satisfactorio,0.495,0.019,4.64,6.56,71.73,14.49,18.59,31.35,29.93,baja,2401.0,0,277.0,12,31.3,25.3,23.01,"Segmento de 95 m en estado satisfactorio: índice de condición 79/100 (intervalo 90 %: 62–96). Detecciones: 26 grietas longitudinales, 4 piel de cocodrilo, 2 baches. Rugosidad IRI 3.2 m/km. Contexto: hospital a 277 m, 12 siniestros a 250 m. Prioridad baja (30/100).",sellado_de_fisuras,rutinaria_12_meses,plantilla,det=detector_cpu;fusion=ensamble10,20260930-2219,,,Daño dominante: baches; acción según estado satisfactorio.
814,T1-CZ-0011,despliegue,Czech,10,12000672,4.677117,-74.082355,d2g6d5q,86.9,2026-08-29 08:42,sim_pred,20,0,3,3,3.89,100.0,100.0,100.0,97.5,97.5,2.72,73.4,89.1,72.3,100.0,bueno,0.615,0.001,2.64,28.29,71.73,38.01,41.96,45.92,29.92,baja,2128.0,0,914.0,28,47.8,0.0,24.57,"Segmento de 87 m en estado bueno: índice de condición 89/100 (intervalo 90 %: 72–100). Detecciones: 20 grietas longitudinales, 3 piel de cocodrilo, 3 baches. Rugosidad IRI 2.7 m/km. Contexto: hospital a 914 m, 28 siniestros a 250 m. Prioridad baja (30/100).",mantenimiento_rutinario,rutinaria_12_meses,plantilla,det=detector_cpu;fusion=ensamble10,20260930-2219,,,Daño dominante: ninguno; acción según estado bueno.
815,TR-CZ-0150,test,Czech,10,19006539,4.562198,-74.153113,d2g3bwe,41.1,2026-08-11 13:23,sim_gt,4,0,0,0,0.4,100.0,100.0,100.0,100.0,100.0,2.7,73.7,90.8,74.0,100.0,bueno,0.679,0.0,1.44,52.22,71.73,8.5,17.19,48.12,29.78,baja,613.0,0,410.0,7,29.9,0.0,25.13,"Segmento de 41 m en estado bueno: índice de condición 91/100 (intervalo 90 %: 74–100). Detecciones: 4 grietas longitudinales. Rugosidad IRI 2.7 m/km. Contexto: hospital a 410 m, 7 siniestros a 250 m. Prioridad baja (30/100).",mantenimiento_rutinario,rutinaria_12_meses,plantilla,det=detector_cpu;fusion=ensamble10,20260930-2219,88.2,bueno,Daño dominante: ninguno; acción según estado bueno.
816,TR-CZ-0037,test,Czech,10,7001663,4.625817,-74.200501,d2g4rd0,52.4,2026-08-09 09:00,sim_gt,7,0,1,8,1.84,100.0,100.0,100.0,100.0,100.0,1.92,84.7,94.7,77.8,100.0,bueno,0.802,0.0,0.59,43.88,71.73,44.8,2.69,53.86,29.75,baja,191.0,9,1033.0,24,16.3,5.7,24.84,"Segmento de 52 m en estado bueno: índice de condición 95/100 (intervalo 90 %: 78–100). Detecciones: 7 grietas longitudinales, 1 piel de cocodrilo, 8 baches. Rugosidad IRI 1.9 m/km. Contexto: colegio a 191 m, 24 siniestros a 250 m. Prioridad baja (30/100).",mantenimiento_rutinario,rutinaria_12_meses,plantilla,det=detector_cpu;fusion=ensamble10,20260930-2219,94.0,bueno,Daño dominante: ninguno; acción según estado bueno.
817,T2-JA-0042,despliegue,Japan,10,10011618,4.725196,-74.131523,d2g6ch5,150.0,2026-08-09 14:34,sim_pred,38,0,14,9,18.66,100.0,100.0,89.4,89.7,85.8,3.59,62.7,77.7,60.9,94.6,satisfactorio,0.516,0.021,3.2,6.56,71.73,2.12,67.41,28.26,29.66,baja,130.0,2,1479.0,2,71.1,0.0,23.01,"Segmento de 150 m en estado satisfactorio: índice de condición 78/100 (intervalo 90 %: 61–95). Detecciones: 38 grietas longitudinales, 14 piel de cocodrilo, 9 baches. Rugosidad IRI 3.6 m/km. Contexto: colegio a 130 m, 2 siniestros a 250 m. Prioridad baja (30/100).",sellado_de_fisuras,rutinaria_12_meses,plantilla,det=detector_cpu;fusion=ensamble10,20260930-2219,,,Daño dominante: piel de cocodrilo; acción según estado satisfactorio.
818,TR-CZ-0006,test,Czech,10,3001607,4.583826,-74.070331,d2g646r,54.6,2026-07-20 14:23,sim_gt,62,1,2,0,3.86,100.0,100.0,100.0,100.0,100.0,2.11,81.9,93.7,76.8,100.0,bueno,0.769,0.0,2.24,57.95,71.73,12.03,85.43,51.29,29.31,baja,4084.0,0,416.0,6,91.4,0.0,25.47,"Segmento de 55 m en estado bueno: índice de condición 94/100 (intervalo 90 %: 77–100). Detecciones: 62 grietas longitudinales, 1 grietas transversales, 2 piel de cocodrilo. Rugosidad IRI 2.1 m/km. Contexto: hospital a 416 m, 6 siniestros a 250 m. Prioridad baja (29/100).",mantenimiento_rutinario,rutinaria_12_meses,plantilla,det=detector_cpu;fusion=ensamble10,20260930-2219,80.0,satisfactorio,Daño dominante: ninguno; acción según estado bueno.
819,T1-CZ-0005,despliegue,Czech,10,7000404,4.636373,-74.194701,d2g4rsj,68.9,2026-06-15 14:01,sim_pred,59,1,2,1,3.63,100.0,100.0,100.0,97.1,97.1,2.17,81.0,91.5,74.6,100.0,bueno,0.698,0.0,2.7,14.92,71.73,17.03,76.67,35.33,29.25,baja,164.0,3,785.0,11,78.9,0.0,23.42,"Segmento de 69 m en estado bueno: índice de condición 92/100 (intervalo 90 %: 75–100). Detecciones: 59 grietas longitudinales, 1 grietas transversales, 2 piel de cocodrilo, 1 baches. Rugosidad IRI 2.2 m/km. Contexto: colegio a 164 m, hospital a 785 m, 11 siniestros a 250 m. Prioridad baja (29/100).",mantenimiento_rutinario,rutinaria_12_meses,plantilla,det=detector_cpu;fusion=ensamble10,20260930-2219,,,Daño dominante: ninguno; acción según estado bueno.
820,T1-CZ-0010,despliegue,Czech,10,19014888,4.582348,-74.179851,d2g4pfp,60.1,2026-08-18 11:40,sim_pred,17,0,0,0,0.85,100.0,100.0,100.0,97.6,97.6,2.81,72.2,88.7,71.9,100.0,bueno,0.601,0.001,2.69,6.56,71.73,9.83,8.5,30.18,28.84,baja,53.0,15,977.0,11,23.1,8.3,23.01,"Segmento de 60 m en estado bueno: índice de condición 89/100 (intervalo 90 %: 72–100). Detecciones: 17 grietas longitudinales. Rugosidad IRI 2.8 m/km. Contexto: colegio a 53 m, hospital a 977 m, 11 siniestros a 250 m. Prioridad baja (29/100).",mantenimiento_rutinario,rutinaria_12_meses,plantilla,det=detector_cpu;fusion=ensamble10,20260930-2219,,,Daño dominante: ninguno; acción según estado bueno.
821,TR-JA-0255,test,Japan,10,4005682,4.539171,-74.094964,d2g3cfm,117.7,2026-09-22 14:32,sim_gt,22,0,2,2,5.75,100.0,100.0,85.4,89.6,81.7,3.57,63.0,75.2,58.3,92.0,satisfactorio,0.507,0.033,2.02,21.12,71.73,4.51,14.87,34.68,28.78,baja,5602.0,0,1282.0,3,29.0,13.6,23.71,"Segmento de 118 m en estado satisfactorio: índice de condición 75/100 (intervalo 90 %: 58–92). Detecciones: 22 grietas longitudinales, 2 piel de cocodrilo, 2 baches. Rugosidad IRI 3.6 m/km. Contexto: 3 siniestros a 250 m. Prioridad baja (29/100).",sellado_de_fisuras,rutinaria_12_meses,plantilla,det=detector_cpu;fusion=ensamble10,20260930-2219,63.4,regular,Daño dominante: piel de cocodrilo; acción según estado satisfactorio.
822,TR-IN-0194,test,India,10,19013963,4.563344,-74.153779,d2g3bwd,138.6,2026-07-13 15:08,sim_gt,0,0,0,6,0.26,100.0,100.0,100.0,94.7,94.7,3.52,63.5,83.8,67.0,100.0,satisfactorio,0.47,0.004,2.65,3.67,88.17,9.07,25.46,34.6,28.56,baja,552.0,0,496.0,8,38.3,15.9,34.47,"Segmento de 139 m en estado satisfactorio: índice de condición 84/100 (intervalo 90 %: 67–100). Detecciones: 6 baches. Rugosidad IRI 3.5 m/km. Contexto: hospital a 496 m, 8 siniestros a 250 m. Prioridad baja (29/100).",sellado_de_fisuras,rutinaria_12_meses,plantilla,det=detector_cpu;fusion=ensamble10,20260930-2219,81.7,satisfactorio,Daño dominante: baches; acción según estado satisfactorio.
823,TR-IN-0089,test,India,10,6001551,4.562431,-74.13537,d2g3cn8,147.7,2026-07-25 07:22,sim_gt,0,0,0,1,0.05,100.0,100.0,100.0,96.5,96.5,2.88,71.3,87.7,70.9,100.0,bueno,0.564,0.001,2.79,26.66,71.73,17.87,35.93,40.23,28.47,baja,1743.0,0,452.0,9,43.5,0.7,24.28,"Segmento de 148 m en estado bueno: índice de condición 88/100 (intervalo 90 %: 71–100). Detecciones: 1 baches. Rugosidad IRI 2.9 m/km. Contexto: hospital a 452 m, 9 siniestros a 250 m. Prioridad baja (28/100).",mantenimiento_rutinario,rutinaria_12_meses,plantilla,det=detector_cpu;fusion=ensamble10,20260930-2219,93.4,bueno,Daño dominante: ninguno; acción según estado bueno.
824,T1-JA-0024,despliegue,Japan,10,1005782,4.685273,-74.02692,d2g6ekz,75.6,2026-07-04 09:21,sim_pred,73,0,19,1,7.08,100.0,100.0,83.5,94.3,81.6,4.73,51.1,70.9,54.1,87.7,regular,0.424,0.079,2.75,2.8,71.73,1.14,92.75,26.51,28.06,baja,8251.0,0,1294.0,1,117.6,22.5,20.67,"Segmento de 76 m en estado regular: índice de condición 71/100 (intervalo 90 %: 54–88). Detecciones: 73 grietas longitudinales, 19 piel de cocodrilo, 1 baches. Rugosidad IRI 4.7 m/km. Contexto: 1 siniestros a 250 m. Prioridad baja (28/100).",parcheo,rutinaria_12_meses,plantilla,det=detector_cpu;fusion=ensamble10,20260930-2219,,,Daño dominante: piel de cocodrilo; acción según estado regular.
825,TR-CZ-0113,test,Czech,10,19013484,4.585672,-74.177542,d2g604c,64.5,2026-08-27 07:42,sim_gt,17,0,1,3,1.74,100.0,100.0,100.0,100.0,100.0,2.21,80.4,93.1,76.3,100.0,bueno,0.755,0.0,1.76,21.12,71.73,2.96,6.03,34.29,27.83,baja,298.0,13,650.0,2,20.7,23.3,23.71,"Segmento de 64 m en estado bueno: índice de condición 93/100 (intervalo 90 %: 76–100). Detecciones: 17 grietas longitudinales, 1 piel de cocodrilo, 3 baches. Rugosidad IRI 2.2 m/km. Contexto: colegio a 298 m, hospital a 650 m, 2 siniestros a 250 m. Prioridad baja (28/100).",mantenimiento_rutinario,rutinaria_12_meses,plantilla,det=detector_cpu;fusion=ensamble10,20260930-2219,96.2,bueno,Daño dominante: ninguno; acción según estado bueno.
826,T1-CZ-0008,despliegue,Czech,10,1003704,4.72251,-74.042756,d2g6g5e,46.5,2026-08-26 12:49,sim_pred,14,0,2,3,3.47,100.0,100.0,100.0,99.3,99.3,2.92,70.8,89.3,72.5,100.0,bueno,0.624,0.001,2.7,14.92,71.73,39.76,91.24,41.01,27.81,baja,6549.0,0,288.0,32,114.3,0.0,24.37,"Segmento de 46 m en estado bueno: índice de condición 89/100 (intervalo 90 %: 72–100). Detecciones: 14 grietas longitudinales, 2 piel de cocodrilo, 3 baches. Rugosidad IRI 2.9 m/km. Contexto: hospital a 288 m, 32 siniestros a 250 m. Prioridad baja (28/100).",mantenimiento_rutinario,rutinaria_12_meses,plantilla,det=detector_cpu;fusion=ensamble10,20260930-2219,,,Daño dominante: ninguno; acción según estado bueno.
827,T1-IN-0084,despliegue,India,10,19015993,4.508009,-74.146185,d2g38u8,52.7,2026-09-15 14:09,sim_pred,0,0,1,2,2.9,100.0,100.0,100.0,90.8,90.8,3.88,59.5,79.9,63.0,96.7,satisfactorio,0.509,0.014,3.57,21.12,71.73,19.69,45.6,38.47,27.47,baja,3091.0,0,2178.0,9,50.2,0.0,23.71,"Segmento de 53 m en estado satisfactorio: índice de condición 80/100 (intervalo 90 %: 63–97). Detecciones: 1 piel de cocodrilo, 2 baches. Rugosidad IRI 3.9 m/km. Contexto: 9 siniestros a 250 m. Prioridad baja (28/100).",sellado_de_fisuras,rutinaria_12_meses,plantilla,det=detector_cpu;fusion=ensamble10,20260930-2219,,,Daño dominante: baches; acción según estado satisfactorio.
828,TR-IN-0113,test,India,10,16001063,4.619744,-74.103502,d2g638z,91.0,2026-07-14 16:55,sim_gt,10,0,9,5,8.28,100.0,100.0,93.4,99.6,93.2,3.62,62.4,82.4,65.6,99.3,satisfactorio,0.493,0.006,2.68,1.89,71.73,61.61,43.66,41.26,27.04,baja,3537.0,0,1367.0,50,48.9,1.1,20.54,"Segmento de 91 m en estado satisfactorio: índice de condición 82/100 (intervalo 90 %: 66–99). Detecciones: 10 grietas longitudinales, 9 piel de cocodrilo, 5 baches. Rugosidad IRI 3.6 m/km. Contexto: 50 siniestros a 250 m. Prioridad baja (27/100).",sellado_de_fisuras,rutinaria_12_meses,plantilla,det=detector_cpu;fusion=ensamble10,20260930-2219,73.7,satisfactorio,Daño dominante: piel de cocodrilo; acción según estado satisfactorio.
829,T2-CZ-0033,despliegue,Czech,10,4006312,4.532058,-74.090273,d2g3f11,86.8,2026-09-24 11:26,sim_pred,27,0,0,4,1.41,100.0,100.0,100.0,99.5,99.5,2.14,81.4,93.2,76.4,100.0,bueno,0.752,0.0,2.79,43.88,88.17,29.21,44.65,55.71,26.37,baja,6502.0,0,1557.0,15,49.5,0.0,37.22,"Segmento de 87 m en estado bueno: índice de condición 93/100 (intervalo 90 %: 76–100). Detecciones: 27 grietas longitudinales, 4 baches. Rugosidad IRI 2.1 m/km. Contexto: 15 siniestros a 250 m. Prioridad baja (26/100).",mantenimiento_rutinario,rutinaria_12_meses,plantilla,det=detector_cpu;fusion=ensamble10,20260930-2219,,,Daño dominante: ninguno; acción según estado bueno.
830,T2-CZ-0010,despliegue,Czech,10,3001650,4.583429,-74.076967,d2g6466,43.6,2026-08-03 14:14,sim_pred,61,1,2,2,4.04,100.0,100.0,100.0,99.3,99.3,3.04,69.3,88.8,72.0,100.0,bueno,0.605,0.001,2.25,14.92,71.73,21.4,64.42,36.42,26.29,baja,3361.0,0,454.0,16,68.7,16.1,24.18,"Segmento de 44 m en estado bueno: índice de condición 89/100 (intervalo 90 %: 72–100). Detecciones: 61 grietas longitudinales, 1 grietas transversales, 2 piel de cocodrilo, 2 baches. Rugosidad IRI 3.0 m/km. Contexto: hospital a 454 m, 16 siniestros a 250 m. Prioridad baja (26/100).",mantenimiento_rutinario,rutinaria_12_meses,plantilla,det=detector_cpu;fusion=ensamble10,20260930-2219,,,Daño dominante: ninguno; acción según estado bueno.
831,TR-JA-0578,test,Japan,10,11001237,4.755521,-74.051018,d2g74ct,78.9,2026-09-17 10:03,sim_gt,29,0,30,8,19.64,100.0,100.0,87.2,91.6,84.3,2.14,81.5,83.3,66.5,100.0,satisfactorio,0.481,0.005,2.41,1.56,71.73,7.66,89.8,27.64,26.09,baja,5587.0,0,724.0,10,107.5,,17.09,"Segmento de 79 m en estado satisfactorio: índice de condición 83/100 (intervalo 90 %: 66–100). Detecciones: 29 grietas longitudinales, 30 piel de cocodrilo, 8 baches. Rugosidad IRI 2.1 m/km. Contexto: hospital a 724 m, 10 siniestros a 250 m. Prioridad baja (26/100).",sellado_de_fisuras,rutinaria_12_meses,plantilla,det=detector_cpu;fusion=ensamble10,20260930-2219,78.7,satisfactorio,Daño dominante: piel de cocodrilo; acción según estado satisfactorio.
832,TR-CZ-0247,test,Czech,10,12001776,4.666861,-74.068276,d2g6d99,67.0,2026-06-15 16:05,sim_gt,47,0,1,5,3.11,100.0,100.0,100.0,100.0,100.0,1.91,84.9,94.7,77.9,100.0,bueno,0.803,0.0,0.51,14.92,71.73,53.87,81.53,44.54,25.98,baja,3960.0,0,64.0,35,81.6,1.5,23.42,"Segmento de 67 m en estado bueno: índice de condición 95/100 (intervalo 90 %: 78–100). Detecciones: 47 grietas longitudinales, 1 piel de cocodrilo, 5 baches. Rugosidad IRI 1.9 m/km. Contexto: hospital a 64 m, 35 siniestros a 250 m. Prioridad baja (26/100).",mantenimiento_rutinario,rutinaria_12_meses,plantilla,det=detector_cpu;fusion=ensamble10,20260930-2219,93.0,bueno,Daño dominante: ninguno; acción según estado bueno.
833,TR-JA-0171,test,Japan,10,8004547,4.630206,-74.163708,d2g626g,96.0,2026-06-14 10:38,sim_gt,18,0,9,7,7.53,99.8,100.0,88.9,98.9,88.5,2.26,79.7,85.4,68.6,100.0,satisfactorio,0.441,0.002,1.85,1.46,71.73,12.71,74.05,28.87,25.32,baja,307.0,3,496.0,10,77.3,2.1,16.39,"Segmento de 96 m en estado satisfactorio: índice de condición 85/100 (intervalo 90 %: 69–100). Detecciones: 18 grietas longitudinales, 9 piel de cocodrilo, 7 baches. Rugosidad IRI 2.3 m/km. Contexto: colegio a 307 m, hospital a 496 m, 10 siniestros a 250 m. Prioridad baja (25/100).",sellado_de_fisuras,rutinaria_12_meses,plantilla,det=detector_cpu;fusion=ensamble10,20260930-2219,79.2,satisfactorio,Daño dominante: piel de cocodrilo; acción según estado satisfactorio.
834,TR-JA-0173,test,Japan,10,1005364,4.691475,-74.042703,d2g6en5,69.2,2026-07-29 12:36,sim_gt,19,0,6,1,3.96,100.0,100.0,100.0,100.0,100.0,2.58,75.2,91.3,74.5,100.0,bueno,0.697,0.0,1.49,14.92,84.96,7.66,89.0,37.62,25.26,baja,6596.0,0,219.0,10,104.2,4.3,28.16,"Segmento de 69 m en estado bueno: índice de condición 91/100 (intervalo 90 %: 74–100). Detecciones: 19 grietas longitudinales, 6 piel de cocodrilo, 1 baches. Rugosidad IRI 2.6 m/km. Contexto: hospital a 219 m, 10 siniestros a 250 m. Prioridad baja (25/100).",mantenimiento_rutinario,rutinaria_12_meses,plantilla,det=detector_cpu;fusion=ensamble10,20260930-2219,90.5,bueno,Daño dominante: ninguno; acción según estado bueno.
835,T2-CZ-0018,despliegue,Czech,10,11006518,4.733452,-74.080748,d2g6fm8,87.9,2026-08-19 16:16,sim_pred,30,2,0,4,1.39,100.0,100.0,100.0,100.0,100.0,2.76,72.9,90.5,73.7,100.0,bueno,0.669,0.0,1.68,21.12,71.73,57.97,69.04,48.04,24.91,baja,2171.0,0,1095.0,42,72.0,15.9,23.71,"Segmento de 88 m en estado bueno: índice de condición 90/100 (intervalo 90 %: 74–100). Detecciones: 30 grietas longitudinales, 2 grietas transversales, 4 baches. Rugosidad IRI 2.8 m/km. Contexto: 42 siniestros a 250 m. Prioridad baja (25/100).",mantenimiento_rutinario,rutinaria_12_meses,plantilla,det=detector_cpu;fusion=ensamble10,20260930-2219,,,Daño dominante: ninguno; acción según estado bueno.
836,TR-CZ-0112,test,Czech,10,3000292,4.615188,-74.065539,d2g6685,40.5,2026-06-20 13:25,sim_gt,7,2,0,5,0.9,100.0,100.0,100.0,100.0,100.0,1.99,83.6,94.3,77.4,100.0,bueno,0.791,0.0,0.55,6.68,71.73,45.45,72.19,39.14,24.09,baja,5486.0,0,534.0,33,75.6,0.0,23.15,"Segmento de 40 m en estado bueno: índice de condición 94/100 (intervalo 90 %: 77–100). Detecciones: 7 grietas longitudinales, 2 grietas transversales, 5 baches. Rugosidad IRI 2.0 m/km. Contexto: hospital a 534 m, 33 siniestros a 250 m. Prioridad baja (24/100).",mantenimiento_rutinario,rutinaria_12_meses,plantilla,det=detector_cpu;fusion=ensamble10,20260930-2219,96.2,bueno,Daño dominante: ninguno; acción según estado bueno.
837,TR-IN-0749,test,India,10,19007872,4.554479,-74.159573,d2g3bmn,143.1,2026-06-04 12:54,sim_gt,2,0,0,9,0.79,100.0,100.0,100.0,98.8,98.8,3.18,67.5,87.8,71.0,100.0,bueno,0.57,0.001,2.3,5.58,71.73,4.51,49.77,28.46,23.68,baja,848.0,0,425.0,5,52.2,9.1,22.72,"Segmento de 143 m en estado bueno: índice de condición 88/100 (intervalo 90 %: 71–100). Detecciones: 2 grietas longitudinales, 9 baches. Rugosidad IRI 3.2 m/km. Contexto: hospital a 425 m, 5 siniestros a 250 m. Prioridad baja (24/100).",mantenimiento_rutinario,rutinaria_12_meses,plantilla,det=detector_cpu;fusion=ensamble10,20260930-2219,79.4,satisfactorio,Daño dominante: ninguno; acción según estado bueno.
838,T2-IN-0092,despliegue,India,10,1003680,4.722958,-74.023706,d2g6gec,47.5,2026-07-12 11:37,sim_pred,2,0,0,0,0.18,100.0,100.0,100.0,98.8,98.8,4.26,55.6,83.7,66.8,100.0,satisfactorio,0.474,0.004,2.5,14.92,71.73,1.37,96.55,31.41,22.37,baja,8574.0,0,1118.0,2,147.0,0.0,23.42,Segmento de 48 m en estado satisfactorio: índice de condición 84/100 (intervalo 90 %: 67–100). Detecciones: 2 grietas longitudinales. Rugosidad IRI 4.3 m/km. Contexto: 2 siniestros a 250 m. Prioridad baja (22/100).,sellado_de_fisuras,rutinaria_12_meses,plantilla,det=detector_cpu;fusion=ensamble10,20260930-2219,,,Daño dominante: ninguno; acción según estado satisfactorio.
839,T1-CZ-0002,despliegue,Czech,10,5003506,4.50639,-74.100608,d2g39u3,85.2,2026-09-12 10:48,sim_pred,78,0,0,0,3.15,100.0,100.0,100.0,100.0,100.0,1.78,87.0,95.4,78.6,100.0,bueno,0.816,0.0,2.4,14.92,71.73,17.03,67.87,35.33,21.87,baja,7935.0,0,616.0,8,71.3,11.7,23.42,"Segmento de 85 m en estado bueno: índice de condición 95/100 (intervalo 90 %: 79–100). Detecciones: 78 grietas longitudinales. Rugosidad IRI 1.8 m/km. Contexto: hospital a 616 m, 8 siniestros a 250 m. Prioridad baja (22/100).",mantenimiento_rutinario,rutinaria_12_meses,plantilla,det=detector_cpu;fusion=ensamble10,20260930-2219,,,Daño dominante: ninguno; acción según estado bueno.
840,TR-CZ-0248,test,Czech,10,4006550,4.527706,-74.093898,d2g3cbn,79.3,2026-07-06 11:06,sim_gt,23,0,2,1,3.92,100.0,100.0,97.7,98.7,97.2,3.51,63.7,85.5,68.7,100.0,satisfactorio,0.436,0.002,2.36,2.21,71.73,3.53,36.91,26.87,19.46,baja,6871.0,0,1357.0,3,44.2,40.4,19.97,"Segmento de 79 m en estado satisfactorio: índice de condición 86/100 (intervalo 90 %: 69–100). Detecciones: 23 grietas longitudinales, 2 piel de cocodrilo, 1 baches. Rugosidad IRI 3.5 m/km. Contexto: 3 siniestros a 250 m. Prioridad baja (20/100).",sellado_de_fisuras,rutinaria_12_meses,plantilla,det=detector_cpu;fusion=ensamble10,20260930-2219,76.8,satisfactorio,Daño dominante: ninguno; acción según estado satisfactorio.
841,TR-CZ-0021,test,Czech,10,11014285,4.82391,-74.051091,d2g76yj,97.1,2026-08-16 09:48,sim_gt,39,0,1,4,3.5,100.0,100.0,100.0,98.3,98.3,2.98,70.0,88.4,71.6,100.0,bueno,0.591,0.001,2.54,6.56,71.73,0.72,83.69,27.91,18.11,baja,7002.0,0,6557.0,0,85.0,0.0,23.01,"Segmento de 97 m en estado bueno: índice de condición 88/100 (intervalo 90 %: 72–100). Detecciones: 39 grietas longitudinales, 1 piel de cocodrilo, 4 baches. Rugosidad IRI 3.0 m/km. Prioridad baja (18/100).",mantenimiento_rutinario,rutinaria_12_meses,plantilla,det=detector_cpu;fusion=ensamble10,20260930-2219,76.2,satisfactorio,Daño dominante: ninguno; acción según estado bueno.
